Date,Time,Booking ID,Booking Status,Customer ID,Vehicle Type,Pickup Location,Drop Location,Avg VTAT,Avg CTAT,Cancelled Rides by Customer,Reason for cancelling by Customer,Cancelled Rides by Driver,Driver Cancellation Reason,Incomplete Rides,Incomplete Rides Reason,Booking Value,Ride Distance,Driver Ratings,Customer Rating,Payment Method
2024-12-05,21:28:15,"""CNR2063814""",Incomplete,"""CID8793399""",Go Sedan,Kalkaji,Munirka,4.5,17.4,,,,,1.0,Customer Demand,492.0,4.42,,,UPI
2024-11-03,14:56:23,"""CNR9640949""",Completed,"""CID4579340""",Auto,Sarai Kale Khan,Panchsheel Park,3.1,33.9,,,,,,,744.0,15.09,3.9,3.9,Cash
2024-08-22,09:47:33,"""CNR7870317""",Completed,"""CID6209020""",eBike,Samaypur Badli,Khan Market,10.9,26.3,,,,,,,402.0,35.18,4.3,3.8,Debit Card
2024-12-10,21:57:29,"""CNR9633500""",Completed,"""CID3530034""",eBike,Shahdara,Kaushambi,4.2,17.3,,,,,,,491.0,45.94,4.8,4.7,UPI
2024-04-22,08:43:46,"""CNR9099087""",Incomplete,"""CID3828949""",Go Sedan,Noida Film City,Kadarpur,9.6,22.8,,,,,1.0,Vehicle Breakdown,998.0,10.29,,,Debit Card
2024-11-05,10:46:24,"""CNR5211622""",Incomplete,"""CID7614830""",Go Mini,Maidan Garhi,Kadarpur,8.3,17.6,,,,,1.0,Customer Demand,475.0,3.77,,,UPI
2024-02-23,16:04:50,"""CNR7846018""",Completed,"""CID4874240""",Go Sedan,Anand Vihar ISBT,Kashmere Gate ISBT,6.2,41.1,,,,,,,178.0,44.97,4.3,4.9,UPI
2024-04-06,19:14:45,"""CNR1888045""",Cancelled by Driver,"""CID4827961""",Go Sedan,Badarpur,South Extension,10.3,,,,1.0,The customer was coughing/sick,,,,,,,
2024-01-15,22:27:59,"""CNR8800243""",Completed,"""CID4424320""",Auto,Adarsh Nagar,Paharganj,11.6,40.9,,,,,,,354.0,5.14,4.2,4.8,UPI
2024-09-12,07:05:37,"""CNR5389773""",Completed,"""CID3260888""",Bike,Shahdara,Raj Nagar Extension,3.7,37.6,,,,,,,378.0,29.59,3.4,4.6,Uber Wallet
2024-03-20,08:25:06,"""CNR4167845""",Cancelled by Driver,"""CID5137751""",Auto,Kalkaji,Nehru Place,8.4,,,,1.0,The customer was coughing/sick,,,,,,,
2024-06-25,15:19:53,"""CNR7147907""",Completed,"""CID4852766""",Auto,IGI Airport,Peeragarhi,9.6,21.6,,,,,,,426.0,7.75,4.1,4.2,Cash
2024-06-25,19:58:34,"""CNR2610091""",Cancelled by Driver,"""CID6010523""",Auto,Gwal Pahari,Saidulajab,11.8,,,,1.0,Customer related issue,,,,,,,
2024-03-23,16:24:51,"""CNR2841005""",Completed,"""CID8752031""",Auto,Sarojini Nagar,Indirapuram,12.8,36.9,,,,,,,516.0,9.34,3.8,4.1,Cash
2024-11-05,05:22:07,"""CNR7166737""",Completed,"""CID2607874""",Go Mini,Model Town,Aya Nagar,2.6,24.5,,,,,,,98.0,20.07,3.8,4.8,Uber Wallet
2024-08-16,21:42:58,"""CNR3803395""",Cancelled by Driver,"""CID5386370""",Premier Sedan,Hauz Khas,Anand Vihar ISBT,10.5,,,,1.0,Personal & Car related issues,,,,,,,
2024-01-04,10:21:36,"""CNR1470974""",Completed,"""CID4622805""",Auto,Nawada,Chandni Chowk,7.2,31.7,,,,,,,435.0,20.63,4.2,4.5,UPI
2024-06-05,20:39:38,"""CNR4673899""",Completed,"""CID8269840""",Bike,Kashmere Gate ISBT,Tilak Nagar,8.4,16.7,,,,,,,626.0,44.36,4.2,4.2,Cash
2024-11-06,16:22:19,"""CNR6244018""",Completed,"""CID1955256""",Go Mini,Chirag Delhi,Mansarovar Park,6.1,21.6,,,,,,,709.0,42.79,4.2,4.9,Cash
2024-03-26,14:14:50,"""CNR7707740""",Completed,"""CID2436093""",Go Mini,DLF City Court,Khan Market,6.6,34.1,,,,,,,243.0,27.67,4.1,5.0,UPI
2024-05-11,09:53:01,"""CNR2621749""",No Driver Found,"""CID3265065""",eBike,Mayur Vihar,IIT Delhi,,,,,,,,,,,,,
2024-08-11,06:33:18,"""CNR9639112""",Cancelled by Driver,"""CID3063483""",Go Mini,Ashok Park Main,DLF City Court,11.0,,,,1.0,Customer related issue,,,,,,,
2024-06-26,07:08:44,"""CNR1083609""",Completed,"""CID6757547""",Go Mini,Basai Dhankot,Sikanderpur,7.1,29.6,,,,,,,369.0,46.28,4.4,4.5,Cash
2024-11-21,19:50:31,"""CNR8969590""",Completed,"""CID3171178""",Auto,Green Park,GTB Nagar,14.1,29.8,,,,,,,789.0,22.18,3.8,4.7,UPI
2024-07-18,05:21:00,"""CNR3639561""",Completed,"""CID6660614""",Bike,Anand Vihar,DLF City Court,6.1,42.2,,,,,,,130.0,41.63,3.6,3.7,UPI
2024-07-15,11:32:43,"""CNR3397738""",No Driver Found,"""CID9172046""",Auto,Nehru Place,Model Town,,,,,,,,,,,,,
2024-05-09,20:15:58,"""CNR6728666""",Completed,"""CID1515016""",Premier Sedan,Sushant Lok,Arjangarh,12.1,23.8,,,,,,,930.0,48.44,4.4,4.8,Uber Wallet
2024-05-22,10:00:12,"""CNR2532613""",Incomplete,"""CID6396057""",Auto,Patel Chowk,Dwarka Mor,3.6,27.0,,,,,1.0,Other Issue,932.0,13.38,,,Credit Card
2024-04-30,18:39:58,"""CNR7457614""",Completed,"""CID6699254""",Go Mini,Mayur Vihar,Qutub Minar,10.1,42.4,,,,,,,256.0,15.12,4.6,4.6,UPI
2024-03-05,18:17:55,"""CNR2410545""",Cancelled by Customer,"""CID2484864""",Auto,Ambience Mall,DLF City Court,17.2,,1.0,Change of plans,,,,,,,,,
2024-10-11,16:04:19,"""CNR8509922""",Cancelled by Customer,"""CID4536955""",Auto,Sultanpur,Old Gurgaon,6.3,,1.0,Driver is not moving towards pickup location,,,,,,,,,
2024-09-29,08:20:09,"""CNR7472651""",Completed,"""CID5129504""",Go Mini,Jhilmil,Ghaziabad,6.2,29.4,,,,,,,623.0,16.97,3.7,4.9,UPI
2024-02-26,23:02:25,"""CNR5033030""",Completed,"""CID6146427""",Go Mini,Udyog Vihar Phase 4,Rajiv Nagar,10.9,16.1,,,,,,,449.0,10.36,4.8,4.6,Credit Card
2024-11-11,20:25:43,"""CNR9004692""",Incomplete,"""CID4187418""",Go Mini,Ambience Mall,Chirag Delhi,3.7,12.3,,,,,1.0,Customer Demand,152.0,5.67,,,UPI
2024-05-22,11:25:38,"""CNR5234772""",Cancelled by Customer,"""CID9902693""",Go Mini,Chhatarpur,Bhiwadi,16.0,,1.0,Change of plans,,,,,,,,,
2024-10-02,09:48:01,"""CNR5024822""",Cancelled by Driver,"""CID3275466""",eBike,Moti Nagar,Ashok Vihar,11.4,,,,1.0,The customer was coughing/sick,,,,,,,
2024-05-18,19:51:06,"""CNR7399325""",No Driver Found,"""CID7418391""",Bike,Dwarka Mor,Karkarduma,,,,,,,,,,,,,
2024-10-26,23:50:24,"""CNR2666106""",Cancelled by Driver,"""CID5347336""",Uber XL,Peeragarhi,Green Park,8.8,,,,1.0,Customer related issue,,,,,,,
2024-08-04,18:07:11,"""CNR3988622""",Completed,"""CID3974055""",Auto,Azadpur,Mayur Vihar,4.9,19.7,,,,,,,1482.0,7.32,3.2,4.2,Credit Card
2024-10-25,16:07:29,"""CNR7865430""",Cancelled by Customer,"""CID1618684""",Uber XL,Mayur Vihar,Nawada,8.2,,1.0,Wrong Address,,,,,,,,,
2024-02-08,23:01:51,"""CNR5154403""",Incomplete,"""CID7586315""",Go Sedan,Rohini West,Udyog Vihar Phase 4,3.5,25.6,,,,,1.0,Vehicle Breakdown,604.0,6.36,,,Cash
2024-12-21,14:16:24,"""CNR9524961""",Completed,"""CID3126351""",Auto,INA Market,Pragati Maidan,13.1,20.2,,,,,,,1199.0,44.53,3.2,4.3,Cash
2024-04-28,12:05:20,"""CNR1249800""",Completed,"""CID4212363""",Go Sedan,Khan Market,Greater Kailash,13.0,21.6,,,,,,,437.0,42.22,3.6,4.6,UPI
2024-12-28,16:19:37,"""CNR4147228""",Cancelled,"""CID9836238""",Premier Sedan,Sultanpur,IIT Delhi,11.6,19.5,,,,,,,307.0,45.39,4.1,4.6,UPI
2024-08-09,15:15:45,"""CNR7305929""",Completed,"""CID2682716""",Bike,Tis Hazari,Khan Market,10.4,23.3,,,,,,,497.0,16.37,4.1,4.3,Cash
2024-09-10,09:07:28,"""CNR7702943""",Completed,"""CID8666686""",Go Mini,Rajouri Garden,Sikanderpur,12.8,24.8,,,,,,,72.0,35.05,4.6,4.8,UPI
2024-06-06,11:03:17,"""CNR9981916""",Completed,"""CID5798277""",eBike,Shahdara,Gurgaon Railway Station,7.1,43.5,,,,,,,409.0,49.94,4.4,4.6,Cash
2024-08-11,21:54:09,"""CNR8800141""",Completed,"""CID7097857""",Auto,Dwarka Mor,Chhatarpur,5.4,29.9,,,,,,,1319.0,25.33,4.7,4.4,UPI
2024-02-06,10:28:45,"""CNR1124541""",Completed,"""CID8304414""",Go Sedan,INA Market,South Extension,6.6,43.0,,,,,,,577.0,27.93,4.8,4.2,Uber Wallet
2024-09-20,16:46:38,"""CNR3486515""",Cancelled by Customer,"""CID6871940""",Bike,Shahdara,DLF City Court,13.9,,1.0,Driver is not moving towards pickup location,,,,,,,,,
2024-05-26,20:02:27,"""CNR8618977""",Completed,"""CID1958520""",Premier Sedan,Shastri Park,Rithala,9.7,31.4,,,,,,,325.0,25.67,3.7,4.3,Debit Card
2024-10-31,23:10:07,"""CNR2476081""",Cancelled by Customer,"""CID3394822""",Uber XL,Punjabi Bagh,IMT Manesar,9.0,,1.0,Wrong Address,,,,,,,,,
2024-06-15,12:58:41,"""CNR7500454""",Completed,"""CID6010036""",Premier Sedan,Ramesh Nagar,Shahdara,12.2,25.3,,,,,,,353.0,9.0,4.2,4.2,UPI
2024-03-31,19:00:51,"""CNR7320730""",Completed,"""CID5065449""",eBike,Punjabi Bagh,Sarai Kale Khan,5.8,20.7,,,,,,,1309.0,4.63,4.4,4.9,Cash
2024-09-13,09:24:56,"""CNR1310231""",Incomplete,"""CID1645862""",Bike,Tilak Nagar,Lajpat Nagar,6.1,23.7,,,,,1.0,Other Issue,353.0,16.15,,,UPI
2024-07-25,22:05:15,"""CNR8067684""",Completed,"""CID4456245""",Go Sedan,Mehrauli,Sarojini Nagar,10.2,40.0,,,,,,,465.0,22.34,3.8,4.7,UPI
2024-05-28,04:12:39,"""CNR8838290""",Cancelled by Driver,"""CID6301657""",Bike,Tilak Nagar,Sarai Kale Khan,3.0,,,,1.0,More than permitted people in there,,,,,,,
2024-05-13,12:23:13,"""CNR7893433""",Cancelled by Driver,"""CID5602635""",Go Mini,Nehru Place,Lajpat Nagar,8.8,,,,1.0,Personal & Car related issues,,,,,,,
2024-07-08,11:59:44,"""CNR7146408""",Completed,"""CID4489233""",Premier Sedan,Preet Vihar,Vatika Chowk,3.7,28.6,,,,,,,86.0,12.26,4.3,4.4,UPI
2024-11-14,11:11:30,"""CNR3964256""",Completed,"""CID8818706""",Go Sedan,Kalkaji,Kaushambi,12.6,20.7,,,,,,,219.0,16.74,4.2,4.4,Credit Card
2024-02-10,17:16:11,"""CNR8311923""",Cancelled by Customer,"""CID4189697""",Go Sedan,Peeragarhi,Noida Sector 62,5.7,,1.0,Driver is not moving towards pickup location,,,,,,,,,
2024-12-23,20:01:30,"""CNR6363304""",Cancelled,"""CID4697555""",Go Sedan,Kalkaji,Ghitorni,5.2,24.2,,,,,,,236.0,12.5,4.3,3.2,Cash
2024-08-19,14:54:12,"""CNR9918956""",No Driver Found,"""CID4457571""",eBike,Central Secretariat,Tughlakabad,,,,,,,,,,,,,
2024-05-06,19:58:42,"""CNR7853140""",Completed,"""CID8851131""",Premier Sedan,Noida Film City,Anand Vihar ISBT,13.1,30.6,,,,,,,267.0,28.24,4.3,4.9,UPI
2024-01-02,21:40:33,"""CNR5060204""",Cancelled by Customer,"""CID4505010""",Auto,Lajpat Nagar,Paharganj,13.9,,1.0,Wrong Address,,,,,,,,,
2024-12-28,18:11:21,"""CNR4889694""",Cancelled,"""CID2508087""",Premier Sedan,Ghaziabad,Noida Sector 62,10.5,25.3,,,,,,,915.0,41.02,4.3,4.7,Uber Wallet
2024-10-13,08:18:07,"""CNR1044461""",Cancelled by Driver,"""CID9219266""",Auto,Huda City Centre,Moti Nagar,10.7,,,,1.0,More than permitted people in there,,,,,,,
2024-11-03,20:02:43,"""CNR6464419""",No Driver Found,"""CID5040212""",Bike,Khandsa,Narsinghpur,,,,,,,,,,,,,
2024-04-14,14:33:55,"""CNR1280223""",Cancelled by Customer,"""CID4423035""",eBike,Inderlok,IFFCO Chowk,10.3,,1.0,Wrong Address,,,,,,,,,
2024-11-30,21:49:38,"""CNR1567449""",Completed,"""CID1718440""",eBike,Gurgaon Sector 56,Keshav Puram,7.8,20.8,,,,,,,1103.0,17.81,4.6,4.4,Uber Wallet
2024-10-08,19:41:44,"""CNR2535265""",Cancelled by Customer,"""CID6659794""",Auto,RK Puram,Moolchand,11.3,,1.0,Driver asked to cancel,,,,,,,,,
2024-03-13,10:57:35,"""CNR5037080""",Completed,"""CID2310108""",Auto,Saket A Block,Connaught Place,11.4,42.1,,,,,,,442.0,42.54,4.5,4.9,Credit Card
2024-03-20,00:01:54,"""CNR3756586""",Completed,"""CID6829492""",Bike,Ashok Park Main,Kaushambi,7.6,25.7,,,,,,,289.0,21.8,4.4,4.6,UPI
2024-08-28,17:48:55,"""CNR7432979""",Cancelled by Driver,"""CID4615473""",Auto,Lok Kalyan Marg,Ramesh Nagar,7.2,,,,1.0,More than permitted people in there,,,,,,,
2024-06-11,12:23:51,"""CNR7909621""",Completed,"""CID4734680""",Premier Sedan,Faridabad Sector 15,Preet Vihar,7.7,29.7,,,,,,,571.0,46.71,5.0,4.9,UPI
2024-05-10,17:33:35,"""CNR6293003""",Completed,"""CID1380740""",Premier Sedan,Okhla,Inderlok,12.3,40.5,,,,,,,148.0,9.42,4.3,4.9,UPI
2024-05-10,09:22:24,"""CNR9194301""",Completed,"""CID2405425""",eBike,Jasola,Pulbangash,9.6,23.7,,,,,,,841.0,25.64,4.4,4.6,UPI
2024-06-15,19:47:10,"""CNR3639625""",Completed,"""CID8871428""",Go Mini,Vinobapuri,Noida Sector 18,3.0,36.7,,,,,,,1087.0,47.73,4.1,4.3,Credit Card
2024-09-28,19:20:27,"""CNR1107953""",Completed,"""CID6474683""",Go Mini,Tughlakabad,Laxmi Nagar,7.7,41.4,,,,,,,530.0,15.87,4.1,4.6,Cash
2024-03-31,16:17:15,"""CNR5816927""",Completed,"""CID7759206""",Premier Sedan,Sikanderpur,Ashok Park Main,3.4,41.8,,,,,,,1125.0,48.29,3.5,4.6,UPI
2024-03-16,21:39:54,"""CNR1100256""",Completed,"""CID1186510""",Go Sedan,Civil Lines Gurgaon,Dilshad Garden,10.2,40.9,,,,,,,1433.0,44.99,3.7,4.8,Uber Wallet
2024-10-09,23:34:18,"""CNR3108661""",Cancelled by Driver,"""CID4820184""",Premier Sedan,Madipur,Botanical Garden,8.1,,,,1.0,Personal & Car related issues,,,,,,,
2024-06-07,09:27:24,"""CNR6617170""",Completed,"""CID7147593""",Auto,Rohini,Jama Masjid,12.2,35.1,,,,,,,168.0,35.9,3.9,5.0,UPI
2024-04-26,13:58:52,"""CNR3620999""",Incomplete,"""CID3672872""",Auto,Nawada,Jahangirpuri,7.4,25.3,,,,,1.0,Customer Demand,169.0,6.25,,,Uber Wallet
2024-07-05,06:37:27,"""CNR3316492""",No Driver Found,"""CID3470136""",Bike,Sadar Bazar Gurgaon,IIT Delhi,,,,,,,,,,,,,
2024-02-11,12:01:41,"""CNR6385168""",Cancelled by Driver,"""CID9337774""",Auto,Ashram,Sarai Kale Khan,10.1,,,,1.0,Customer related issue,,,,,,,
2024-07-03,17:40:51,"""CNR5536038""",Completed,"""CID4527436""",Premier Sedan,Ardee City,Delhi Gate,8.7,15.1,,,,,,,806.0,28.31,4.0,5.0,Cash
2024-06-12,09:10:59,"""CNR1251634""",Cancelled by Driver,"""CID7559698""",Go Sedan,Shivaji Park,Gurgaon Sector 29,8.0,,,,1.0,Personal & Car related issues,,,,,,,
2024-12-22,18:30:59,"""CNR2963325""",Completed,"""CID9286929""",Bike,Kaushambi,India Gate,2.3,27.7,,,,,,,89.0,25.49,4.2,4.9,Cash
2024-10-10,12:02:54,"""CNR2466645""",Completed,"""CID4238356""",Auto,Barakhamba Road,Punjabi Bagh,4.4,30.1,,,,,,,691.0,3.68,4.2,3.9,UPI
2024-08-03,20:30:33,"""CNR7435136""",Completed,"""CID6305235""",Auto,Rohini West,Lajpat Nagar,12.1,24.8,,,,,,,509.0,25.0,3.8,3.7,Uber Wallet
2024-05-07,15:34:06,"""CNR2469139""",Completed,"""CID7431252""",eBike,Badshahpur,Kalkaji,10.4,33.0,,,,,,,93.0,10.17,3.1,4.8,UPI
2024-07-20,15:20:09,"""CNR3093191""",No Driver Found,"""CID2493431""",Bike,Nehru Place,Connaught Place,,,,,,,,,,,,,
2024-05-27,04:56:23,"""CNR1050521""",Incomplete,"""CID5655412""",Premier Sedan,Noida Film City,Faridabad Sector 15,5.5,22.4,,,,,1.0,Vehicle Breakdown,246.0,9.94,,,UPI
2024-08-30,12:10:59,"""CNR5425919""",Completed,"""CID7866542""",Go Sedan,Golf Course Road,Anand Vihar ISBT,2.1,16.3,,,,,,,276.0,10.64,4.9,4.3,Debit Card
2024-04-15,06:21:20,"""CNR4163470""",Cancelled by Customer,"""CID4359314""",Auto,IGNOU Road,Udyog Bhawan,17.2,,1.0,Wrong Address,,,,,,,,,
2024-02-09,08:32:12,"""CNR5618943""",Incomplete,"""CID1656841""",Go Mini,Karol Bagh,Ghaziabad,3.8,29.3,,,,,1.0,Customer Demand,373.0,2.13,,,Credit Card
2024-01-12,05:20:44,"""CNR5607730""",Completed,"""CID1654257""",Auto,Noida Sector 62,Aya Nagar,9.3,30.4,,,,,,,270.0,13.28,4.1,4.2,Cash
2024-06-24,15:59:08,"""CNR5770156""",Completed,"""CID5828928""",Go Sedan,Badarpur,Ambience Mall,14.8,16.6,,,,,,,2371.0,48.96,4.5,4.5,Cash
2024-12-16,06:01:56,"""CNR4296866""",Cancelled by Driver,"""CID3243177""",eBike,Gurgaon Railway Station,Jhilmil,5.8,,,,1.0,The customer was coughing/sick,,,,,,,
2024-01-21,11:31:14,"""CNR6795465""",Completed,"""CID8797029""",Go Mini,Anand Vihar ISBT,Gurgaon Sector 29,12.3,31.4,,,,,,,285.0,47.03,3.1,4.6,UPI
2024-12-11,09:32:11,"""CNR8682736""",Cancelled by Customer,"""CID3441980""",Premier Sedan,Raj Nagar Extension,Anand Vihar,16.3,,1.0,Driver asked to cancel,,,,,,,,,
2024-07-12,16:36:45,"""CNR2480576""",Cancelled by Driver,"""CID6685394""",Uber XL,Patel Chowk,Connaught Place,4.6,,,,1.0,More than permitted people in there,,,,,,,
2024-05-26,12:47:39,"""CNR1114555""",Completed,"""CID2136733""",Go Sedan,Khandsa,Kherki Daula Toll,4.9,40.8,,,,,,,1118.0,14.83,4.6,4.3,Debit Card
2024-04-22,10:43:13,"""CNR3553776""",Completed,"""CID3126244""",eBike,Model Town,Saket,13.0,43.1,,,,,,,505.0,39.17,4.6,5.0,Uber Wallet
2024-10-06,15:32:00,"""CNR1482846""",Cancelled by Customer,"""CID5664357""",Premier Sedan,Jhilmil,South Extension,12.4,,1.0,Change of plans,,,,,,,,,
2024-10-23,08:11:09,"""CNR5580156""",No Driver Found,"""CID6368309""",Go Mini,Nawada,Civil Lines Gurgaon,,,,,,,,,,,,,
2024-10-04,19:52:28,"""CNR8500348""",Cancelled by Driver,"""CID6274209""",Auto,Badshahpur,Ghitorni,9.8,,,,1.0,Personal & Car related issues,,,,,,,
2024-12-23,22:58:02,"""CNR4054030""",Cancelled,"""CID7328616""",Auto,Shivaji Park,Mandi House,6.2,40.6,,,,,,,776.0,25.81,4.4,4.6,Cash
2024-02-24,10:21:47,"""CNR3372012""",Completed,"""CID3199655""",Go Sedan,RK Puram,Punjabi Bagh,7.4,26.8,,,,,,,1182.0,40.08,4.7,3.8,Uber Wallet
2024-08-04,09:51:12,"""CNR6668907""",Cancelled by Driver,"""CID8768583""",Go Mini,Saket A Block,Rajiv Chowk,8.2,,,,1.0,More than permitted people in there,,,,,,,
2024-01-04,12:50:57,"""CNR3117927""",Cancelled by Driver,"""CID5613738""",Auto,Shivaji Park,Indirapuram,9.3,,,,1.0,Personal & Car related issues,,,,,,,
2024-12-23,14:23:01,"""CNR8858728""",Cancelled,"""CID6365704""",Auto,Mandi House,Okhla,4.4,17.3,,,,,1.0,Vehicle Breakdown,189.0,2.02,,,Credit Card
2024-09-22,19:38:58,"""CNR2892692""",Cancelled by Driver,"""CID8017971""",eBike,ITO,Lal Quila,6.0,,,,1.0,The customer was coughing/sick,,,,,,,
2024-09-24,11:08:37,"""CNR4191229""",Cancelled by Driver,"""CID7955206""",Go Sedan,Rohini,Bhiwadi,4.8,,,,1.0,More than permitted people in there,,,,,,,
2024-10-06,12:36:00,"""CNR3752626""",Completed,"""CID7132974""",Premier Sedan,Chhatarpur,Hero Honda Chowk,6.6,34.0,,,,,,,507.0,29.93,4.1,5.0,Uber Wallet
2024-05-01,22:43:40,"""CNR9922936""",Cancelled by Driver,"""CID1174811""",Auto,DLF City Court,Moolchand,7.2,,,,1.0,Personal & Car related issues,,,,,,,
2024-12-16,11:57:34,"""CNR1520398""",Completed,"""CID2401894""",Premier Sedan,Model Town,Sohna Road,14.0,26.6,,,,,,,596.0,21.54,3.9,3.0,Cash
2024-07-24,11:22:04,"""CNR4528515""",Completed,"""CID3639491""",Bike,Badarpur,Qutub Minar,7.7,39.9,,,,,,,128.0,13.6,3.2,4.9,Uber Wallet
2024-01-01,23:12:03,"""CNR1917264""",Completed,"""CID7411649""",Bike,Akshardham,Chhatarpur,7.5,24.3,,,,,,,843.0,38.37,4.6,3.2,Cash
2024-05-27,09:44:02,"""CNR4491467""",Completed,"""CID7645127""",Bike,Kashmere Gate,Hauz Khas,6.3,18.2,,,,,,,131.0,12.81,4.3,3.3,UPI
2024-11-24,13:18:20,"""CNR5197690""",Completed,"""CID6665996""",Go Sedan,Shahdara,Rohini West,11.2,37.6,,,,,,,220.0,20.21,4.1,4.4,UPI
2024-08-20,07:26:46,"""CNR6013833""",Completed,"""CID1157311""",Go Mini,Indraprastha,Samaypur Badli,14.9,37.4,,,,,,,93.0,8.54,4.3,4.0,UPI
2024-11-04,08:47:02,"""CNR3423627""",Completed,"""CID4745629""",Premier Sedan,Saket A Block,New Delhi Railway Station,13.4,36.6,,,,,,,789.0,15.93,3.5,4.7,Cash
2024-04-23,19:35:00,"""CNR7803447""",Completed,"""CID2347649""",Go Sedan,DLF Phase 3,New Colony,5.5,16.6,,,,,,,846.0,43.12,3.7,4.9,UPI
2024-03-25,08:52:01,"""CNR1031321""",No Driver Found,"""CID7491310""",Go Mini,Civil Lines Gurgaon,Rohini,,,,,,,,,,,,,
2024-10-30,09:01:38,"""CNR2228228""",Cancelled by Driver,"""CID8706260""",Go Mini,New Colony,IIT Delhi,12.0,,,,1.0,Customer related issue,,,,,,,
2024-04-17,20:58:28,"""CNR8185299""",Cancelled by Driver,"""CID3544538""",Go Sedan,Vishwavidyalaya,Badarpur,9.6,,,,1.0,Personal & Car related issues,,,,,,,
2024-07-09,07:04:35,"""CNR4428079""",Cancelled by Customer,"""CID3408525""",Bike,Gurgaon Sector 29,Sarojini Nagar,17.7,,1.0,Driver asked to cancel,,,,,,,,,
2024-06-09,21:04:51,"""CNR7912924""",Cancelled by Driver,"""CID1778676""",Go Mini,Netaji Subhash Place,Badshahpur,10.4,,,,1.0,Personal & Car related issues,,,,,,,
2024-12-01,10:41:34,"""CNR3963262""",Completed,"""CID2150302""",Go Sedan,Ashok Vihar,Vatika Chowk,14.3,44.0,,,,,,,565.0,12.12,3.7,4.6,Uber Wallet
2024-09-24,11:47:40,"""CNR3514194""",Cancelled by Driver,"""CID8038372""",Go Sedan,Ardee City,Sikanderpur,3.0,,,,1.0,Customer related issue,,,,,,,
2024-08-13,22:50:14,"""CNR4167517""",Completed,"""CID3175057""",Auto,Badshahpur,Greater Noida,12.6,41.3,,,,,,,709.0,41.58,4.2,4.6,UPI
2024-11-25,20:53:14,"""CNR1888991""",Completed,"""CID6745084""",Premier Sedan,Samaypur Badli,Badshahpur,7.8,16.1,,,,,,,222.0,32.26,4.8,4.9,Cash
2024-02-02,09:10:30,"""CNR2631788""",Incomplete,"""CID8325987""",Go Sedan,Maidan Garhi,Laxmi Nagar,9.6,27.8,,,,,1.0,Vehicle Breakdown,432.0,2.97,,,Cash
2024-01-04,07:02:00,"""CNR3045253""",Cancelled by Driver,"""CID2537714""",Go Mini,Manesar,Panipat,7.1,,,,1.0,Personal & Car related issues,,,,,,,
2024-06-06,07:08:25,"""CNR3964892""",Completed,"""CID8079631""",Go Sedan,Raj Nagar Extension,Manesar,8.8,21.5,,,,,,,339.0,23.1,4.6,4.8,Uber Wallet
2024-10-29,18:22:37,"""CNR5558422""",Completed,"""CID2956647""",Go Sedan,Khandsa,Peeragarhi,4.9,29.5,,,,,,,426.0,31.67,4.3,4.8,Uber Wallet
2024-02-17,19:37:26,"""CNR5957412""",Incomplete,"""CID2957338""",Go Mini,Indraprastha,Panchsheel Park,7.3,17.5,,,,,1.0,Vehicle Breakdown,117.0,10.7,,,UPI
2024-08-08,09:28:59,"""CNR5073667""",Completed,"""CID1631815""",eBike,Indirapuram,Bhikaji Cama Place,14.7,35.2,,,,,,,715.0,48.93,4.2,4.6,UPI
2024-06-17,06:37:14,"""CNR5861039""",Completed,"""CID8089321""",Go Sedan,Raj Nagar Extension,Pataudi Chowk,7.6,44.7,,,,,,,717.0,13.16,4.6,4.9,Cash
2024-06-20,18:17:35,"""CNR3686481""",Cancelled by Driver,"""CID8805657""",Premier Sedan,Khandsa,Gwal Pahari,11.4,,,,1.0,Customer related issue,,,,,,,
2024-02-15,11:46:43,"""CNR9427701""",No Driver Found,"""CID4599926""",Auto,Chirag Delhi,Raj Nagar Extension,,,,,,,,,,,,,
2024-12-13,17:33:20,"""CNR8147153""",Completed,"""CID7910877""",Uber XL,Noida Film City,Ambience Mall,5.7,44.1,,,,,,,363.0,38.07,4.5,4.2,UPI
2024-06-11,15:04:54,"""CNR2164800""",Completed,"""CID9290818""",Premier Sedan,Ashok Park Main,Punjabi Bagh,11.7,23.5,,,,,,,416.0,21.26,4.9,4.3,UPI
2024-12-02,09:31:21,"""CNR3180462""",Completed,"""CID4456675""",Go Mini,Yamuna Bank,Mansarovar Park,3.3,23.8,,,,,,,587.0,43.75,4.3,3.2,Debit Card
2024-08-10,19:17:29,"""CNR3326752""",Completed,"""CID2830734""",Auto,INA Market,Kadarpur,3.0,16.9,,,,,,,225.0,22.74,3.2,4.3,Debit Card
2024-08-31,11:43:45,"""CNR6406253""",Completed,"""CID6498929""",Auto,Manesar,Huda City Centre,5.4,26.6,,,,,,,275.0,35.85,3.6,4.3,UPI
2024-07-08,19:41:34,"""CNR2389860""",No Driver Found,"""CID2779056""",Auto,Vinobapuri,Sohna Road,,,,,,,,,,,,,
2024-05-27,22:47:11,"""CNR6065218""",Cancelled by Driver,"""CID6854975""",eBike,Vatika Chowk,Hauz Khas,6.2,,,,1.0,More than permitted people in there,,,,,,,
2024-09-28,00:43:21,"""CNR1676932""",Completed,"""CID1992692""",Auto,Indirapuram,Kalkaji,8.6,21.4,,,,,,,311.0,45.91,3.8,4.7,Uber Wallet
2024-06-08,09:18:00,"""CNR7313309""",Cancelled by Driver,"""CID6930625""",Go Sedan,Jor Bagh,Lajpat Nagar,8.0,,,,1.0,Customer related issue,,,,,,,
2024-12-22,14:58:53,"""CNR9539911""",Cancelled by Driver,"""CID8302552""",Bike,Meerut,Preet Vihar,4.1,,,,1.0,More than permitted people in there,,,,,,,
2024-05-05,18:45:28,"""CNR4470352""",Completed,"""CID1674730""",eBike,Mansarovar Park,Sikanderpur,10.7,44.1,,,,,,,251.0,22.21,4.5,4.5,Debit Card
2024-06-17,20:01:13,"""CNR1076192""",Completed,"""CID8360180""",Auto,Okhla,Palam Vihar,13.1,28.4,,,,,,,892.0,4.94,4.3,3.7,UPI
2024-09-16,18:13:00,"""CNR4273632""",No Driver Found,"""CID8953119""",Go Sedan,Dwarka Sector 21,Tughlakabad,,,,,,,,,,,,,
2024-07-20,21:21:29,"""CNR4762532""",Completed,"""CID5605693""",Bike,Shahdara,Ghaziabad,4.2,33.7,,,,,,,343.0,11.0,4.6,3.9,UPI
2024-02-11,20:00:23,"""CNR4343991""",Cancelled by Driver,"""CID2321789""",Auto,Gurgaon Sector 29,Kashmere Gate,10.3,,,,1.0,More than permitted people in there,,,,,,,
2024-07-12,11:00:49,"""CNR8676772""",Completed,"""CID2350412""",Auto,Jor Bagh,Gwal Pahari,6.9,40.3,,,,,,,788.0,28.79,3.6,3.4,Cash
2024-11-14,07:22:06,"""CNR9273207""",Completed,"""CID6366088""",Auto,Kirti Nagar,Mayur Vihar,5.2,42.4,,,,,,,475.0,42.48,4.9,4.2,Uber Wallet
2024-10-01,17:23:32,"""CNR3707787""",Cancelled by Driver,"""CID2747374""",Bike,Manesar,Khandsa,3.8,,,,1.0,More than permitted people in there,,,,,,,
2024-07-22,11:20:01,"""CNR4358681""",No Driver Found,"""CID2642336""",Go Mini,Nawada,Chanakyapuri,,,,,,,,,,,,,
2024-04-29,18:31:12,"""CNR8808270""",Completed,"""CID3161528""",Auto,Vasant Kunj,IFFCO Chowk,14.6,15.1,,,,,,,1719.0,29.66,4.2,4.6,Cash
2024-07-21,10:35:54,"""CNR6211344""",Completed,"""CID6364363""",Premier Sedan,Hauz Rani,Ramesh Nagar,2.8,24.5,,,,,,,665.0,43.43,3.6,4.7,Cash
2024-07-05,09:22:29,"""CNR8685002""",Completed,"""CID1700859""",Auto,Adarsh Nagar,Badarpur,9.5,24.6,,,,,,,474.0,32.21,4.3,4.1,Cash
2024-01-16,21:23:00,"""CNR3265459""",Cancelled by Driver,"""CID7064133""",Bike,Udyog Vihar Phase 4,Vidhan Sabha,7.4,,,,1.0,Customer related issue,,,,,,,
2024-06-08,08:10:40,"""CNR2884285""",Completed,"""CID5055065""",Go Sedan,Badarpur,Ramesh Nagar,6.0,22.1,,,,,,,532.0,22.87,3.4,4.5,Credit Card
2024-05-09,21:18:11,"""CNR3852337""",Cancelled by Driver,"""CID1781385""",Auto,Kashmere Gate,Pragati Maidan,3.8,,,,1.0,The customer was coughing/sick,,,,,,,
2024-07-01,10:10:34,"""CNR3793699""",Completed,"""CID7740911""",Bike,Tis Hazari,Dwarka Mor,10.9,34.3,,,,,,,676.0,7.9,3.8,4.5,UPI
2024-07-08,11:13:35,"""CNR4656638""",Completed,"""CID1523368""",Go Mini,Moolchand,Kalkaji,5.9,28.7,,,,,,,302.0,44.25,4.3,4.6,UPI
2024-09-24,10:41:54,"""CNR4025755""",Completed,"""CID6087081""",Bike,Paschim Vihar,Aya Nagar,2.7,26.5,,,,,,,451.0,9.61,4.3,4.2,UPI
2024-05-19,13:10:54,"""CNR6185297""",Cancelled by Driver,"""CID6101958""",Premier Sedan,Ashok Park Main,Saidulajab,4.6,,,,1.0,Customer related issue,,,,,,,
2024-05-03,10:00:43,"""CNR5688552""",Cancelled by Customer,"""CID8069682""",Go Mini,Laxmi Nagar,Cyber Hub,19.2,,1.0,Change of plans,,,,,,,,,
2024-02-13,21:10:22,"""CNR3890884""",Cancelled by Driver,"""CID8296860""",Go Sedan,Azadpur,Nirman Vihar,7.5,,,,1.0,Personal & Car related issues,,,,,,,
2024-03-30,13:43:56,"""CNR5804680""",Completed,"""CID5921510""",Premier Sedan,Malviya Nagar,Sadar Bazar Gurgaon,7.4,28.7,,,,,,,420.0,4.5,4.6,4.2,UPI
2024-06-13,08:14:24,"""CNR2833725""",Completed,"""CID2087186""",Auto,ITO,Rajiv Chowk,2.7,26.7,,,,,,,924.0,5.24,4.1,5.0,Cash
2024-04-01,14:31:45,"""CNR4168390""",Cancelled by Driver,"""CID4056590""",Bike,Satguru Ram Singh Marg,GTB Nagar,10.3,,,,1.0,More than permitted people in there,,,,,,,
2024-03-08,18:04:51,"""CNR9444563""",Completed,"""CID5098590""",eBike,Kanhaiya Nagar,Kherki Daula Toll,8.5,28.6,,,,,,,605.0,21.86,4.9,4.2,UPI
2024-07-04,14:04:32,"""CNR1426033""",Completed,"""CID3531760""",Bike,Green Park,AIIMS,8.5,37.5,,,,,,,710.0,27.17,4.2,4.5,UPI
2024-09-25,05:05:23,"""CNR8983989""",Completed,"""CID7243029""",eBike,Old Gurgaon,Indraprastha,4.0,39.2,,,,,,,92.0,4.83,3.1,4.2,Cash
2024-11-21,19:30:19,"""CNR4188233""",Completed,"""CID8625721""",Go Mini,Welcome,New Colony,14.0,33.7,,,,,,,204.0,33.67,4.2,4.9,Cash
2024-06-15,06:50:21,"""CNR7883217""",Completed,"""CID6974159""",Premier Sedan,Chandni Chowk,Noida Sector 18,11.0,25.3,,,,,,,535.0,32.84,4.3,4.3,Cash
2024-10-02,20:14:30,"""CNR9164614""",No Driver Found,"""CID7404342""",Bike,ITO,Chandni Chowk,,,,,,,,,,,,,
2024-06-04,19:13:29,"""CNR3058693""",Completed,"""CID1491892""",Auto,Dilshad Garden,Udyog Vihar,6.7,34.0,,,,,,,121.0,42.17,4.1,4.8,UPI
2024-12-30,16:53:21,"""CNR7256852""",Incomplete,"""CID8321587""",Go Sedan,Samaypur Badli,Aya Nagar,6.3,23.2,,,,,1.0,Other Issue,201.0,14.3,,,UPI
2024-10-30,08:33:32,"""CNR3765530""",Completed,"""CID5200005""",Bike,Ashram,Nehru Place,7.6,39.8,,,,,,,373.0,25.91,4.4,4.6,Uber Wallet
2024-05-11,19:25:15,"""CNR3479829""",Completed,"""CID6300690""",eBike,Raj Nagar Extension,Nehru Place,2.2,30.8,,,,,,,730.0,11.43,3.7,4.2,Cash
2024-02-28,14:52:05,"""CNR7211466""",Completed,"""CID3709148""",eBike,Tughlakabad,Samaypur Badli,6.1,18.4,,,,,,,688.0,30.5,4.3,4.2,UPI
2024-12-05,07:19:04,"""CNR8761657""",Completed,"""CID8636673""",Uber XL,Laxmi Nagar,Pulbangash,2.4,27.5,,,,,,,362.0,16.97,4.7,4.3,UPI
2024-11-18,21:50:50,"""CNR6987602""",Completed,"""CID6647263""",Go Sedan,Adarsh Nagar,Khan Market,2.1,39.4,,,,,,,118.0,39.79,3.7,4.3,Cash
2024-08-05,12:34:57,"""CNR1066653""",Completed,"""CID5733560""",Auto,Kirti Nagar,Uttam Nagar,10.5,29.9,,,,,,,357.0,25.59,4.6,4.2,UPI
2024-05-09,18:01:29,"""CNR1323646""",Completed,"""CID4112931""",Uber XL,Delhi Gate,Badarpur,10.6,31.8,,,,,,,145.0,33.45,3.9,4.6,Cash
2024-06-30,13:51:36,"""CNR4572674""",Completed,"""CID1979356""",Auto,DLF Phase 3,AIIMS,6.3,22.5,,,,,,,1023.0,9.86,4.2,4.2,UPI
2024-06-03,12:40:10,"""CNR5202528""",Cancelled by Driver,"""CID8737960""",Bike,Cyber Hub,Kashmere Gate ISBT,8.3,,,,1.0,Personal & Car related issues,,,,,,,
2024-10-12,14:12:58,"""CNR6407664""",Incomplete,"""CID8394845""",eBike,Lajpat Nagar,Kaushambi,4.5,22.6,,,,,1.0,Other Issue,1266.0,6.12,,,Cash
2024-03-05,05:42:15,"""CNR8879179""",Completed,"""CID9405918""",Auto,Chandni Chowk,Noida Sector 18,8.8,26.2,,,,,,,422.0,42.99,4.7,4.3,Debit Card
2024-06-08,11:57:33,"""CNR4973338""",Completed,"""CID8690476""",Premier Sedan,Yamuna Bank,Samaypur Badli,9.2,26.4,,,,,,,756.0,10.41,4.6,4.9,UPI
2024-07-18,07:24:32,"""CNR4040735""",Completed,"""CID5456320""",eBike,IMT Manesar,Uttam Nagar,9.6,44.2,,,,,,,514.0,23.54,3.0,3.7,UPI
2024-03-18,10:56:23,"""CNR1334676""",Cancelled by Customer,"""CID6137231""",Bike,Govindpuri,Uttam Nagar,10.0,,1.0,Driver is not moving towards pickup location,,,,,,,,,
2024-11-13,17:50:01,"""CNR9286419""",Completed,"""CID3213753""",Go Sedan,Rohini East,Huda City Centre,14.9,27.6,,,,,,,870.0,43.77,3.8,4.5,UPI
2024-07-23,20:12:34,"""CNR8946442""",Completed,"""CID4892017""",Go Mini,Nawada,Mundka,4.5,39.2,,,,,,,518.0,33.05,4.6,3.8,Uber Wallet
2024-06-16,17:22:03,"""CNR9508866""",Cancelled by Driver,"""CID7949786""",Auto,Kherki Daula Toll,Ghaziabad,4.2,,,,1.0,Personal & Car related issues,,,,,,,
2024-10-04,16:30:10,"""CNR2713741""",Incomplete,"""CID7395981""",Bike,Rajiv Nagar,Chirag Delhi,2.3,14.9,,,,,1.0,Other Issue,1449.0,12.11,,,Credit Card
2024-11-12,14:52:33,"""CNR7462352""",Completed,"""CID2583758""",eBike,Tilak Nagar,Shivaji Park,10.7,44.6,,,,,,,447.0,6.97,4.1,4.0,Debit Card
2024-08-30,17:41:11,"""CNR6147933""",Completed,"""CID8182383""",Go Sedan,Nehru Place,Adarsh Nagar,13.1,33.8,,,,,,,227.0,11.19,3.7,4.4,UPI
2024-10-26,16:19:29,"""CNR2005847""",Incomplete,"""CID3930025""",Premier Sedan,Rohini West,Samaypur Badli,7.4,16.1,,,,,1.0,Other Issue,630.0,15.83,,,Credit Card
2024-07-18,18:59:39,"""CNR2786026""",Completed,"""CID8905526""",Auto,Tagore Garden,Botanical Garden,14.8,32.9,,,,,,,443.0,6.57,4.6,4.4,Cash
2024-05-08,18:23:33,"""CNR4937719""",Completed,"""CID1780839""",Go Sedan,Tis Hazari,Preet Vihar,9.0,18.8,,,,,,,445.0,28.35,4.3,3.6,Cash
2024-03-21,17:51:26,"""CNR8137130""",Completed,"""CID1298881""",Auto,Tagore Garden,Dwarka Mor,6.5,44.0,,,,,,,221.0,47.98,4.8,4.9,UPI
2024-12-13,11:39:47,"""CNR7111042""",Cancelled by Customer,"""CID4916894""",Bike,Hauz Rani,Ashok Park Main,16.7,,1.0,Change of plans,,,,,,,,,
2024-06-21,19:10:57,"""CNR2934257""",Completed,"""CID6488681""",eBike,Green Park,Yamuna Bank,5.1,23.7,,,,,,,96.0,48.06,4.1,4.9,Cash
2024-03-27,02:22:56,"""CNR4691330""",Cancelled by Driver,"""CID6333877""",Premier Sedan,Qutub Minar,Saidulajab,4.2,,,,1.0,Personal & Car related issues,,,,,,,
2024-11-06,21:04:18,"""CNR3076955""",Cancelled by Driver,"""CID3261371""",Go Mini,Tis Hazari,Gwal Pahari,6.2,,,,1.0,Customer related issue,,,,,,,
2024-07-03,06:21:55,"""CNR9449684""",Completed,"""CID2604604""",Premier Sedan,Kashmere Gate,Vaishali,4.1,31.3,,,,,,,287.0,34.64,4.5,4.6,UPI
2024-07-16,11:00:26,"""CNR7646012""",Cancelled by Customer,"""CID1944547""",Bike,Akshardham,RK Puram,14.4,,1.0,Wrong Address,,,,,,,,,
2024-05-12,09:51:14,"""CNR5517053""",Cancelled by Driver,"""CID8551973""",Auto,Govindpuri,Saidulajab,9.2,,,,1.0,The customer was coughing/sick,,,,,,,
2024-02-21,18:00:46,"""CNR7831079""",Completed,"""CID5660745""",eBike,Sadar Bazar Gurgaon,Malviya Nagar,14.1,24.8,,,,,,,371.0,42.86,4.3,4.6,UPI
2024-01-04,19:18:48,"""CNR7266745""",Completed,"""CID5731754""",Go Mini,Shahdara,Panchsheel Park,12.0,35.3,,,,,,,589.0,8.35,4.6,4.9,Uber Wallet
2024-09-09,08:25:55,"""CNR3161252""",Cancelled by Driver,"""CID2082859""",Auto,Udyog Vihar,Kadarpur,9.0,,,,1.0,More than permitted people in there,,,,,,,
2024-04-01,13:24:00,"""CNR9103743""",Cancelled by Driver,"""CID9174877""",Auto,Rithala,Sarai Kale Khan,8.6,,,,1.0,Personal & Car related issues,,,,,,,
2024-01-03,15:58:29,"""CNR5094144""",Cancelled by Driver,"""CID3488587""",Premier Sedan,Manesar,Raj Nagar Extension,3.5,,,,1.0,More than permitted people in there,,,,,,,
2024-10-03,10:10:03,"""CNR9582595""",Cancelled by Customer,"""CID1399988""",Bike,Vaishali,Moti Nagar,10.4,,1.0,Driver is not moving towards pickup location,,,,,,,,,
2024-05-11,21:45:58,"""CNR1796339""",Completed,"""CID6558680""",Premier Sedan,Yamuna Bank,Paschim Vihar,8.8,22.5,,,,,,,641.0,2.43,4.2,4.7,Cash
2024-10-01,12:13:53,"""CNR2019260""",Completed,"""CID8617673""",Auto,Anand Vihar,Punjabi Bagh,14.4,20.2,,,,,,,218.0,12.82,4.2,3.7,UPI
2024-08-05,21:10:31,"""CNR6867451""",Completed,"""CID4887930""",Go Sedan,Ghitorni,South Extension,2.7,23.2,,,,,,,113.0,47.6,4.3,4.8,UPI
2024-06-11,15:59:40,"""CNR5529688""",Incomplete,"""CID6643394""",Premier Sedan,Punjabi Bagh,Rohini,4.6,27.6,,,,,1.0,Other Issue,769.0,7.63,,,Cash
2024-05-06,21:19:45,"""CNR4283301""",Cancelled by Customer,"""CID9955600""",eBike,Shivaji Park,Jasola,18.5,,1.0,Driver is not moving towards pickup location,,,,,,,,,
2024-01-18,15:59:04,"""CNR9160078""",Completed,"""CID1931942""",Bike,Mehrauli,Chandni Chowk,10.5,36.5,,,,,,,137.0,48.72,4.6,4.7,UPI
2024-05-03,11:46:25,"""CNR9401796""",Completed,"""CID5580325""",Go Mini,Shastri Nagar,DLF Phase 3,3.2,35.4,,,,,,,156.0,45.22,4.5,3.3,UPI
2024-11-28,17:03:17,"""CNR8053874""",Cancelled by Driver,"""CID6759140""",Auto,Kadarpur,Preet Vihar,6.6,,,,1.0,Personal & Car related issues,,,,,,,
2024-08-18,07:25:00,"""CNR7930618""",Completed,"""CID3065347""",Premier Sedan,Botanical Garden,Sushant Lok,2.1,31.5,,,,,,,1229.0,10.53,4.8,4.3,Debit Card
2024-02-10,18:21:19,"""CNR9759561""",Completed,"""CID9044322""",Uber XL,Sohna Road,Bhiwadi,6.5,42.9,,,,,,,628.0,19.42,4.7,5.0,Cash
2024-07-15,20:28:34,"""CNR6218335""",No Driver Found,"""CID2652164""",eBike,Rithala,Karkarduma,,,,,,,,,,,,,
2024-04-25,18:26:07,"""CNR7995549""",No Driver Found,"""CID6476408""",Premier Sedan,Subhash Nagar,Khandsa,,,,,,,,,,,,,
2024-02-03,10:15:26,"""CNR5839209""",Completed,"""CID9226766""",Go Sedan,Tilak Nagar,Vishwavidyalaya,2.1,36.4,,,,,,,204.0,33.26,4.6,5.0,Cash
2024-08-05,14:33:21,"""CNR8842662""",Completed,"""CID9575424""",Auto,Subhash Chowk,Kirti Nagar,5.8,36.1,,,,,,,491.0,20.14,4.4,4.2,UPI
2024-09-25,17:09:21,"""CNR9457537""",No Driver Found,"""CID7290066""",Auto,Uttam Nagar,Rithala,,,,,,,,,,,,,
2024-09-12,05:26:04,"""CNR6156646""",Completed,"""CID5153131""",Bike,Jor Bagh,Rohini East,12.5,26.4,,,,,,,112.0,26.46,3.6,4.6,UPI
2024-02-19,16:55:46,"""CNR8255531""",Cancelled by Customer,"""CID4875833""",eBike,Yamuna Bank,Cyber Hub,10.1,,1.0,Wrong Address,,,,,,,,,
2024-07-09,05:20:50,"""CNR4898530""",Completed,"""CID5030119""",Bike,Sarojini Nagar,Ghitorni,7.5,41.4,,,,,,,490.0,20.16,4.3,4.3,Cash
2024-11-08,20:50:42,"""CNR9135812""",Completed,"""CID9404710""",eBike,Vatika Chowk,Kherki Daula Toll,9.2,23.7,,,,,,,535.0,26.38,4.9,3.8,Uber Wallet
2024-09-16,10:20:13,"""CNR8438841""",Cancelled by Driver,"""CID4248220""",Auto,Hauz Rani,Shahdara,4.8,,,,1.0,Personal & Car related issues,,,,,,,
2024-05-31,18:38:58,"""CNR1995812""",No Driver Found,"""CID4255651""",Premier Sedan,Barakhamba Road,Mehrauli,,,,,,,,,,,,,
2024-06-01,18:09:00,"""CNR3643774""",Completed,"""CID1147435""",eBike,Saidulajab,Bhiwadi,12.1,24.5,,,,,,,240.0,17.94,3.8,4.8,Debit Card
2024-02-18,18:26:50,"""CNR3907002""",Completed,"""CID7220185""",Go Mini,Vatika Chowk,Noida Sector 18,7.8,35.1,,,,,,,572.0,25.71,3.7,4.2,UPI
2024-11-08,10:58:12,"""CNR4039082""",Completed,"""CID4226673""",Go Mini,Sonipat,Green Park,9.3,26.0,,,,,,,362.0,30.89,4.3,4.4,Uber Wallet
2024-07-09,12:34:08,"""CNR9123816""",Cancelled by Customer,"""CID9276931""",Premier Sedan,Hauz Khas,Shastri Nagar,17.0,,1.0,Driver asked to cancel,,,,,,,,,
2024-06-07,14:03:35,"""CNR6749228""",Completed,"""CID8645696""",Uber XL,Indraprastha,Sonipat,7.8,44.3,,,,,,,157.0,28.58,4.3,4.4,Credit Card
2024-10-13,19:49:17,"""CNR1353025""",Completed,"""CID9493441""",Bike,Govindpuri,Bhiwadi,11.6,21.4,,,,,,,622.0,12.01,4.9,4.9,Uber Wallet
2024-05-08,18:10:37,"""CNR2949299""",Completed,"""CID5940423""",eBike,Paschim Vihar,Kaushambi,5.4,41.6,,,,,,,536.0,6.73,3.4,4.8,UPI
2024-04-09,15:36:23,"""CNR2117597""",Completed,"""CID6554375""",Go Mini,Vatika Chowk,Chandni Chowk,9.3,40.3,,,,,,,522.0,34.09,4.9,3.6,UPI
2024-03-15,06:02:59,"""CNR8379976""",Cancelled by Driver,"""CID5031508""",Go Mini,Lok Kalyan Marg,Uttam Nagar,7.9,,,,1.0,More than permitted people in there,,,,,,,
2024-10-15,19:14:05,"""CNR2503119""",Completed,"""CID8977031""",Go Mini,Shivaji Park,Welcome,11.8,24.3,,,,,,,895.0,36.13,3.8,4.2,UPI
2024-12-23,19:00:24,"""CNR9394835""",Completed,"""CID3125278""",Premier Sedan,Mandi House,Sadar Bazar Gurgaon,14.3,35.2,,,,,,,96.0,10.63,4.7,4.5,UPI
2024-05-19,13:37:50,"""CNR8287450""",Completed,"""CID4427803""",Auto,Aya Nagar,AIIMS,3.7,42.3,,,,,,,510.0,41.93,4.6,4.3,Credit Card
2024-09-15,21:16:43,"""CNR2133741""",Completed,"""CID6952913""",Premier Sedan,Subhash Nagar,Vinobapuri,10.4,41.6,,,,,,,3878.0,46.22,3.5,4.6,Cash
2024-08-07,16:20:48,"""CNR9986215""",Completed,"""CID7092235""",Go Sedan,Ardee City,Mehrauli,2.9,34.4,,,,,,,426.0,25.86,3.8,3.1,UPI
2024-10-13,23:21:44,"""CNR9200903""",Completed,"""CID7071633""",Bike,Ashok Park Main,Manesar,7.6,41.5,,,,,,,209.0,21.72,3.9,3.3,UPI
2024-09-10,22:06:24,"""CNR7513744""",Cancelled by Driver,"""CID3433663""",Auto,Ghaziabad,Sultanpur,9.0,,,,1.0,More than permitted people in there,,,,,,,
2024-10-01,09:15:17,"""CNR1793070""",Cancelled by Customer,"""CID2639326""",Go Mini,Huda City Centre,Khandsa,8.4,,1.0,AC is not working,,,,,,,,,
2024-03-10,19:23:38,"""CNR2408538""",Completed,"""CID1827240""",eBike,Dilshad Garden,Saket,2.0,29.7,,,,,,,792.0,38.88,3.7,4.9,UPI
2024-05-24,19:42:17,"""CNR7717523""",Cancelled by Customer,"""CID3637367""",Go Sedan,Barakhamba Road,Saket,15.9,,1.0,Driver is not moving towards pickup location,,,,,,,,,
2024-03-02,14:23:45,"""CNR9848867""",Completed,"""CID7420512""",Bike,Govindpuri,Gwal Pahari,3.5,27.7,,,,,,,65.0,45.16,4.2,4.2,Debit Card
2024-10-17,15:49:42,"""CNR4717194""",Completed,"""CID3144510""",Go Mini,Jor Bagh,Manesar,12.5,18.8,,,,,,,715.0,14.14,4.6,4.1,UPI
2024-05-21,11:52:19,"""CNR2397584""",Completed,"""CID6856396""",Go Sedan,Madipur,Kashmere Gate ISBT,10.9,36.7,,,,,,,267.0,49.7,4.6,4.4,Debit Card
2024-09-26,02:58:51,"""CNR9740345""",Cancelled by Driver,"""CID3992555""",eBike,South Extension,IMT Manesar,11.1,,,,1.0,The customer was coughing/sick,,,,,,,
2024-10-17,05:19:18,"""CNR2182413""",Cancelled by Driver,"""CID9909809""",Bike,New Colony,Qutub Minar,9.2,,,,1.0,More than permitted people in there,,,,,,,
2024-02-08,07:40:24,"""CNR1365440""",No Driver Found,"""CID8411332""",Go Sedan,Saket A Block,Pataudi Chowk,,,,,,,,,,,,,
2024-12-06,14:29:02,"""CNR6526519""",Completed,"""CID9245303""",Go Mini,Nehru Place,Maidan Garhi,11.1,42.5,,,,,,,143.0,28.82,3.9,4.5,Cash
2024-04-19,22:41:59,"""CNR7153366""",No Driver Found,"""CID6819222""",Bike,Vishwavidyalaya,Mundka,,,,,,,,,,,,,
2024-05-25,06:49:17,"""CNR2631241""",Completed,"""CID6932997""",Bike,Shastri Park,New Delhi Railway Station,4.4,28.7,,,,,,,123.0,39.58,4.3,4.2,UPI
2024-01-19,12:05:26,"""CNR5174908""",Cancelled by Driver,"""CID4467308""",eBike,Jor Bagh,Seelampur,7.3,,,,1.0,The customer was coughing/sick,,,,,,,
2024-01-26,16:00:07,"""CNR2621056""",Incomplete,"""CID8243952""",Auto,Okhla,Karol Bagh,9.5,28.8,,,,,1.0,Customer Demand,310.0,6.23,,,Uber Wallet
2024-10-05,20:28:08,"""CNR3724409""",Completed,"""CID5696247""",Uber XL,Vasant Kunj,Samaypur Badli,4.6,33.7,,,,,,,689.0,24.74,4.2,4.9,UPI
2024-07-24,07:58:35,"""CNR7458616""",No Driver Found,"""CID3446159""",Premier Sedan,Gurgaon Sector 29,Ardee City,,,,,,,,,,,,,
2024-05-14,19:17:11,"""CNR9930472""",Completed,"""CID7175033""",eBike,Hauz Khas,Tagore Garden,2.4,41.4,,,,,,,706.0,2.57,4.6,4.5,Cash
2024-08-22,09:12:40,"""CNR1418228""",Completed,"""CID7768895""",Auto,Janakpuri,Satguru Ram Singh Marg,6.3,24.4,,,,,,,285.0,6.42,4.9,3.6,Credit Card
2024-02-08,00:31:20,"""CNR7079871""",Completed,"""CID4792157""",Auto,Barakhamba Road,Patel Chowk,5.4,19.0,,,,,,,82.0,48.25,4.3,4.5,UPI
2024-10-24,17:50:26,"""CNR4208441""",Completed,"""CID2576451""",Premier Sedan,Central Secretariat,Basai Dhankot,9.7,36.9,,,,,,,181.0,9.21,4.0,4.2,Cash
2024-12-05,12:31:17,"""CNR2179172""",Completed,"""CID8930944""",Bike,Netaji Subhash Place,Hauz Khas,8.8,27.5,,,,,,,632.0,49.65,4.4,4.8,UPI
2024-04-12,18:53:08,"""CNR8314590""",Completed,"""CID3828833""",Auto,Janakpuri,Subhash Nagar,11.4,33.8,,,,,,,823.0,23.96,4.1,4.2,Debit Card
2024-10-16,16:37:21,"""CNR2258721""",Completed,"""CID3478470""",eBike,Gurgaon Sector 29,New Delhi Railway Station,9.2,30.1,,,,,,,448.0,24.69,3.1,4.3,UPI
2024-04-01,22:49:42,"""CNR7206545""",Cancelled by Driver,"""CID8726722""",Go Sedan,Peeragarhi,Shastri Nagar,5.7,,,,1.0,Customer related issue,,,,,,,
2024-10-02,17:32:26,"""CNR4007317""",Completed,"""CID3204269""",Go Mini,Old Gurgaon,Keshav Puram,9.4,21.1,,,,,,,70.0,42.14,3.6,4.9,UPI
2024-08-25,06:27:46,"""CNR5514034""",Cancelled by Driver,"""CID6932358""",Auto,DLF City Court,Jor Bagh,4.2,,,,1.0,The customer was coughing/sick,,,,,,,
2024-12-16,22:38:21,"""CNR7069619""",Completed,"""CID7234511""",Premier Sedan,Basai Dhankot,Anand Vihar,14.3,23.9,,,,,,,735.0,43.94,4.2,4.2,UPI
2024-02-05,20:06:38,"""CNR7522732""",Incomplete,"""CID7702720""",Go Sedan,Keshav Puram,Raj Nagar Extension,3.6,29.3,,,,,1.0,Customer Demand,533.0,9.22,,,Cash
2024-06-30,14:15:46,"""CNR5644650""",Cancelled by Driver,"""CID7830494""",Premier Sedan,Ramesh Nagar,IMT Manesar,9.2,,,,1.0,Customer related issue,,,,,,,
2024-06-20,15:22:23,"""CNR1928419""",Cancelled by Driver,"""CID4459899""",Auto,Mansarovar Park,New Colony,5.8,,,,1.0,Personal & Car related issues,,,,,,,
2024-08-12,17:27:49,"""CNR1036141""",Completed,"""CID8805423""",Go Mini,Noida Sector 62,Ramesh Nagar,14.7,18.6,,,,,,,95.0,6.53,4.6,3.7,UPI
2024-12-27,10:21:59,"""CNR8155227""",Completed,"""CID2030165""",Go Mini,Chandni Chowk,Sikanderpur,4.5,23.6,,,,,,,993.0,28.49,4.4,4.7,UPI
2024-03-17,00:22:11,"""CNR2686603""",Completed,"""CID3943161""",Go Sedan,Subhash Nagar,Shivaji Park,4.0,34.7,,,,,,,559.0,42.54,4.3,4.8,UPI
2024-03-24,08:12:24,"""CNR6133511""",Completed,"""CID5054534""",Premier Sedan,Vinobapuri,Ashok Vihar,8.6,32.6,,,,,,,657.0,37.29,4.3,4.9,Debit Card
2024-04-11,10:33:34,"""CNR2838751""",Completed,"""CID6250492""",Premier Sedan,Jahangirpuri,Kaushambi,3.2,22.4,,,,,,,905.0,14.2,4.6,4.8,UPI
2024-11-03,23:33:14,"""CNR8468281""",Completed,"""CID7172483""",eBike,GTB Nagar,Kashmere Gate,13.4,31.1,,,,,,,686.0,5.73,4.1,4.6,UPI
2024-12-28,21:07:25,"""CNR4029116""",Cancelled by Driver,"""CID3948635""",Auto,IFFCO Chowk,Azadpur,5.7,,,,1.0,More than permitted people in there,,,,,,,
2024-04-07,19:15:13,"""CNR7111150""",Cancelled by Customer,"""CID1979548""",Premier Sedan,Cyber Hub,Ghitorni Village,14.2,,1.0,Driver asked to cancel,,,,,,,,,
2024-01-06,18:36:33,"""CNR8667316""",Incomplete,"""CID8065430""",Bike,Model Town,Badarpur,9.8,21.3,,,,,1.0,Customer Demand,553.0,12.6,,,Debit Card
2024-08-27,17:23:25,"""CNR1416666""",Completed,"""CID7498318""",Auto,Ghitorni,Saket,5.3,28.7,,,,,,,892.0,23.11,4.1,4.7,UPI
2024-07-05,00:22:43,"""CNR9024310""",Cancelled by Driver,"""CID4461260""",Premier Sedan,Ghitorni Village,New Colony,8.5,,,,1.0,Customer related issue,,,,,,,
2024-05-25,08:40:16,"""CNR4840507""",Completed,"""CID5492753""",Auto,Hauz Rani,Botanical Garden,9.9,41.7,,,,,,,377.0,6.6,4.4,4.8,Credit Card
2024-02-19,05:19:44,"""CNR7125862""",Cancelled by Driver,"""CID3490507""",Auto,Madipur,Vasant Kunj,8.9,,,,1.0,The customer was coughing/sick,,,,,,,
2024-06-11,20:27:25,"""CNR4982491""",Completed,"""CID6703445""",Bike,Mansarovar Park,Subhash Chowk,8.7,32.1,,,,,,,81.0,47.55,3.5,3.3,Uber Wallet
2024-12-13,16:51:30,"""CNR5517280""",Completed,"""CID9670485""",Auto,Shahdara,Sikanderpur,13.5,35.8,,,,,,,638.0,26.86,4.3,4.5,UPI
2024-10-06,15:40:42,"""CNR6258339""",Completed,"""CID8572935""",Auto,IIT Delhi,Maidan Garhi,9.3,19.5,,,,,,,934.0,9.91,4.4,4.3,Cash
2024-04-12,17:23:05,"""CNR7521377""",Completed,"""CID2980409""",Go Mini,Connaught Place,Chirag Delhi,13.9,34.2,,,,,,,916.0,44.63,4.6,3.1,Uber Wallet
2024-05-15,07:33:24,"""CNR3949920""",Completed,"""CID3979670""",Auto,Greater Noida,Jhilmil,2.4,44.4,,,,,,,1141.0,12.91,4.3,3.7,Credit Card
2024-04-09,19:24:02,"""CNR2122357""",No Driver Found,"""CID6315704""",Go Mini,Ambience Mall,Peeragarhi,,,,,,,,,,,,,
2024-07-09,19:20:10,"""CNR8223811""",Cancelled by Driver,"""CID2226006""",Bike,Subhash Chowk,Vatika Chowk,9.3,,,,1.0,Customer related issue,,,,,,,
2024-05-13,00:43:59,"""CNR3564995""",Completed,"""CID1282036""",Go Mini,Rohini East,Rajiv Nagar,3.2,17.8,,,,,,,876.0,9.61,4.4,4.3,Debit Card
2024-05-20,15:46:12,"""CNR3783745""",Completed,"""CID8575170""",Auto,Rohini East,Kanhaiya Nagar,4.0,20.5,,,,,,,58.0,29.04,3.9,4.5,Cash
2024-04-27,07:56:27,"""CNR6538217""",Completed,"""CID3848285""",Auto,Peeragarhi,Cyber Hub,4.6,27.0,,,,,,,641.0,16.93,3.3,4.2,Uber Wallet
2024-01-20,11:57:38,"""CNR3286192""",No Driver Found,"""CID2789053""",Auto,South Extension,IFFCO Chowk,,,,,,,,,,,,,
2024-01-25,10:52:09,"""CNR7202686""",Completed,"""CID3508648""",eBike,Dwarka Sector 21,Hauz Rani,10.3,21.5,,,,,,,319.0,36.78,4.2,4.6,UPI
2024-02-07,02:57:56,"""CNR4266743""",Completed,"""CID6222486""",Uber XL,Raj Nagar Extension,Subhash Nagar,7.9,26.7,,,,,,,444.0,40.89,3.4,4.2,Credit Card
2024-11-13,18:44:30,"""CNR7746838""",Cancelled by Customer,"""CID4301917""",Bike,Cyber Hub,Munirka,9.0,,1.0,Driver is not moving towards pickup location,,,,,,,,,
2024-12-10,16:59:45,"""CNR7625378""",Completed,"""CID1389488""",Bike,MG Road,Kalkaji,4.8,15.4,,,,,,,830.0,44.44,3.6,4.9,UPI
2024-05-04,09:23:48,"""CNR7151505""",Cancelled by Customer,"""CID2010849""",Auto,Shahdara,Vidhan Sabha,9.6,,1.0,Wrong Address,,,,,,,,,
2024-04-18,12:19:40,"""CNR3487011""",Completed,"""CID2668996""",Go Sedan,Manesar,Hero Honda Chowk,8.5,17.1,,,,,,,503.0,16.43,4.2,4.7,UPI
2024-09-19,08:18:59,"""CNR4201191""",Completed,"""CID2123545""",eBike,Paschim Vihar,Sarai Kale Khan,12.5,25.3,,,,,,,346.0,5.55,4.1,4.2,UPI
2024-11-15,20:08:39,"""CNR8002349""",Cancelled by Driver,"""CID8360720""",Premier Sedan,Jasola,Paharganj,7.2,,,,1.0,Personal & Car related issues,,,,,,,
2024-12-14,00:54:59,"""CNR9222476""",Completed,"""CID7371819""",Bike,Keshav Puram,Vishwavidyalaya,9.1,18.1,,,,,,,847.0,37.64,4.3,4.9,UPI
2024-07-06,23:19:04,"""CNR2683315""",Completed,"""CID6614750""",Bike,Ashram,Ghitorni,2.1,21.2,,,,,,,1191.0,16.19,4.0,4.6,UPI
2024-03-22,11:25:48,"""CNR7835584""",Completed,"""CID9079010""",Go Sedan,Pataudi Chowk,Vidhan Sabha,2.1,25.0,,,,,,,404.0,5.2,4.5,4.7,Uber Wallet
2024-10-24,18:29:02,"""CNR5300097""",Cancelled by Driver,"""CID4179644""",Go Mini,Kashmere Gate,Saket,7.3,,,,1.0,More than permitted people in there,,,,,,,
2024-11-07,19:27:00,"""CNR1541752""",Cancelled by Customer,"""CID7285854""",eBike,Old Gurgaon,Pulbangash,9.1,,1.0,Driver asked to cancel,,,,,,,,,
2024-06-19,15:07:43,"""CNR1498525""",Completed,"""CID2960697""",Bike,Mandi House,Jasola,9.8,28.3,,,,,,,784.0,43.55,4.2,4.8,UPI
2024-02-09,00:01:44,"""CNR6215410""",Completed,"""CID1038211""",Go Mini,IFFCO Chowk,New Delhi Railway Station,13.8,43.7,,,,,,,493.0,36.27,4.1,3.6,UPI
2024-04-17,16:56:08,"""CNR5790564""",Completed,"""CID5963623""",Go Sedan,Chirag Delhi,Okhla,11.5,21.8,,,,,,,725.0,18.05,4.2,4.9,UPI
2024-04-23,17:32:08,"""CNR9784413""",Completed,"""CID7089193""",Bike,Green Park,Jama Masjid,10.3,38.5,,,,,,,393.0,24.64,3.9,4.1,Credit Card
2024-02-05,07:38:26,"""CNR9358148""",Completed,"""CID4281068""",Premier Sedan,Chhatarpur,Keshav Puram,9.6,43.0,,,,,,,469.0,14.21,4.0,5.0,UPI
2024-10-15,08:21:28,"""CNR5671426""",Cancelled by Customer,"""CID6940418""",Auto,Akshardham,Bahadurgarh,19.5,,1.0,Driver is not moving towards pickup location,,,,,,,,,
2024-05-07,10:22:20,"""CNR8973700""",Completed,"""CID2904177""",Go Sedan,Mehrauli,Gwal Pahari,3.0,22.9,,,,,,,603.0,8.75,4.0,5.0,Cash
2024-09-25,08:47:11,"""CNR8995272""",Completed,"""CID1279963""",Go Mini,Mundka,Janakpuri,13.5,23.2,,,,,,,647.0,26.67,4.5,4.4,UPI
2024-09-09,03:55:51,"""CNR6706888""",Cancelled by Driver,"""CID7996524""",Premier Sedan,Hauz Rani,Lok Kalyan Marg,4.9,,,,1.0,More than permitted people in there,,,,,,,
2024-01-27,10:04:11,"""CNR2635849""",Completed,"""CID1045866""",Bike,Azadpur,Jasola,10.5,37.4,,,,,,,435.0,11.13,4.9,4.2,Credit Card
2024-12-27,11:40:14,"""CNR9846083""",Completed,"""CID7257363""",Go Mini,Kadarpur,Golf Course Road,9.6,21.4,,,,,,,891.0,34.18,4.3,4.1,UPI
2024-09-29,19:35:38,"""CNR2379578""",Completed,"""CID5856178""",Go Mini,Kadarpur,Greater Noida,6.6,15.9,,,,,,,686.0,21.84,4.7,4.8,Cash
2024-09-12,20:40:04,"""CNR6904947""",Completed,"""CID3280550""",eBike,Tagore Garden,Aya Nagar,3.6,17.9,,,,,,,441.0,2.17,4.3,3.8,Cash
2024-10-14,20:32:56,"""CNR4324590""",Completed,"""CID9495047""",eBike,Anand Vihar,Kirti Nagar,10.9,34.9,,,,,,,848.0,35.21,4.3,4.8,Cash
2024-02-16,11:31:44,"""CNR1820650""",Completed,"""CID9335869""",Bike,Pulbangash,India Gate,6.7,35.8,,,,,,,222.0,24.63,3.5,3.7,UPI
2024-02-13,11:15:50,"""CNR2512936""",Completed,"""CID2361604""",Go Sedan,Jahangirpuri,Chanakyapuri,13.6,29.5,,,,,,,741.0,25.05,4.2,4.2,Cash
2024-05-23,17:50:41,"""CNR8742798""",Completed,"""CID9352434""",eBike,Ashram,Vishwavidyalaya,9.8,42.9,,,,,,,255.0,40.93,4.6,5.0,UPI
2024-04-01,20:16:55,"""CNR9952451""",Cancelled by Customer,"""CID8081900""",Go Mini,Akshardham,Chhatarpur,12.7,,1.0,Driver asked to cancel,,,,,,,,,
2024-11-06,11:44:07,"""CNR3381100""",Completed,"""CID3994447""",Auto,Kirti Nagar,Rohini East,4.8,22.3,,,,,,,217.0,30.68,4.2,3.5,UPI
2024-04-06,18:45:37,"""CNR6666284""",Completed,"""CID4025922""",eBike,Noida Film City,Raj Nagar Extension,8.1,37.7,,,,,,,614.0,19.2,4.7,4.6,Cash
2024-03-22,09:03:58,"""CNR5713196""",Completed,"""CID8165502""",Auto,Jhilmil,Rajiv Chowk,3.7,19.4,,,,,,,484.0,49.35,4.1,4.3,Credit Card
2024-06-01,14:11:38,"""CNR4451789""",Completed,"""CID7581516""",Go Mini,Anand Vihar,Patel Chowk,12.0,28.2,,,,,,,1067.0,21.8,4.0,4.1,Uber Wallet
2024-04-30,10:28:57,"""CNR2995490""",Cancelled by Driver,"""CID4029204""",eBike,Udyog Vihar,Keshav Puram,11.6,,,,1.0,Customer related issue,,,,,,,
2024-06-06,05:00:53,"""CNR5969212""",Completed,"""CID7536315""",Auto,Paharganj,Punjabi Bagh,12.4,41.0,,,,,,,497.0,20.64,4.2,4.9,Debit Card
2024-12-01,16:36:50,"""CNR5742380""",Completed,"""CID9721110""",Auto,Kirti Nagar,Vinobapuri,9.4,16.6,,,,,,,1392.0,49.29,4.6,4.9,Uber Wallet
2024-11-12,16:36:10,"""CNR4872489""",Completed,"""CID1544733""",Uber XL,Kanhaiya Nagar,Central Secretariat,11.4,44.0,,,,,,,989.0,20.78,4.5,4.7,Cash
2024-07-09,12:05:55,"""CNR4705831""",Cancelled by Driver,"""CID7947953""",Uber XL,Azadpur,INA Market,7.0,,,,1.0,More than permitted people in there,,,,,,,
2024-01-21,16:10:48,"""CNR4538375""",Incomplete,"""CID1052179""",eBike,Seelampur,Ashram,3.1,29.2,,,,,1.0,Customer Demand,281.0,1.42,,,UPI
2024-09-15,12:13:11,"""CNR6744191""",Completed,"""CID4508542""",Go Sedan,Nirman Vihar,Palam Vihar,12.7,38.2,,,,,,,723.0,45.16,4.2,4.7,Debit Card
2024-10-10,09:07:51,"""CNR1711884""",Completed,"""CID5213039""",Bike,Huda City Centre,Paharganj,11.9,21.1,,,,,,,790.0,19.79,4.5,4.5,UPI
2024-04-04,01:34:38,"""CNR9606330""",Completed,"""CID6247175""",Go Sedan,Uttam Nagar,South Extension,6.7,36.5,,,,,,,516.0,49.6,3.7,4.6,Cash
2024-08-17,21:55:46,"""CNR8150580""",Completed,"""CID3698937""",Go Sedan,Saket,Faridabad Sector 15,8.6,15.6,,,,,,,434.0,10.79,4.3,4.3,Cash
2024-08-20,09:42:10,"""CNR9676405""",Cancelled by Customer,"""CID2556379""",Premier Sedan,Moolchand,Greater Kailash,13.6,,1.0,Driver asked to cancel,,,,,,,,,
2024-11-25,11:15:35,"""CNR2351416""",Completed,"""CID6979224""",Auto,RK Puram,Lok Kalyan Marg,12.4,24.8,,,,,,,970.0,5.52,4.7,4.0,Cash
2024-04-01,18:04:46,"""CNR8571893""",Completed,"""CID4920894""",Bike,Keshav Puram,Lal Quila,4.1,18.6,,,,,,,606.0,43.99,4.0,4.3,Uber Wallet
2024-12-04,04:07:06,"""CNR2604713""",Cancelled by Driver,"""CID1454223""",Go Mini,DLF City Court,Peeragarhi,11.5,,,,1.0,More than permitted people in there,,,,,,,
2024-11-16,18:15:35,"""CNR5440518""",No Driver Found,"""CID4888075""",Auto,Sultanpur,Lajpat Nagar,,,,,,,,,,,,,
2024-08-09,20:54:34,"""CNR6015123""",Completed,"""CID7145537""",Go Mini,Mandi House,Saket A Block,9.2,42.9,,,,,,,762.0,21.82,4.3,4.3,Uber Wallet
2024-12-11,09:02:31,"""CNR4166695""",Cancelled by Customer,"""CID1548490""",Go Sedan,Khandsa,Mayur Vihar,6.7,,1.0,AC is not working,,,,,,,,,
2024-09-26,01:00:32,"""CNR7609961""",Completed,"""CID9198912""",Go Mini,Dilshad Garden,Janakpuri,9.0,15.4,,,,,,,131.0,23.42,3.9,4.4,UPI
2024-02-14,21:22:31,"""CNR1372899""",Cancelled by Customer,"""CID5835257""",Go Mini,Jasola,Vinobapuri,16.0,,1.0,Change of plans,,,,,,,,,
2024-07-23,13:45:49,"""CNR3707356""",Cancelled by Customer,"""CID1486459""",Premier Sedan,Seelampur,Peeragarhi,16.3,,1.0,Driver is not moving towards pickup location,,,,,,,,,
2024-08-21,22:28:37,"""CNR3113480""",Cancelled by Driver,"""CID4736543""",Bike,Panchsheel Park,Hauz Rani,6.9,,,,1.0,Personal & Car related issues,,,,,,,
2024-12-14,20:47:27,"""CNR3293190""",Completed,"""CID8722283""",Auto,Badarpur,IGI Airport,7.6,25.8,,,,,,,309.0,34.52,4.3,3.3,Credit Card
2024-09-12,19:22:45,"""CNR5544375""",Completed,"""CID5163217""",Auto,Uttam Nagar,Nehru Place,14.8,15.2,,,,,,,867.0,40.8,4.2,4.9,Cash
2024-06-15,12:50:45,"""CNR4011844""",Completed,"""CID4290919""",Auto,Nawada,Sadar Bazar Gurgaon,8.9,43.4,,,,,,,231.0,21.18,3.9,4.9,UPI
2024-04-19,11:37:41,"""CNR9209412""",Completed,"""CID9761836""",Go Mini,Hauz Rani,Sushant Lok,10.6,31.9,,,,,,,419.0,26.22,4.3,4.8,UPI
2024-01-24,14:43:47,"""CNR3366193""",Completed,"""CID3928023""",Go Mini,Patel Chowk,Barakhamba Road,2.9,36.9,,,,,,,302.0,46.25,3.6,4.6,UPI
2024-10-23,05:48:39,"""CNR1840812""",Incomplete,"""CID2497733""",Go Mini,Khandsa,Shahdara,9.2,24.3,,,,,1.0,Other Issue,545.0,8.39,,,Credit Card
2024-10-13,14:14:32,"""CNR4292048""",Cancelled by Driver,"""CID9180579""",Go Mini,Greater Noida,Paschim Vihar,7.9,,,,1.0,More than permitted people in there,,,,,,,
2024-11-06,11:45:44,"""CNR8232390""",Completed,"""CID2232986""",Go Sedan,Sarai Kale Khan,IGNOU Road,5.0,31.2,,,,,,,650.0,36.95,3.8,4.9,UPI
2024-02-01,08:28:20,"""CNR3093155""",Completed,"""CID1669544""",Go Sedan,Tilak Nagar,GTB Nagar,14.1,21.8,,,,,,,431.0,29.46,5.0,3.2,Uber Wallet
2024-03-31,12:03:37,"""CNR6479019""",Cancelled by Driver,"""CID6387593""",Go Mini,Dwarka Mor,Khandsa,5.2,,,,1.0,More than permitted people in there,,,,,,,
2024-01-17,17:37:55,"""CNR5257096""",Completed,"""CID6367157""",Bike,RK Puram,Mundka,5.0,34.2,,,,,,,926.0,42.71,4.8,4.8,Debit Card
2024-12-17,20:40:06,"""CNR1730415""",Completed,"""CID3187742""",Go Sedan,Netaji Subhash Place,Jor Bagh,4.8,36.3,,,,,,,640.0,16.69,4.3,4.6,Credit Card
2024-07-08,21:19:50,"""CNR2532330""",Cancelled by Customer,"""CID8950331""",Go Sedan,Ghaziabad,Udyog Bhawan,18.6,,1.0,Change of plans,,,,,,,,,
2024-01-07,09:39:45,"""CNR4703399""",Completed,"""CID6590085""",Bike,AIIMS,Model Town,4.7,17.8,,,,,,,229.0,24.0,4.4,3.9,UPI
2024-01-06,16:49:55,"""CNR7398627""",Completed,"""CID5755026""",Auto,Jasola,Madipur,10.1,38.2,,,,,,,656.0,33.66,4.5,4.3,UPI
2024-01-20,18:14:56,"""CNR7351111""",Incomplete,"""CID9729883""",Go Sedan,Dilshad Garden,Ashram,8.1,17.8,,,,,1.0,Vehicle Breakdown,147.0,4.99,,,UPI
2024-09-25,18:43:09,"""CNR9489504""",Completed,"""CID3181955""",Bike,Malviya Nagar,Udyog Bhawan,3.7,33.9,,,,,,,288.0,11.26,4.6,4.5,Credit Card
2024-01-19,12:50:20,"""CNR6281117""",Completed,"""CID2606015""",Auto,Khan Market,Tis Hazari,11.0,34.5,,,,,,,469.0,48.54,4.5,4.6,Cash
2024-05-20,19:23:54,"""CNR2985709""",No Driver Found,"""CID7294782""",Auto,Chanakyapuri,Panipat,,,,,,,,,,,,,
2024-01-20,19:52:53,"""CNR9648735""",Completed,"""CID9949919""",Auto,Bahadurgarh,Sonipat,12.1,31.9,,,,,,,1015.0,26.52,4.9,4.3,Uber Wallet
2024-09-11,12:12:19,"""CNR4142955""",Completed,"""CID4974821""",Auto,Vaishali,Hauz Rani,8.3,16.1,,,,,,,478.0,14.59,4.4,4.2,Debit Card
2024-09-09,13:07:45,"""CNR4227396""",Cancelled by Driver,"""CID5500382""",eBike,Palam Vihar,Ashram,4.7,,,,1.0,Personal & Car related issues,,,,,,,
2024-01-01,20:26:49,"""CNR3181181""",Cancelled by Customer,"""CID5671440""",Auto,Barakhamba Road,IGNOU Road,8.9,,1.0,Wrong Address,,,,,,,,,
2024-05-28,19:10:39,"""CNR6328717""",Cancelled by Driver,"""CID3497092""",Go Mini,Uttam Nagar,Shastri Park,8.4,,,,1.0,More than permitted people in there,,,,,,,
2024-10-20,18:39:36,"""CNR3598676""",Cancelled by Driver,"""CID3316726""",Auto,Golf Course Road,Uttam Nagar,3.3,,,,1.0,More than permitted people in there,,,,,,,
2024-01-24,09:19:49,"""CNR7812663""",Completed,"""CID2732240""",eBike,Kadarpur,Rohini East,2.6,31.7,,,,,,,433.0,4.05,4.1,3.8,UPI
2024-10-29,14:55:53,"""CNR8204694""",Completed,"""CID1833718""",Auto,Jasola,DLF City Court,7.1,22.7,,,,,,,930.0,41.01,4.5,5.0,Cash
2024-12-05,16:35:05,"""CNR3992350""",Completed,"""CID1263145""",eBike,Ashok Vihar,Dwarka Mor,8.5,34.8,,,,,,,378.0,9.93,4.7,5.0,Credit Card
2024-10-10,09:49:17,"""CNR9365097""",Cancelled by Driver,"""CID8059572""",Auto,Saidulajab,Udyog Bhawan,4.0,,,,1.0,The customer was coughing/sick,,,,,,,
2024-07-10,08:08:20,"""CNR9634358""",Cancelled by Driver,"""CID7535266""",Bike,South Extension,Pitampura,9.2,,,,1.0,Personal & Car related issues,,,,,,,
2024-08-06,18:00:06,"""CNR5229712""",Cancelled by Driver,"""CID7290731""",Premier Sedan,Hauz Khas,Badarpur,11.6,,,,1.0,Personal & Car related issues,,,,,,,
2024-06-01,18:08:25,"""CNR9249048""",Completed,"""CID9968725""",Premier Sedan,Cyber Hub,Azadpur,12.4,21.1,,,,,,,752.0,22.37,4.6,4.1,Cash
2024-12-20,18:28:51,"""CNR2393556""",Completed,"""CID6461405""",Bike,Sarojini Nagar,Khandsa,12.3,33.8,,,,,,,821.0,23.11,4.3,4.2,Uber Wallet
2024-10-28,19:28:52,"""CNR8681498""",Completed,"""CID3360983""",Go Sedan,Khandsa,Panipat,12.2,22.3,,,,,,,329.0,30.72,3.5,4.3,Debit Card
2024-08-16,18:10:07,"""CNR9276830""",Completed,"""CID1173089""",Premier Sedan,Jasola,Kalkaji,7.1,32.8,,,,,,,73.0,48.78,4.4,4.6,Credit Card
2024-08-16,10:43:43,"""CNR9138649""",Incomplete,"""CID4338372""",Go Sedan,Gurgaon Railway Station,Tis Hazari,6.5,20.6,,,,,1.0,Customer Demand,465.0,8.5,,,Cash
2024-07-05,20:43:05,"""CNR9816462""",Completed,"""CID1488007""",Go Mini,Lajpat Nagar,Paschim Vihar,3.5,22.4,,,,,,,171.0,21.3,4.2,4.6,Debit Card
2024-12-07,20:21:44,"""CNR4612787""",Completed,"""CID8193408""",eBike,Kaushambi,Jasola,2.9,37.3,,,,,,,958.0,8.5,3.6,4.6,UPI
2024-03-14,12:40:52,"""CNR4072825""",Completed,"""CID6017206""",Go Mini,Sushant Lok,Qutub Minar,3.0,31.9,,,,,,,150.0,25.33,4.4,4.9,UPI
2024-08-10,20:50:29,"""CNR8338036""",Completed,"""CID3561329""",Go Sedan,Aya Nagar,Mandi House,3.2,31.0,,,,,,,153.0,48.15,5.0,4.8,UPI
2024-05-14,19:11:02,"""CNR2939340""",Incomplete,"""CID8443152""",Premier Sedan,Saidulajab,Shastri Nagar,5.6,29.3,,,,,1.0,Vehicle Breakdown,1426.0,15.61,,,Uber Wallet
2024-05-14,19:02:41,"""CNR9857476""",Cancelled by Customer,"""CID5378619""",Go Sedan,Pataudi Chowk,Tagore Garden,14.8,,1.0,Driver asked to cancel,,,,,,,,,
2024-08-22,17:49:10,"""CNR6502482""",No Driver Found,"""CID5757773""",Premier Sedan,Anand Vihar ISBT,Ghitorni,,,,,,,,,,,,,
2024-08-30,20:10:43,"""CNR8445369""",Completed,"""CID8980784""",eBike,Vishwavidyalaya,Madipur,7.6,23.0,,,,,,,234.0,20.54,3.9,4.3,Cash
2024-10-25,19:42:46,"""CNR3272102""",No Driver Found,"""CID4159465""",Bike,Nirman Vihar,Khandsa,,,,,,,,,,,,,
2024-09-30,11:32:53,"""CNR1693019""",No Driver Found,"""CID2355374""",Go Mini,Pulbangash,Sarai Kale Khan,,,,,,,,,,,,,
2024-08-09,04:40:20,"""CNR4015414""",Completed,"""CID7777900""",Uber XL,Punjabi Bagh,Jor Bagh,2.9,36.7,,,,,,,374.0,3.65,4.7,4.1,Credit Card
2024-08-15,11:53:05,"""CNR8988629""",Completed,"""CID4875998""",Go Sedan,IGI Airport,Kashmere Gate,7.7,19.5,,,,,,,220.0,9.91,4.3,4.8,UPI
2024-01-06,19:09:17,"""CNR4274953""",Completed,"""CID5984636""",Bike,Preet Vihar,New Delhi Railway Station,2.3,18.2,,,,,,,410.0,31.23,4.4,4.5,UPI
2024-12-02,20:41:40,"""CNR4047584""",Completed,"""CID6590285""",Go Sedan,Punjabi Bagh,Badarpur,11.4,15.2,,,,,,,348.0,21.9,3.0,4.3,Cash
2024-07-06,09:46:34,"""CNR2513328""",Cancelled by Driver,"""CID9732732""",Auto,IMT Manesar,DLF Phase 3,7.8,,,,1.0,Customer related issue,,,,,,,
2024-02-14,12:43:24,"""CNR4814064""",Completed,"""CID9859997""",Auto,Connaught Place,Rohini East,13.4,33.2,,,,,,,1342.0,37.21,4.3,4.2,UPI
2024-09-09,15:45:29,"""CNR2806406""",Cancelled by Driver,"""CID2421769""",Go Mini,Panchsheel Park,Netaji Subhash Place,4.0,,,,1.0,The customer was coughing/sick,,,,,,,
2024-10-19,18:00:19,"""CNR7028812""",Completed,"""CID9292048""",Premier Sedan,Vaishali,Welcome,9.5,32.9,,,,,,,576.0,46.05,4.2,4.3,Cash
2024-12-07,11:03:30,"""CNR1123759""",Completed,"""CID7438020""",Auto,Maidan Garhi,Barakhamba Road,5.9,36.6,,,,,,,1094.0,7.71,4.3,4.4,Credit Card
2024-11-11,09:51:38,"""CNR2286339""",Completed,"""CID7987289""",Bike,Janakpuri,Faridabad Sector 15,3.2,26.1,,,,,,,400.0,15.31,3.9,4.6,Credit Card
2024-12-15,10:00:56,"""CNR6909471""",Completed,"""CID7943484""",Auto,Noida Sector 18,Nawada,14.4,44.7,,,,,,,80.0,21.73,3.4,4.2,Cash
2024-06-09,09:36:50,"""CNR8989047""",Completed,"""CID1773474""",Bike,Rohini East,Ashok Vihar,14.1,29.9,,,,,,,1394.0,43.19,4.2,5.0,UPI
2024-10-18,22:29:42,"""CNR3807064""",Completed,"""CID4458653""",Go Mini,Chanakyapuri,Jhilmil,8.9,42.9,,,,,,,895.0,23.95,4.2,4.4,Credit Card
2024-04-27,15:26:11,"""CNR8720616""",Completed,"""CID2103095""",Uber XL,Pragati Maidan,Kanhaiya Nagar,7.0,30.5,,,,,,,1195.0,19.91,4.0,4.2,UPI
2024-02-02,06:37:03,"""CNR9798075""",Completed,"""CID2550243""",Auto,IFFCO Chowk,Dwarka Sector 21,11.0,37.7,,,,,,,324.0,13.91,4.3,4.7,Cash
2024-02-22,19:56:15,"""CNR2370710""",Completed,"""CID8598447""",Bike,Chanakyapuri,Bahadurgarh,5.2,28.8,,,,,,,169.0,17.66,4.3,4.8,UPI
2024-11-19,12:34:33,"""CNR1068463""",Cancelled by Driver,"""CID1293807""",Premier Sedan,Paharganj,Shastri Park,11.9,,,,1.0,The customer was coughing/sick,,,,,,,
2024-12-08,23:41:57,"""CNR5402226""",Completed,"""CID8605710""",Premier Sedan,Rithala,MG Road,6.1,44.8,,,,,,,671.0,38.71,4.1,4.1,Cash
2024-07-16,16:27:32,"""CNR9019481""",Cancelled by Driver,"""CID9628671""",Go Mini,Madipur,Manesar,9.9,,,,1.0,The customer was coughing/sick,,,,,,,
2024-03-15,19:45:59,"""CNR2250931""",Completed,"""CID6653010""",Bike,Mandi House,Noida Extension,10.4,29.5,,,,,,,73.0,10.88,4.2,5.0,Uber Wallet
2024-12-11,11:26:26,"""CNR1096332""",Completed,"""CID8420061""",Bike,Gurgaon Sector 29,Basai Dhankot,10.6,15.1,,,,,,,319.0,35.81,4.2,4.5,UPI
2024-04-20,21:41:52,"""CNR2261807""",Completed,"""CID7688409""",Go Mini,Peeragarhi,Sadar Bazar Gurgaon,13.0,34.7,,,,,,,852.0,32.6,4.4,4.2,UPI
2024-10-10,07:11:13,"""CNR8662126""",Completed,"""CID7938112""",Premier Sedan,Gwal Pahari,Panipat,7.8,34.7,,,,,,,610.0,17.26,4.8,3.7,UPI
2024-11-20,12:22:55,"""CNR6675439""",Completed,"""CID1817883""",Bike,Udyog Bhawan,Welcome,6.5,44.7,,,,,,,398.0,9.88,4.4,4.2,Cash
2024-04-18,06:00:22,"""CNR2747801""",Completed,"""CID9006380""",Go Sedan,Jhilmil,Bhikaji Cama Place,10.6,16.3,,,,,,,272.0,39.41,4.6,4.5,UPI
2024-05-10,19:45:49,"""CNR9878564""",Completed,"""CID8575289""",Premier Sedan,Laxmi Nagar,Palam Vihar,9.4,41.0,,,,,,,423.0,17.06,3.6,4.4,UPI
2024-01-17,00:26:27,"""CNR9849161""",Completed,"""CID4659337""",Go Mini,Pitampura,GTB Nagar,7.3,23.5,,,,,,,278.0,49.62,4.6,4.0,UPI
2024-07-08,23:25:59,"""CNR3838709""",Completed,"""CID3167376""",Bike,Barakhamba Road,Saket A Block,6.4,26.9,,,,,,,76.0,23.92,4.4,4.9,Uber Wallet
2024-04-01,12:00:00,"""CNR1022989""",Completed,"""CID8472152""",Auto,Civil Lines Gurgaon,Panipat,4.6,24.2,,,,,,,243.0,27.56,4.5,4.9,UPI
2024-04-15,05:33:58,"""CNR6588997""",Incomplete,"""CID7785294""",Auto,GTB Nagar,Faridabad Sector 15,3.1,17.8,,,,,1.0,Vehicle Breakdown,283.0,5.07,,,Credit Card
2024-08-08,19:42:41,"""CNR4736689""",Cancelled by Driver,"""CID4935155""",eBike,Kadarpur,Gwal Pahari,10.9,,,,1.0,Customer related issue,,,,,,,
2024-02-04,22:49:41,"""CNR6480873""",Cancelled by Driver,"""CID4552978""",Auto,Kadarpur,Sohna Road,10.6,,,,1.0,Personal & Car related issues,,,,,,,
2024-06-19,07:56:20,"""CNR6407429""",Completed,"""CID5621597""",Go Mini,Welcome,Sushant Lok,10.9,29.4,,,,,,,835.0,7.97,4.3,4.5,UPI
2024-05-01,19:27:38,"""CNR3552802""",Incomplete,"""CID7936643""",eBike,Gurgaon Railway Station,Udyog Vihar Phase 4,7.4,29.5,,,,,1.0,Customer Demand,659.0,11.17,,,Cash
2024-04-02,06:55:18,"""CNR8388456""",Cancelled by Driver,"""CID4974079""",Go Mini,Welcome,Sarojini Nagar,4.4,,,,1.0,The customer was coughing/sick,,,,,,,
2024-10-15,12:35:19,"""CNR6344232""",No Driver Found,"""CID8926338""",Auto,Hero Honda Chowk,Noida Film City,,,,,,,,,,,,,
2024-11-03,22:11:46,"""CNR6190438""",Completed,"""CID6166876""",Premier Sedan,Seelampur,Dilshad Garden,6.4,44.7,,,,,,,297.0,48.42,4.0,4.3,UPI
2024-06-20,19:57:20,"""CNR3531888""",No Driver Found,"""CID2605995""",Uber XL,IIT Delhi,Vatika Chowk,,,,,,,,,,,,,
2024-03-06,22:59:43,"""CNR7887374""",Completed,"""CID7861390""",eBike,IGI Airport,Tagore Garden,3.0,17.9,,,,,,,735.0,10.07,4.3,4.4,Cash
2024-03-01,15:20:09,"""CNR1175028""",Incomplete,"""CID5989798""",Premier Sedan,Jhilmil,Narsinghpur,8.5,17.6,,,,,1.0,Customer Demand,597.0,2.8,,,UPI
2024-02-20,09:52:30,"""CNR9630100""",Completed,"""CID6607671""",Auto,Sarojini Nagar,Sushant Lok,12.4,32.1,,,,,,,879.0,2.26,4.9,3.9,Cash
2024-02-02,03:51:49,"""CNR6995767""",Completed,"""CID1615558""",Premier Sedan,Old Gurgaon,Jasola,8.0,42.1,,,,,,,481.0,12.67,4.5,5.0,Uber Wallet
2024-04-07,13:01:09,"""CNR8659699""",Cancelled by Driver,"""CID1359239""",Premier Sedan,Kherki Daula Toll,Anand Vihar ISBT,4.5,,,,1.0,Personal & Car related issues,,,,,,,
2024-11-24,20:42:45,"""CNR2837410""",Completed,"""CID2531468""",Premier Sedan,Pataudi Chowk,Jama Masjid,10.3,31.5,,,,,,,158.0,16.75,3.8,3.7,Cash
2024-05-14,14:31:57,"""CNR7439902""",Incomplete,"""CID5121282""",Go Mini,Subhash Chowk,Pitampura,7.7,29.5,,,,,1.0,Customer Demand,502.0,12.95,,,UPI
2024-01-08,23:03:44,"""CNR6855107""",Cancelled by Driver,"""CID9503510""",eBike,Nawada,Palam Vihar,4.8,,,,1.0,The customer was coughing/sick,,,,,,,
2024-10-08,23:18:20,"""CNR9293086""",Completed,"""CID3534611""",Auto,Hero Honda Chowk,Jahangirpuri,8.6,21.4,,,,,,,920.0,20.5,4.1,4.9,UPI
2024-01-30,11:55:28,"""CNR5164423""",Completed,"""CID4258559""",Auto,Meerut,Noida Film City,11.9,42.0,,,,,,,241.0,18.93,3.3,4.1,Debit Card
2024-07-27,19:48:25,"""CNR2238315""",Completed,"""CID1281857""",Auto,Samaypur Badli,Uttam Nagar,7.7,42.2,,,,,,,820.0,5.67,4.3,4.6,Cash
2024-06-14,09:20:59,"""CNR1760395""",Completed,"""CID5627272""",Bike,Munirka,Jor Bagh,12.6,38.9,,,,,,,414.0,4.28,4.2,4.9,Cash
2024-02-11,08:40:49,"""CNR1543584""",No Driver Found,"""CID4220928""",Go Sedan,Mayur Vihar,Preet Vihar,,,,,,,,,,,,,
2024-07-06,17:41:52,"""CNR3609840""",Completed,"""CID1344215""",Go Sedan,Patel Chowk,Nawada,9.7,40.2,,,,,,,233.0,28.72,4.6,4.3,UPI
2024-10-11,11:58:01,"""CNR8863656""",No Driver Found,"""CID4396477""",Go Mini,Malviya Nagar,Arjangarh,,,,,,,,,,,,,
2024-03-10,23:00:50,"""CNR3113322""",Completed,"""CID5013783""",Go Mini,Janakpuri,New Colony,2.3,17.1,,,,,,,751.0,33.19,3.8,4.9,Uber Wallet
2024-07-18,16:42:42,"""CNR1749534""",Cancelled by Driver,"""CID6126340""",Premier Sedan,Moti Nagar,Vatika Chowk,8.1,,,,1.0,More than permitted people in there,,,,,,,
2024-06-12,00:56:00,"""CNR5468905""",Cancelled by Customer,"""CID8299435""",Go Sedan,Ghaziabad,Greater Kailash,14.3,,1.0,Change of plans,,,,,,,,,
2024-08-10,08:29:36,"""CNR8558898""",Cancelled by Driver,"""CID6525090""",Premier Sedan,Jasola,Vishwavidyalaya,9.1,,,,1.0,Customer related issue,,,,,,,
2024-08-31,15:25:11,"""CNR3427221""",Completed,"""CID1324593""",Premier Sedan,Narsinghpur,Lajpat Nagar,5.2,19.7,,,,,,,153.0,34.0,4.6,4.6,Cash
2024-07-26,04:43:34,"""CNR2387841""",Completed,"""CID8187956""",Go Sedan,Adarsh Nagar,Lal Quila,5.7,28.0,,,,,,,168.0,37.6,4.9,4.7,Cash
2024-11-28,12:38:26,"""CNR3002480""",Cancelled by Driver,"""CID1647580""",Auto,Arjangarh,IMT Manesar,10.4,,,,1.0,Customer related issue,,,,,,,
2024-03-15,22:06:45,"""CNR9784078""",No Driver Found,"""CID9671548""",Go Mini,Jasola,Hauz Khas,,,,,,,,,,,,,
2024-03-12,10:22:52,"""CNR1745413""",No Driver Found,"""CID5581269""",eBike,Nawada,Aya Nagar,,,,,,,,,,,,,
2024-12-28,02:26:52,"""CNR4251373""",No Driver Found,"""CID2254897""",Go Sedan,Jasola,Hero Honda Chowk,,,,,,,,,,,,,
2024-01-23,11:24:27,"""CNR1113927""",Completed,"""CID1421075""",Go Mini,Raj Nagar Extension,Sultanpur,11.4,37.6,,,,,,,132.0,31.92,3.1,4.3,Cash
2024-10-25,08:57:19,"""CNR7923735""",No Driver Found,"""CID6272443""",Auto,Bhikaji Cama Place,MG Road,,,,,,,,,,,,,
2024-11-07,18:05:58,"""CNR4204551""",Completed,"""CID1691261""",Auto,Rohini East,Lajpat Nagar,6.9,27.2,,,,,,,902.0,41.93,4.7,4.6,UPI
2024-01-07,21:16:46,"""CNR5200428""",Completed,"""CID3449016""",Auto,Greater Noida,Shahdara,15.0,23.2,,,,,,,260.0,46.48,4.2,4.5,UPI
2024-10-30,21:46:01,"""CNR2420495""",No Driver Found,"""CID9424767""",Premier Sedan,Rohini West,IMT Manesar,,,,,,,,,,,,,
2024-05-18,12:48:07,"""CNR6078407""",Completed,"""CID4692572""",Bike,Jahangirpuri,Sikanderpur,10.8,44.1,,,,,,,616.0,17.97,4.2,4.6,UPI
2024-07-14,06:15:18,"""CNR7617044""",Completed,"""CID2295082""",Auto,Adarsh Nagar,New Delhi Railway Station,8.8,15.4,,,,,,,1341.0,13.75,4.2,4.9,Cash
2024-02-04,15:05:34,"""CNR4870556""",Completed,"""CID5183304""",Go Mini,Pulbangash,Chirag Delhi,5.8,38.4,,,,,,,603.0,30.69,4.5,4.3,UPI
2024-04-01,17:07:27,"""CNR8247998""",No Driver Found,"""CID2775210""",Go Sedan,Khan Market,Subhash Chowk,,,,,,,,,,,,,
2024-05-05,10:32:20,"""CNR8751378""",Completed,"""CID4977850""",Auto,New Delhi Railway Station,Tilak Nagar,5.7,36.6,,,,,,,1376.0,36.63,3.0,4.2,Uber Wallet
2024-03-28,12:04:52,"""CNR9149063""",Cancelled by Driver,"""CID2247608""",Premier Sedan,Bahadurgarh,Sohna Road,4.5,,,,1.0,More than permitted people in there,,,,,,,
2024-09-25,14:10:49,"""CNR3318207""",Cancelled by Customer,"""CID8338234""",Bike,Anand Vihar ISBT,Kirti Nagar,19.8,,1.0,Change of plans,,,,,,,,,
2024-08-09,17:00:21,"""CNR4797388""",Completed,"""CID4727776""",Go Sedan,Greater Kailash,Moti Nagar,4.0,30.9,,,,,,,381.0,29.71,4.2,4.9,Uber Wallet
2024-06-25,08:37:19,"""CNR1901877""",Completed,"""CID7063664""",eBike,Yamuna Bank,Indraprastha,5.5,21.6,,,,,,,453.0,33.71,4.2,4.6,UPI
2024-06-28,08:58:50,"""CNR6621390""",Completed,"""CID9913963""",Go Mini,Chanakyapuri,Panchsheel Park,3.4,17.3,,,,,,,551.0,49.1,4.7,4.8,UPI
2024-03-11,08:52:23,"""CNR2693583""",Cancelled by Driver,"""CID8482067""",Auto,Laxmi Nagar,Panipat,5.8,,,,1.0,Customer related issue,,,,,,,
2024-03-10,10:17:45,"""CNR5586613""",Completed,"""CID2297866""",Uber XL,Sushant Lok,Greater Kailash,9.5,32.8,,,,,,,400.0,39.29,4.3,4.3,Uber Wallet
2024-10-22,10:27:34,"""CNR9323788""",Completed,"""CID1595946""",Premier Sedan,Ghitorni Village,Gwal Pahari,8.5,26.6,,,,,,,544.0,8.57,4.2,3.4,UPI
2024-02-03,22:30:03,"""CNR4600209""",Completed,"""CID9741560""",Premier Sedan,Chirag Delhi,IFFCO Chowk,7.2,28.8,,,,,,,172.0,6.53,4.8,5.0,UPI
2024-08-28,10:52:52,"""CNR8113731""",Cancelled by Driver,"""CID9418401""",Auto,Okhla,Punjabi Bagh,9.5,,,,1.0,Personal & Car related issues,,,,,,,
2024-01-22,20:43:20,"""CNR9458879""",Completed,"""CID6468831""",Bike,Adarsh Nagar,Welcome,10.0,29.2,,,,,,,204.0,7.09,3.0,4.0,UPI
2024-05-09,18:23:42,"""CNR1087521""",Completed,"""CID6862321""",Bike,Ramesh Nagar,Munirka,8.1,15.9,,,,,,,869.0,48.03,4.9,4.9,Uber Wallet
2024-02-09,14:03:02,"""CNR4699410""",No Driver Found,"""CID1271108""",Auto,Hero Honda Chowk,Kherki Daula Toll,,,,,,,,,,,,,
2024-07-11,16:56:13,"""CNR8430544""",Completed,"""CID6956529""",Bike,Panchsheel Park,Delhi Gate,2.8,31.7,,,,,,,369.0,49.25,4.2,4.1,Cash
2024-08-07,17:51:55,"""CNR9346591""",Completed,"""CID4835733""",Go Sedan,Noida Sector 62,Udyog Vihar,8.9,22.5,,,,,,,895.0,45.58,4.2,4.3,Uber Wallet
2024-09-09,10:09:12,"""CNR3068611""",Completed,"""CID8881899""",Uber XL,Panipat,Tagore Garden,10.3,24.9,,,,,,,677.0,6.85,4.0,4.4,Credit Card
2024-01-25,08:37:27,"""CNR5588028""",Incomplete,"""CID2611468""",Premier Sedan,Madipur,Ashram,8.6,10.2,,,,,1.0,Customer Demand,493.0,6.13,,,UPI
2024-07-15,10:45:31,"""CNR3892478""",Completed,"""CID6352755""",Go Sedan,Paschim Vihar,Hauz Khas,6.7,37.9,,,,,,,725.0,32.91,4.6,4.1,UPI
2024-02-03,09:26:07,"""CNR5658075""",Completed,"""CID7577917""",Go Mini,Patel Chowk,Pataudi Chowk,12.1,28.2,,,,,,,390.0,7.85,4.5,4.4,UPI
2024-06-03,09:20:45,"""CNR3361385""",Cancelled by Customer,"""CID6858173""",Premier Sedan,Ghitorni,Kanhaiya Nagar,13.1,,1.0,Change of plans,,,,,,,,,
2024-02-24,10:17:34,"""CNR9941161""",Completed,"""CID5842295""",Auto,Rithala,Saket A Block,5.9,44.4,,,,,,,2602.0,9.41,4.3,4.8,Uber Wallet
2024-12-09,11:21:09,"""CNR5957007""",Completed,"""CID3964418""",Auto,Janakpuri,Sushant Lok,6.4,17.6,,,,,,,400.0,41.59,4.3,4.8,UPI
2024-11-01,11:17:56,"""CNR7435483""",Completed,"""CID7278032""",Go Mini,Saidulajab,Inderlok,9.0,43.1,,,,,,,119.0,31.48,4.2,4.6,UPI
2024-01-13,06:22:04,"""CNR9101083""",Completed,"""CID8520347""",Go Mini,Uttam Nagar,Jor Bagh,9.5,22.3,,,,,,,820.0,8.82,4.2,4.3,Uber Wallet
2024-08-25,12:19:02,"""CNR8997912""",Cancelled by Driver,"""CID4300875""",Auto,INA Market,Nawada,5.1,,,,1.0,The customer was coughing/sick,,,,,,,
2024-09-01,12:25:00,"""CNR3925209""",Completed,"""CID4322067""",Go Sedan,Pataudi Chowk,Kirti Nagar,10.3,29.3,,,,,,,530.0,20.5,3.9,5.0,Credit Card
2024-10-28,14:41:53,"""CNR3527013""",Incomplete,"""CID1843214""",Go Mini,Vishwavidyalaya,Narsinghpur,7.7,18.0,,,,,1.0,Customer Demand,529.0,5.19,,,Cash
2024-08-22,15:50:19,"""CNR4320826""",Completed,"""CID2148819""",Uber XL,Peeragarhi,Anand Vihar,11.8,20.8,,,,,,,293.0,47.77,3.7,4.7,Cash
2024-08-18,09:05:53,"""CNR7796425""",Cancelled by Customer,"""CID3825717""",Auto,Gwal Pahari,Sushant Lok,14.7,,1.0,Driver is not moving towards pickup location,,,,,,,,,
2024-10-31,14:11:06,"""CNR8553567""",Completed,"""CID7724987""",Go Sedan,Gurgaon Sector 56,Kanhaiya Nagar,10.3,16.1,,,,,,,758.0,47.6,4.2,3.8,UPI
2024-06-01,19:15:17,"""CNR8549418""",Cancelled by Driver,"""CID2021281""",Go Sedan,Govindpuri,Rithala,5.0,,,,1.0,Customer related issue,,,,,,,
2024-12-26,14:22:57,"""CNR4654921""",Completed,"""CID3856672""",Auto,Gurgaon Sector 56,Paschim Vihar,3.1,44.8,,,,,,,464.0,4.47,4.6,4.9,Cash
2024-06-04,18:15:42,"""CNR6760429""",Completed,"""CID8234696""",Go Mini,Chirag Delhi,Indraprastha,6.5,39.8,,,,,,,282.0,32.24,3.8,4.1,UPI
2024-11-02,23:41:41,"""CNR4171499""",Completed,"""CID5803023""",Go Sedan,Anand Vihar ISBT,DLF Phase 3,6.7,29.4,,,,,,,953.0,27.81,4.9,4.3,UPI
2024-07-31,11:43:45,"""CNR2546217""",Completed,"""CID8162147""",Uber XL,Palam Vihar,Vishwavidyalaya,7.4,22.0,,,,,,,823.0,25.44,3.4,4.1,Debit Card
2024-06-30,18:19:53,"""CNR4796758""",Incomplete,"""CID5209094""",Bike,Jama Masjid,Kherki Daula Toll,7.4,29.8,,,,,1.0,Other Issue,615.0,2.62,,,UPI
2024-02-03,11:25:57,"""CNR2747989""",Completed,"""CID6848626""",Go Mini,Rohini West,Chirag Delhi,6.4,20.3,,,,,,,390.0,4.67,3.7,4.4,Cash
2024-08-20,00:13:39,"""CNR6333042""",Cancelled by Driver,"""CID5823693""",Auto,Okhla,Khan Market,8.8,,,,1.0,Customer related issue,,,,,,,
2024-12-30,15:14:20,"""CNR5162327""",Completed,"""CID5263338""",Go Mini,Madipur,Ashok Park Main,2.8,27.2,,,,,,,432.0,19.86,4.3,4.1,Cash
2024-01-26,18:31:41,"""CNR7319280""",Completed,"""CID7652063""",Auto,Ghaziabad,Punjabi Bagh,13.1,38.1,,,,,,,848.0,32.31,4.3,4.5,Cash
2024-03-07,22:25:06,"""CNR3204136""",Cancelled by Driver,"""CID5324703""",Go Mini,Akshardham,Ashok Vihar,9.7,,,,1.0,The customer was coughing/sick,,,,,,,
2024-08-22,12:22:30,"""CNR8363501""",Completed,"""CID6768109""",Go Sedan,Seelampur,Indraprastha,6.5,32.7,,,,,,,172.0,37.43,4.3,5.0,Credit Card
2024-10-21,10:38:37,"""CNR7900178""",Completed,"""CID3005443""",Auto,Tughlakabad,Hauz Khas,3.9,41.2,,,,,,,446.0,17.55,4.7,4.3,Cash
2024-05-09,16:43:27,"""CNR4597725""",Incomplete,"""CID2117354""",Premier Sedan,Anand Vihar ISBT,Ambience Mall,7.9,23.6,,,,,1.0,Vehicle Breakdown,240.0,19.03,,,Uber Wallet
2024-07-10,19:54:29,"""CNR5162610""",Cancelled by Customer,"""CID6834894""",Go Mini,Preet Vihar,Ashram,7.6,,1.0,Wrong Address,,,,,,,,,
2024-09-05,05:00:08,"""CNR8840371""",Completed,"""CID7644236""",Auto,Noida Extension,Preet Vihar,2.9,18.9,,,,,,,268.0,5.7,4.2,4.1,UPI
2024-10-18,08:05:02,"""CNR5953100""",Completed,"""CID2954981""",Auto,Punjabi Bagh,Ghaziabad,9.2,35.2,,,,,,,1473.0,30.96,4.2,3.0,UPI
2024-03-23,08:05:21,"""CNR2089740""",Cancelled by Driver,"""CID9263113""",Go Sedan,Faridabad Sector 15,New Delhi Railway Station,6.8,,,,1.0,Personal & Car related issues,,,,,,,
2024-09-02,19:45:19,"""CNR8459069""",Completed,"""CID6954258""",Go Sedan,Saidulajab,Arjangarh,14.8,30.4,,,,,,,321.0,12.21,4.6,4.2,Debit Card
2024-04-20,16:09:27,"""CNR5570706""",Completed,"""CID2232316""",Go Mini,New Delhi Railway Station,Cyber Hub,7.4,41.4,,,,,,,1092.0,28.58,4.7,3.0,Cash
2024-01-09,19:58:40,"""CNR9789574""",Cancelled by Driver,"""CID2505796""",Go Mini,Malviya Nagar,Cyber Hub,9.6,,,,1.0,Personal & Car related issues,,,,,,,
2024-05-26,19:55:54,"""CNR9722959""",Cancelled by Customer,"""CID2548482""",eBike,Model Town,Tilak Nagar,7.4,,1.0,Driver asked to cancel,,,,,,,,,
2024-11-04,19:36:25,"""CNR2039162""",Completed,"""CID9253904""",Go Mini,Vatika Chowk,Narsinghpur,3.7,33.7,,,,,,,426.0,23.62,4.3,3.7,UPI
2024-11-17,15:31:16,"""CNR5280586""",Incomplete,"""CID9130820""",Auto,Tilak Nagar,Lok Kalyan Marg,3.6,11.0,,,,,1.0,Customer Demand,1360.0,5.44,,,Uber Wallet
2024-02-08,11:54:25,"""CNR3310912""",Cancelled by Customer,"""CID9616617""",Go Mini,Chanakyapuri,DLF Phase 3,8.6,,1.0,AC is not working,,,,,,,,,
2024-06-23,03:03:17,"""CNR5179323""",Completed,"""CID7622684""",Auto,Chanakyapuri,Mayur Vihar,8.8,25.7,,,,,,,1200.0,25.39,4.2,3.5,Debit Card
2024-08-09,09:58:51,"""CNR3425755""",Cancelled by Customer,"""CID2532821""",eBike,Tilak Nagar,Rithala,10.4,,1.0,Wrong Address,,,,,,,,,
2024-06-14,00:22:42,"""CNR8768465""",Completed,"""CID5720062""",Bike,Kalkaji,Greater Noida,11.3,32.0,,,,,,,401.0,13.0,3.4,4.4,UPI
2024-07-09,02:21:19,"""CNR2736178""",No Driver Found,"""CID7656320""",Go Mini,Greater Kailash,Ashram,,,,,,,,,,,,,
2024-01-13,20:10:33,"""CNR3641119""",Cancelled by Customer,"""CID7390109""",Uber XL,South Extension,Chhatarpur,10.5,,1.0,Driver asked to cancel,,,,,,,,,
2024-12-13,11:16:20,"""CNR5414032""",Completed,"""CID7268838""",Premier Sedan,Vatika Chowk,Indirapuram,14.9,18.6,,,,,,,427.0,25.03,3.9,5.0,UPI
2024-07-01,21:47:09,"""CNR7653807""",Completed,"""CID5551625""",Premier Sedan,Sarai Kale Khan,Vatika Chowk,14.4,16.3,,,,,,,276.0,2.7,4.3,4.7,Cash
2024-09-28,17:16:52,"""CNR7017308""",Incomplete,"""CID3284435""",Auto,Saket,Arjangarh,3.0,29.4,,,,,1.0,Vehicle Breakdown,268.0,19.63,,,UPI
2024-07-02,07:52:57,"""CNR1306551""",Completed,"""CID6580823""",eBike,Pataudi Chowk,Samaypur Badli,10.3,16.0,,,,,,,371.0,48.45,4.7,4.0,Cash
2024-11-18,21:35:27,"""CNR5944039""",Cancelled by Driver,"""CID2914549""",Premier Sedan,Faridabad Sector 15,Central Secretariat,5.5,,,,1.0,Customer related issue,,,,,,,
2024-10-05,13:08:52,"""CNR7261417""",Completed,"""CID1123112""",Premier Sedan,Basai Dhankot,Inderlok,11.4,16.0,,,,,,,285.0,14.75,4.4,4.6,UPI
2024-05-08,18:14:21,"""CNR3880505""",Completed,"""CID5475102""",eBike,Hauz Khas,Central Secretariat,9.9,20.0,,,,,,,457.0,37.37,4.3,4.2,Uber Wallet
2024-11-28,12:50:36,"""CNR3634944""",Completed,"""CID3484213""",Auto,Noida Sector 18,Noida Film City,11.6,26.1,,,,,,,242.0,18.52,4.6,5.0,UPI
2024-09-26,19:51:08,"""CNR7228298""",Completed,"""CID2372165""",Go Mini,Udyog Bhawan,Jor Bagh,4.1,43.1,,,,,,,835.0,49.82,3.8,4.3,UPI
2024-09-23,19:41:41,"""CNR3722677""",Cancelled by Driver,"""CID4303896""",Bike,Kirti Nagar,Shahdara,10.5,,,,1.0,Customer related issue,,,,,,,
2024-04-01,15:00:30,"""CNR6416199""",Cancelled by Customer,"""CID7605662""",Go Sedan,Moolchand,Panipat,14.5,,1.0,AC is not working,,,,,,,,,
2024-07-18,17:52:11,"""CNR4941246""",Completed,"""CID4974214""",Premier Sedan,Sultanpur,Munirka,11.3,40.7,,,,,,,66.0,19.6,3.9,4.6,Cash
2024-07-30,16:40:43,"""CNR7244104""",No Driver Found,"""CID4652503""",eBike,Subhash Chowk,IMT Manesar,,,,,,,,,,,,,
2024-05-04,08:41:37,"""CNR1085675""",Completed,"""CID4970045""",Bike,Jor Bagh,Greater Kailash,3.1,42.3,,,,,,,168.0,35.53,4.6,4.6,Cash
2024-04-12,22:21:24,"""CNR3222355""",Cancelled by Driver,"""CID5353641""",Bike,Jasola,Moti Nagar,7.0,,,,1.0,Personal & Car related issues,,,,,,,
2024-03-01,08:24:14,"""CNR7854904""",Completed,"""CID9361083""",Go Sedan,Sarai Kale Khan,Chanakyapuri,6.9,20.3,,,,,,,818.0,21.11,3.3,4.3,Cash
2024-07-31,20:23:31,"""CNR5065216""",No Driver Found,"""CID4583837""",Bike,Yamuna Bank,Sarojini Nagar,,,,,,,,,,,,,
2024-11-28,10:13:55,"""CNR6108342""",Cancelled by Customer,"""CID2084415""",Auto,Sonipat,Rohini,18.5,,1.0,Driver asked to cancel,,,,,,,,,
2024-06-01,19:10:13,"""CNR8936536""",Incomplete,"""CID3627390""",Go Mini,Ardee City,Tilak Nagar,3.8,12.1,,,,,1.0,Customer Demand,97.0,16.96,,,Cash
2024-08-17,15:30:26,"""CNR2714404""",Cancelled by Customer,"""CID8818351""",Go Mini,Ashram,Netaji Subhash Place,18.0,,1.0,AC is not working,,,,,,,,,
2024-02-14,20:02:45,"""CNR3550163""",Completed,"""CID9915389""",Premier Sedan,Gurgaon Sector 56,Patel Chowk,10.3,16.1,,,,,,,786.0,12.26,4.2,4.9,UPI
2024-02-13,15:39:21,"""CNR9649556""",Cancelled by Customer,"""CID2506766""",Go Sedan,Tagore Garden,Botanical Garden,17.2,,1.0,Driver asked to cancel,,,,,,,,,
2024-10-24,02:31:20,"""CNR7150862""",Completed,"""CID8047473""",eBike,Lok Kalyan Marg,Akshardham,13.4,42.7,,,,,,,397.0,48.02,4.7,3.7,Cash
2024-11-26,08:28:21,"""CNR4358224""",Incomplete,"""CID9049139""",Bike,Shastri Park,Udyog Vihar,3.3,19.5,,,,,1.0,Vehicle Breakdown,857.0,16.78,,,Uber Wallet
2024-06-15,19:40:05,"""CNR4620992""",Completed,"""CID3025485""",Auto,Sadar Bazar Gurgaon,INA Market,3.8,22.5,,,,,,,95.0,45.69,3.9,5.0,UPI
2024-11-10,18:40:28,"""CNR8243810""",Completed,"""CID7103535""",Premier Sedan,Gwal Pahari,Ashok Vihar,5.9,42.6,,,,,,,186.0,34.12,4.6,4.9,Cash
2024-03-17,14:21:45,"""CNR4493888""",Cancelled by Driver,"""CID9711924""",Premier Sedan,Rajiv Nagar,Manesar,5.3,,,,1.0,The customer was coughing/sick,,,,,,,
2024-01-21,14:49:50,"""CNR3916464""",Completed,"""CID6175138""",Go Mini,Ashram,Ashok Park Main,13.4,19.2,,,,,,,393.0,37.53,4.4,4.2,UPI
2024-04-09,14:50:48,"""CNR2772281""",Completed,"""CID9743632""",Uber XL,RK Puram,Ashok Vihar,12.9,38.2,,,,,,,730.0,5.7,4.2,4.6,Uber Wallet
2024-11-09,18:38:46,"""CNR3333738""",Completed,"""CID6725445""",Auto,India Gate,Nirman Vihar,10.9,16.0,,,,,,,750.0,46.83,4.2,3.7,Cash
2024-07-02,14:41:25,"""CNR5063951""",Cancelled by Driver,"""CID9581766""",Go Mini,Ambience Mall,Shastri Park,11.3,,,,1.0,The customer was coughing/sick,,,,,,,
2024-05-09,18:01:55,"""CNR6904125""",Cancelled by Driver,"""CID5594219""",Premier Sedan,Vishwavidyalaya,Uttam Nagar,4.0,,,,1.0,Personal & Car related issues,,,,,,,
2024-02-16,15:16:25,"""CNR3980266""",Completed,"""CID2229378""",Premier Sedan,Ambience Mall,Chirag Delhi,2.1,19.1,,,,,,,489.0,18.0,4.2,4.2,Uber Wallet
2024-02-09,16:07:36,"""CNR9477897""",Completed,"""CID2025424""",eBike,Barakhamba Road,Dwarka Sector 21,13.6,29.2,,,,,,,55.0,48.73,4.3,4.6,UPI
2024-03-29,16:27:16,"""CNR6203599""",Cancelled by Customer,"""CID3310907""",Bike,IMT Manesar,Subhash Chowk,15.6,,1.0,Change of plans,,,,,,,,,
2024-02-20,17:06:25,"""CNR3381933""",Incomplete,"""CID5768921""",Premier Sedan,Tilak Nagar,Rithala,7.3,16.1,,,,,1.0,Vehicle Breakdown,671.0,14.24,,,Cash
2024-05-23,00:43:50,"""CNR3493259""",Incomplete,"""CID5606863""",Premier Sedan,Udyog Bhawan,Noida Extension,5.3,29.3,,,,,1.0,Vehicle Breakdown,371.0,4.0,,,UPI
2024-08-22,15:31:21,"""CNR7964920""",Incomplete,"""CID5793178""",Premier Sedan,Delhi Gate,Tilak Nagar,9.2,14.3,,,,,1.0,Vehicle Breakdown,889.0,2.62,,,Uber Wallet
2024-03-10,19:57:52,"""CNR7077018""",Incomplete,"""CID1729279""",Go Mini,Ardee City,Malviya Nagar,6.2,26.7,,,,,1.0,Customer Demand,182.0,16.38,,,UPI
2024-06-13,14:15:42,"""CNR8918573""",Completed,"""CID8409945""",Bike,Patel Chowk,Yamuna Bank,9.0,36.7,,,,,,,100.0,16.34,4.9,4.2,UPI
2024-04-26,23:59:02,"""CNR4310937""",No Driver Found,"""CID3219211""",Go Sedan,Shastri Park,Maidan Garhi,,,,,,,,,,,,,
2024-03-10,10:42:30,"""CNR7511982""",Completed,"""CID5827042""",Premier Sedan,Nirman Vihar,Tilak Nagar,14.5,17.4,,,,,,,701.0,10.1,4.7,4.6,Debit Card
2024-12-18,20:43:23,"""CNR2499069""",Completed,"""CID3867504""",Auto,Badarpur,IMT Manesar,12.0,34.9,,,,,,,409.0,48.32,4.6,4.4,UPI
2024-06-27,16:06:37,"""CNR1111351""",Completed,"""CID5682548""",Bike,Azadpur,Golf Course Road,10.5,28.5,,,,,,,360.0,21.16,4.3,4.2,UPI
2024-10-11,17:44:44,"""CNR1271463""",Completed,"""CID6568424""",Auto,Kashmere Gate ISBT,Inderlok,13.1,17.6,,,,,,,599.0,20.73,4.2,3.1,UPI
2024-01-26,18:48:53,"""CNR9650524""",Completed,"""CID7426774""",Go Sedan,Ambience Mall,Khan Market,5.5,44.5,,,,,,,361.0,33.31,3.9,3.9,UPI
2024-07-04,09:40:57,"""CNR9555351""",Completed,"""CID7719762""",Bike,Vidhan Sabha,Gurgaon Sector 56,7.3,36.4,,,,,,,1500.0,8.0,4.3,4.1,Cash
2024-05-04,20:47:23,"""CNR2951214""",Completed,"""CID5148469""",Go Sedan,Malviya Nagar,Khandsa,4.0,17.7,,,,,,,116.0,8.55,4.3,3.0,Credit Card
2024-06-18,16:41:53,"""CNR4189841""",Completed,"""CID8078001""",Auto,Noida Film City,New Delhi Railway Station,11.2,42.1,,,,,,,130.0,21.19,4.3,4.0,Uber Wallet
2024-05-21,18:14:00,"""CNR9288923""",Cancelled by Driver,"""CID4977854""",Go Sedan,Hero Honda Chowk,Pragati Maidan,7.3,,,,1.0,Customer related issue,,,,,,,
2024-04-28,19:17:25,"""CNR3023358""",Completed,"""CID2737847""",Premier Sedan,Jhilmil,MG Road,9.1,40.5,,,,,,,793.0,24.47,4.6,4.5,Credit Card
2024-03-03,12:45:41,"""CNR8192926""",Completed,"""CID8280785""",Bike,Old Gurgaon,Meerut,6.0,39.7,,,,,,,656.0,33.5,3.3,4.7,UPI
2024-10-06,08:23:16,"""CNR6145681""",Completed,"""CID5174804""",Auto,Inderlok,Aya Nagar,4.5,34.7,,,,,,,459.0,2.99,3.2,4.6,UPI
2024-12-04,09:09:28,"""CNR5897301""",Cancelled by Driver,"""CID1710984""",Bike,Faridabad Sector 15,Ashram,10.7,,,,1.0,More than permitted people in there,,,,,,,
2024-03-25,15:55:35,"""CNR3049045""",Cancelled by Customer,"""CID5187062""",eBike,Golf Course Road,Kashmere Gate,12.9,,1.0,Driver is not moving towards pickup location,,,,,,,,,
2024-02-22,17:33:26,"""CNR4478535""",Completed,"""CID9963420""",Go Sedan,Aya Nagar,Lal Quila,8.4,33.2,,,,,,,934.0,36.4,4.6,4.6,Cash
2024-06-14,17:32:48,"""CNR5829184""",Completed,"""CID6218516""",Premier Sedan,Udyog Vihar,Saket,5.1,23.3,,,,,,,168.0,11.84,4.3,4.6,Cash
2024-12-10,12:01:53,"""CNR2721216""",Completed,"""CID2786401""",Bike,Laxmi Nagar,Ashram,7.6,42.4,,,,,,,679.0,46.45,4.1,4.2,UPI
2024-12-25,18:26:59,"""CNR2871386""",Incomplete,"""CID9297857""",Go Mini,Chirag Delhi,Inderlok,4.6,22.3,,,,,1.0,Vehicle Breakdown,291.0,19.42,,,UPI
2024-12-03,15:15:03,"""CNR9386339""",Completed,"""CID9596002""",Auto,Vasant Kunj,Jhilmil,6.9,27.5,,,,,,,683.0,30.66,4.3,3.7,Debit Card
2024-08-10,03:20:15,"""CNR5584049""",Completed,"""CID1613581""",Auto,Manesar,Jahangirpuri,5.4,15.7,,,,,,,286.0,15.9,4.1,4.9,Uber Wallet
2024-02-19,07:29:49,"""CNR1774790""",Completed,"""CID4214350""",Premier Sedan,Inderlok,Ghaziabad,2.3,40.8,,,,,,,832.0,8.26,4.8,4.9,Cash
2024-01-07,18:57:00,"""CNR3919378""",Completed,"""CID7397072""",Premier Sedan,Manesar,Tilak Nagar,13.6,39.0,,,,,,,417.0,4.42,4.2,4.6,UPI
2024-08-07,11:35:30,"""CNR6990854""",Completed,"""CID9143094""",Auto,Nehru Place,Madipur,10.2,43.0,,,,,,,270.0,28.68,4.2,3.9,UPI
2024-10-19,19:23:12,"""CNR5542839""",Completed,"""CID5223132""",Go Mini,Nirman Vihar,Mandi House,15.0,28.8,,,,,,,283.0,48.14,4.6,4.9,Debit Card
2024-02-24,16:48:26,"""CNR5142531""",Cancelled by Customer,"""CID2754929""",Go Mini,Mundka,Ashok Park Main,13.0,,1.0,Driver asked to cancel,,,,,,,,,
2024-04-03,19:01:09,"""CNR8078896""",Completed,"""CID7833991""",Go Mini,Aya Nagar,Samaypur Badli,14.5,39.7,,,,,,,345.0,41.03,4.2,5.0,UPI
2024-09-13,19:39:24,"""CNR5700394""",Completed,"""CID8079557""",Bike,Sonipat,Ashok Vihar,11.7,40.6,,,,,,,444.0,33.32,4.3,4.2,UPI
2024-01-15,23:11:01,"""CNR1650543""",Cancelled by Driver,"""CID3094456""",Auto,DLF Phase 3,Delhi Gate,10.3,,,,1.0,More than permitted people in there,,,,,,,
2024-02-28,19:09:17,"""CNR7468182""",Completed,"""CID9036186""",Go Sedan,Saket A Block,Golf Course Road,13.5,18.0,,,,,,,350.0,40.21,4.7,4.9,UPI
2024-02-12,12:51:48,"""CNR1629900""",Cancelled by Driver,"""CID4988129""",Go Mini,Rithala,Ambience Mall,11.6,,,,1.0,Customer related issue,,,,,,,
2024-10-02,10:40:42,"""CNR1766468""",Cancelled by Driver,"""CID6406613""",Auto,Indirapuram,Mayur Vihar,4.4,,,,1.0,The customer was coughing/sick,,,,,,,
2024-10-04,09:51:38,"""CNR5692203""",Incomplete,"""CID8466387""",Premier Sedan,AIIMS,Ramesh Nagar,2.8,20.7,,,,,1.0,Other Issue,116.0,7.65,,,Uber Wallet
2024-09-01,09:10:39,"""CNR8647039""",Completed,"""CID9942260""",Auto,Pitampura,Nirman Vihar,5.6,22.7,,,,,,,417.0,48.51,4.3,4.4,Uber Wallet
2024-07-11,20:19:47,"""CNR7202446""",Cancelled by Driver,"""CID2369014""",Auto,Model Town,Chanakyapuri,7.4,,,,1.0,Personal & Car related issues,,,,,,,
2024-08-09,10:49:31,"""CNR4749480""",Cancelled by Driver,"""CID7883416""",Auto,Sadar Bazar Gurgaon,AIIMS,3.6,,,,1.0,Personal & Car related issues,,,,,,,
2024-08-01,17:11:51,"""CNR1799371""",Cancelled by Customer,"""CID8797966""",Go Sedan,Tilak Nagar,Dwarka Sector 21,8.7,,1.0,Change of plans,,,,,,,,,
2024-10-09,11:01:59,"""CNR9358340""",No Driver Found,"""CID9679124""",Bike,India Gate,Rajiv Nagar,,,,,,,,,,,,,
2024-09-10,11:35:42,"""CNR4863176""",Completed,"""CID3395032""",Go Sedan,Ghitorni,DLF Phase 3,14.7,30.4,,,,,,,370.0,41.62,4.3,4.3,Cash
2024-01-27,02:40:17,"""CNR4234516""",Completed,"""CID7694433""",Auto,Laxmi Nagar,Lal Quila,9.3,16.6,,,,,,,327.0,14.71,4.3,4.4,UPI
2024-08-25,19:45:50,"""CNR8201906""",Cancelled by Driver,"""CID8886391""",Go Mini,Kherki Daula Toll,Preet Vihar,10.1,,,,1.0,More than permitted people in there,,,,,,,
2024-02-24,11:24:53,"""CNR1736900""",Completed,"""CID4708164""",Bike,Connaught Place,Seelampur,7.0,42.0,,,,,,,153.0,36.2,4.2,4.3,Cash
2024-05-17,21:16:50,"""CNR4415823""",Completed,"""CID7564583""",Go Sedan,Noida Sector 62,Kherki Daula Toll,14.6,44.2,,,,,,,396.0,5.08,3.4,4.8,UPI
2024-11-20,23:44:09,"""CNR2746687""",Completed,"""CID3281428""",Go Mini,Okhla,Pulbangash,2.9,23.6,,,,,,,527.0,47.93,4.2,4.2,UPI
2024-11-10,17:14:15,"""CNR1561286""",Cancelled by Driver,"""CID2864285""",Go Mini,Sadar Bazar Gurgaon,Lajpat Nagar,5.6,,,,1.0,Customer related issue,,,,,,,
2024-08-06,15:56:31,"""CNR5939344""",Incomplete,"""CID4002542""",Uber XL,Barakhamba Road,Gurgaon Sector 56,8.9,26.8,,,,,1.0,Customer Demand,82.0,16.78,,,Cash
2024-06-05,02:29:53,"""CNR1277721""",No Driver Found,"""CID9091796""",Auto,Nawada,Dwarka Sector 21,,,,,,,,,,,,,
2024-04-18,20:26:30,"""CNR7269052""",Completed,"""CID4782154""",Auto,Lal Quila,Vasant Kunj,12.7,34.3,,,,,,,321.0,10.81,4.5,4.9,Uber Wallet
2024-11-29,20:33:37,"""CNR7292221""",Cancelled by Customer,"""CID6600378""",Premier Sedan,Tilak Nagar,Rohini East,10.9,,1.0,Change of plans,,,,,,,,,
2024-09-08,23:31:54,"""CNR5019274""",Completed,"""CID3197117""",Auto,Ardee City,Gurgaon Railway Station,14.6,24.5,,,,,,,361.0,24.63,3.9,4.4,Cash
2024-12-07,22:21:28,"""CNR2176262""",No Driver Found,"""CID5796472""",Go Sedan,Hauz Rani,Chanakyapuri,,,,,,,,,,,,,
2024-08-06,10:57:00,"""CNR9622738""",Cancelled by Customer,"""CID9570375""",Go Sedan,Gwal Pahari,Lok Kalyan Marg,16.3,,1.0,AC is not working,,,,,,,,,
2024-03-02,17:34:25,"""CNR2690574""",Cancelled by Driver,"""CID6259289""",Premier Sedan,Pragati Maidan,Govindpuri,9.8,,,,1.0,The customer was coughing/sick,,,,,,,
2024-07-12,19:55:31,"""CNR2388946""",Completed,"""CID7721327""",Auto,Delhi Gate,Samaypur Badli,14.4,24.9,,,,,,,676.0,46.35,4.9,4.5,Uber Wallet
2024-12-04,10:01:21,"""CNR9124961""",Cancelled by Customer,"""CID2377773""",eBike,Golf Course Road,Gurgaon Sector 56,16.0,,1.0,Change of plans,,,,,,,,,
2024-05-06,14:42:49,"""CNR4643779""",Completed,"""CID4566199""",Bike,Vidhan Sabha,Raj Nagar Extension,5.2,38.4,,,,,,,478.0,4.28,4.0,4.3,Credit Card
2024-11-13,11:50:19,"""CNR5312181""",Completed,"""CID6358953""",Go Mini,South Extension,Vatika Chowk,2.2,32.2,,,,,,,286.0,32.87,4.6,4.2,UPI
2024-04-20,08:46:52,"""CNR5660638""",Completed,"""CID8770314""",Bike,Mehrauli,Hauz Khas,9.9,17.4,,,,,,,193.0,20.02,4.4,4.1,UPI
2024-06-22,07:29:55,"""CNR4620825""",Completed,"""CID1578678""",eBike,RK Puram,Lajpat Nagar,12.2,18.2,,,,,,,369.0,32.08,4.9,4.6,Cash
2024-02-15,14:51:26,"""CNR6271586""",Cancelled by Customer,"""CID9740776""",Go Sedan,Tughlakabad,Welcome,15.4,,1.0,Driver asked to cancel,,,,,,,,,
2024-03-21,20:50:52,"""CNR8877242""",Completed,"""CID6214277""",Bike,Samaypur Badli,Ardee City,5.0,32.2,,,,,,,291.0,25.89,4.3,4.2,Debit Card
2024-07-07,14:49:43,"""CNR7622907""",Cancelled by Driver,"""CID8400495""",Auto,Manesar,Gwal Pahari,5.0,,,,1.0,More than permitted people in there,,,,,,,
2024-09-17,17:58:33,"""CNR3198787""",Completed,"""CID7133947""",Go Mini,Cyber Hub,India Gate,12.4,34.5,,,,,,,658.0,32.91,4.2,4.6,UPI
2024-06-06,17:21:40,"""CNR7844551""",Completed,"""CID1463414""",Premier Sedan,Sonipat,Chirag Delhi,10.4,17.5,,,,,,,237.0,37.34,4.3,4.2,Cash
2024-01-13,04:02:31,"""CNR4603528""",Cancelled by Driver,"""CID4395336""",eBike,Chanakyapuri,Sarojini Nagar,11.5,,,,1.0,Customer related issue,,,,,,,
2024-12-30,17:32:19,"""CNR7585022""",Completed,"""CID3870901""",Auto,Yamuna Bank,Munirka,7.7,42.5,,,,,,,452.0,47.94,4.3,4.1,UPI
2024-04-28,12:19:53,"""CNR2867942""",No Driver Found,"""CID2577491""",Premier Sedan,Mansarovar Park,Laxmi Nagar,,,,,,,,,,,,,
2024-03-14,15:59:50,"""CNR7822022""",Completed,"""CID7189385""",Auto,Yamuna Bank,Hauz Rani,5.6,35.4,,,,,,,472.0,29.98,4.8,4.3,Credit Card
2024-06-02,12:04:48,"""CNR5519619""",Completed,"""CID6022408""",Premier Sedan,DLF Phase 3,Chanakyapuri,6.1,15.9,,,,,,,1139.0,13.4,4.3,3.6,Cash
2024-07-06,19:37:40,"""CNR3934615""",Completed,"""CID6771215""",Uber XL,Sarai Kale Khan,Pataudi Chowk,11.5,24.8,,,,,,,165.0,15.59,4.2,4.9,Credit Card
2024-10-12,11:18:25,"""CNR2209097""",No Driver Found,"""CID6762669""",Go Sedan,Gwal Pahari,Munirka,,,,,,,,,,,,,
2024-11-19,08:57:16,"""CNR4515827""",Cancelled by Driver,"""CID7816296""",Auto,Satguru Ram Singh Marg,Kanhaiya Nagar,6.5,,,,1.0,The customer was coughing/sick,,,,,,,
2024-02-18,18:22:01,"""CNR9497582""",Completed,"""CID9740464""",Go Mini,RK Puram,Sarai Kale Khan,7.1,15.9,,,,,,,258.0,22.17,4.7,4.9,Credit Card
2024-11-05,01:00:54,"""CNR3119053""",Completed,"""CID9286613""",Go Mini,Shastri Park,DLF City Court,10.2,21.9,,,,,,,135.0,5.84,4.9,4.5,Credit Card
2024-11-12,09:23:57,"""CNR9527971""",Completed,"""CID3641204""",Go Mini,MG Road,Nirman Vihar,6.0,39.7,,,,,,,284.0,8.48,3.8,4.3,UPI
2024-03-29,23:39:03,"""CNR9937243""",Completed,"""CID2751517""",Bike,Shahdara,Rohini East,8.7,15.4,,,,,,,253.0,34.75,4.2,4.1,Uber Wallet
2024-12-19,14:47:42,"""CNR2359252""",Cancelled by Driver,"""CID8137513""",Go Sedan,Gurgaon Sector 29,Vatika Chowk,7.8,,,,1.0,More than permitted people in there,,,,,,,
2024-07-27,17:04:34,"""CNR8504716""",Completed,"""CID5506632""",Auto,Adarsh Nagar,Mansarovar Park,10.6,43.9,,,,,,,860.0,49.76,4.5,3.7,Debit Card
2024-09-14,22:23:55,"""CNR9785044""",Completed,"""CID3961502""",Auto,New Delhi Railway Station,Vishwavidyalaya,3.2,20.0,,,,,,,521.0,32.58,4.3,4.6,Credit Card
2024-09-14,09:13:55,"""CNR1015268""",Cancelled by Driver,"""CID2544915""",Auto,Shivaji Park,Punjabi Bagh,7.9,,,,1.0,More than permitted people in there,,,,,,,
2024-10-05,19:27:30,"""CNR3623795""",Cancelled by Driver,"""CID4052684""",Auto,Vatika Chowk,Palam Vihar,4.1,,,,1.0,More than permitted people in there,,,,,,,
2024-01-15,13:18:51,"""CNR5364896""",Completed,"""CID8387341""",Bike,Keshav Puram,Noida Sector 62,4.1,45.0,,,,,,,496.0,42.29,3.7,4.5,Cash
2024-11-02,13:53:12,"""CNR2700760""",Cancelled by Driver,"""CID4351526""",Go Mini,Rohini East,Vasant Kunj,10.0,,,,1.0,Customer related issue,,,,,,,
2024-01-05,07:14:10,"""CNR7297071""",No Driver Found,"""CID7101897""",Auto,Jama Masjid,Lok Kalyan Marg,,,,,,,,,,,,,
2024-08-11,10:47:34,"""CNR7494277""",Completed,"""CID8514681""",Auto,Anand Vihar ISBT,Nawada,6.6,27.3,,,,,,,198.0,11.51,4.1,4.1,UPI
2024-05-24,23:33:47,"""CNR6781594""",Completed,"""CID9497315""",Auto,Janakpuri,Netaji Subhash Place,3.0,28.5,,,,,,,962.0,31.63,3.6,4.8,UPI
2024-07-06,17:06:13,"""CNR4841691""",Completed,"""CID8945567""",Auto,Kherki Daula Toll,Barakhamba Road,4.3,42.1,,,,,,,419.0,25.77,3.7,4.4,UPI
2024-01-18,15:34:53,"""CNR3233952""",Cancelled by Driver,"""CID2252173""",Auto,Bahadurgarh,Meerut,4.6,,,,1.0,The customer was coughing/sick,,,,,,,
2024-12-24,07:11:46,"""CNR6206573""",Cancelled by Customer,"""CID4982189""",Go Mini,Sonipat,Chirag Delhi,19.3,,1.0,AC is not working,,,,,,,,,
2024-05-25,09:55:11,"""CNR3537565""",Incomplete,"""CID3312498""",Go Mini,Mandi House,Patel Chowk,3.4,12.5,,,,,1.0,Vehicle Breakdown,913.0,12.85,,,Credit Card
2024-06-06,12:11:47,"""CNR5741789""",No Driver Found,"""CID4331117""",eBike,Greater Noida,Badshahpur,,,,,,,,,,,,,
2024-10-06,16:50:44,"""CNR5260058""",Completed,"""CID8439006""",Uber XL,Delhi Gate,Maidan Garhi,10.1,23.3,,,,,,,536.0,35.99,4.4,4.8,Credit Card
2024-07-24,21:31:16,"""CNR6999975""",Incomplete,"""CID4455988""",Bike,Badarpur,Raj Nagar Extension,3.1,16.9,,,,,1.0,Vehicle Breakdown,470.0,13.04,,,Credit Card
2024-11-11,07:36:25,"""CNR5005459""",Completed,"""CID5099757""",Auto,Badarpur,Jhilmil,5.2,39.3,,,,,,,107.0,35.81,4.2,4.5,UPI
2024-09-10,17:36:40,"""CNR2495553""",Completed,"""CID8965895""",Auto,Udyog Vihar Phase 4,Narsinghpur,13.8,23.1,,,,,,,74.0,31.2,4.3,4.2,Cash
2024-08-22,13:34:51,"""CNR3529436""",Cancelled by Driver,"""CID5176903""",Auto,Rohini East,Mansarovar Park,7.6,,,,1.0,Customer related issue,,,,,,,
2024-05-13,16:06:18,"""CNR9503699""",Incomplete,"""CID5586756""",eBike,Ashok Park Main,Lajpat Nagar,4.1,16.8,,,,,1.0,Vehicle Breakdown,453.0,4.75,,,UPI
2024-10-03,20:45:34,"""CNR3938954""",Completed,"""CID5272851""",Bike,Chhatarpur,India Gate,2.8,29.0,,,,,,,355.0,37.96,3.7,3.1,UPI
2024-12-05,21:00:04,"""CNR1549670""",Completed,"""CID8202310""",Bike,Karkarduma,Faridabad Sector 15,2.0,31.6,,,,,,,389.0,37.1,4.2,4.3,UPI
2024-07-04,18:09:10,"""CNR8380131""",Completed,"""CID8480883""",Auto,Ashok Park Main,Subhash Chowk,13.1,31.2,,,,,,,718.0,4.74,4.3,4.2,UPI
2024-02-26,19:01:35,"""CNR6671398""",Completed,"""CID2059833""",Go Mini,Vishwavidyalaya,Vinobapuri,10.2,18.3,,,,,,,234.0,25.58,3.1,4.4,UPI
2024-09-16,10:11:01,"""CNR2605113""",Cancelled by Driver,"""CID2708672""",Auto,Hero Honda Chowk,Paschim Vihar,5.8,,,,1.0,More than permitted people in there,,,,,,,
2024-12-24,14:26:31,"""CNR5728525""",Completed,"""CID8050327""",Bike,Bhiwadi,Central Secretariat,14.0,24.9,,,,,,,438.0,17.07,4.6,3.9,Cash
2024-05-16,23:33:06,"""CNR4540592""",Cancelled by Driver,"""CID8459321""",Go Sedan,Gurgaon Railway Station,Udyog Vihar Phase 4,3.1,,,,1.0,Customer related issue,,,,,,,
2024-06-17,16:06:42,"""CNR4220356""",Incomplete,"""CID3834390""",Go Mini,Govindpuri,Gurgaon Railway Station,5.5,10.7,,,,,1.0,Customer Demand,427.0,16.17,,,Credit Card
2024-07-06,18:38:19,"""CNR4088153""",Completed,"""CID4916643""",Auto,Ashok Park Main,Kashmere Gate ISBT,4.6,40.6,,,,,,,163.0,19.44,4.1,4.3,Cash
2024-07-31,18:01:46,"""CNR4698697""",Cancelled by Driver,"""CID5359011""",Auto,Sarai Kale Khan,Lajpat Nagar,6.0,,,,1.0,Personal & Car related issues,,,,,,,
2024-08-25,04:03:06,"""CNR7764657""",Completed,"""CID9798664""",eBike,Delhi Gate,Pragati Maidan,7.0,36.9,,,,,,,298.0,3.33,4.7,4.5,UPI
2024-06-24,18:13:09,"""CNR7112589""",Completed,"""CID3355055""",Go Mini,Qutub Minar,Saket,6.3,15.3,,,,,,,418.0,32.63,4.6,4.4,UPI
2024-04-24,18:43:42,"""CNR3707947""",Completed,"""CID7461305""",Go Sedan,Madipur,Ghitorni Village,12.3,34.6,,,,,,,954.0,12.61,4.7,4.5,Cash
2024-03-19,20:31:32,"""CNR3318232""",Incomplete,"""CID2435090""",Go Mini,Punjabi Bagh,Basai Dhankot,8.9,19.2,,,,,1.0,Other Issue,607.0,4.01,,,UPI
2024-01-31,20:40:08,"""CNR6245077""",Completed,"""CID3409699""",Auto,Green Park,Hauz Khas,6.1,41.0,,,,,,,236.0,43.81,4.5,4.9,UPI
2024-07-06,21:33:10,"""CNR2403206""",Completed,"""CID1660793""",Auto,Palam Vihar,Model Town,10.6,41.6,,,,,,,363.0,49.81,4.5,4.5,Credit Card
2024-01-23,17:06:58,"""CNR8396244""",Completed,"""CID8334522""",Bike,Kashmere Gate ISBT,Gurgaon Sector 29,12.1,32.0,,,,,,,501.0,30.98,4.2,4.9,UPI
2024-11-23,20:47:08,"""CNR3570322""",Completed,"""CID6479924""",eBike,Indraprastha,Satguru Ram Singh Marg,14.2,31.5,,,,,,,758.0,41.65,4.1,3.1,Credit Card
2024-07-12,04:25:49,"""CNR8959898""",Cancelled by Driver,"""CID2426827""",Go Mini,Panchsheel Park,Sushant Lok,6.7,,,,1.0,Personal & Car related issues,,,,,,,
2024-10-07,04:17:03,"""CNR9541740""",Cancelled by Driver,"""CID2119702""",Premier Sedan,Khandsa,Ashok Vihar,5.6,,,,1.0,The customer was coughing/sick,,,,,,,
2024-03-21,09:32:14,"""CNR9578940""",Cancelled by Driver,"""CID5453315""",Auto,Nawada,Vasant Kunj,8.2,,,,1.0,Customer related issue,,,,,,,
2024-08-30,21:52:12,"""CNR2022826""",Completed,"""CID8993084""",eBike,Kadarpur,Faridabad Sector 15,7.9,23.1,,,,,,,896.0,36.78,4.2,4.8,UPI
2024-04-10,12:33:14,"""CNR7175306""",No Driver Found,"""CID4574330""",Go Sedan,Udyog Vihar Phase 4,Subhash Chowk,,,,,,,,,,,,,
2024-08-28,18:02:26,"""CNR5239476""",Cancelled by Driver,"""CID6809966""",Go Sedan,Panchsheel Park,Indraprastha,6.7,,,,1.0,The customer was coughing/sick,,,,,,,
2024-09-11,20:42:08,"""CNR8221140""",Cancelled by Driver,"""CID6242974""",Uber XL,Dwarka Mor,RK Puram,11.5,,,,1.0,The customer was coughing/sick,,,,,,,
2024-08-24,18:43:30,"""CNR4783162""",Cancelled by Driver,"""CID4745972""",Go Sedan,Rohini East,Lajpat Nagar,10.5,,,,1.0,The customer was coughing/sick,,,,,,,
2024-08-19,17:35:07,"""CNR8767552""",Cancelled by Driver,"""CID1395182""",Go Mini,Vasant Kunj,Sonipat,3.7,,,,1.0,Personal & Car related issues,,,,,,,
2024-01-23,19:07:30,"""CNR5857244""",Completed,"""CID1364076""",Bike,AIIMS,Rohini East,9.6,37.3,,,,,,,65.0,4.9,3.9,4.1,Uber Wallet
2024-12-14,18:58:59,"""CNR5170349""",Cancelled by Driver,"""CID9246779""",Bike,Azadpur,Shastri Nagar,3.9,,,,1.0,Personal & Car related issues,,,,,,,
2024-05-23,20:40:38,"""CNR3164341""",Cancelled by Driver,"""CID6091092""",Auto,Rajiv Nagar,Gurgaon Railway Station,3.5,,,,1.0,Personal & Car related issues,,,,,,,
2024-06-04,13:14:46,"""CNR2894484""",Cancelled by Driver,"""CID6147692""",Auto,Dilshad Garden,Saidulajab,10.9,,,,1.0,The customer was coughing/sick,,,,,,,
2024-03-03,14:22:45,"""CNR4222921""",Incomplete,"""CID4570041""",Bike,Badshahpur,Aya Nagar,7.4,19.6,,,,,1.0,Customer Demand,1331.0,9.08,,,Cash
2024-08-20,18:46:24,"""CNR9918901""",Completed,"""CID6082605""",Premier Sedan,Ramesh Nagar,Bhikaji Cama Place,10.2,34.4,,,,,,,947.0,12.8,4.1,4.3,UPI
2024-04-25,12:07:25,"""CNR6513582""",Cancelled by Driver,"""CID7660379""",Auto,Uttam Nagar,Chandni Chowk,8.4,,,,1.0,More than permitted people in there,,,,,,,
2024-05-05,06:54:34,"""CNR7489834""",Completed,"""CID6536269""",Auto,Kanhaiya Nagar,Gurgaon Sector 29,14.3,33.3,,,,,,,1272.0,7.97,4.6,4.3,Debit Card
2024-02-19,20:50:08,"""CNR6767875""",Cancelled by Driver,"""CID6517955""",Bike,Chirag Delhi,ITO,12.0,,,,1.0,Customer related issue,,,,,,,
2024-11-06,09:06:26,"""CNR8970933""",No Driver Found,"""CID8944497""",Bike,Yamuna Bank,Shastri Park,,,,,,,,,,,,,
2024-09-16,12:57:00,"""CNR6528217""",Incomplete,"""CID9411231""",Go Mini,Munirka,Model Town,5.5,25.8,,,,,1.0,Vehicle Breakdown,387.0,8.69,,,UPI
2024-01-12,18:29:14,"""CNR2346258""",Cancelled by Customer,"""CID7858849""",Auto,Manesar,Janakpuri,9.6,,1.0,Wrong Address,,,,,,,,,
2024-07-12,12:05:58,"""CNR7775092""",Completed,"""CID4960767""",Auto,Badarpur,Pitampura,10.6,18.7,,,,,,,178.0,23.96,5.0,4.6,Cash
2024-10-17,07:09:58,"""CNR1048296""",Completed,"""CID9316808""",Bike,Sikanderpur,Rithala,2.4,25.9,,,,,,,73.0,3.64,4.3,4.4,UPI
2024-03-10,07:50:48,"""CNR8893304""",Cancelled by Driver,"""CID8380275""",Auto,Bhikaji Cama Place,Noida Extension,9.1,,,,1.0,Customer related issue,,,,,,,
2024-07-26,21:29:33,"""CNR7837564""",Completed,"""CID2115431""",Auto,Badshahpur,Gurgaon Sector 29,11.5,37.7,,,,,,,855.0,10.51,4.9,4.9,Cash
2024-06-01,00:36:18,"""CNR7601101""",Cancelled by Driver,"""CID4513591""",Auto,Delhi Gate,Kanhaiya Nagar,5.7,,,,1.0,The customer was coughing/sick,,,,,,,
2024-04-12,01:51:40,"""CNR8323413""",Completed,"""CID5415856""",Auto,Sultanpur,Rithala,2.8,27.6,,,,,,,647.0,39.52,3.4,3.0,Cash
2024-11-17,04:21:22,"""CNR6662417""",Cancelled by Driver,"""CID5124006""",Auto,New Delhi Railway Station,Shastri Park,8.0,,,,1.0,More than permitted people in there,,,,,,,
2024-05-04,20:57:17,"""CNR8791188""",Completed,"""CID7260219""",Bike,Yamuna Bank,Rohini West,9.3,43.7,,,,,,,1445.0,33.9,4.3,4.4,UPI
2024-10-09,05:00:16,"""CNR9967849""",Cancelled by Driver,"""CID8205685""",Auto,Janakpuri,Barakhamba Road,11.1,,,,1.0,Personal & Car related issues,,,,,,,
2024-03-29,17:20:44,"""CNR4396631""",Completed,"""CID9014665""",Go Mini,Lok Kalyan Marg,Yamuna Bank,14.8,29.4,,,,,,,1271.0,31.19,4.9,4.1,Uber Wallet
2024-11-16,12:25:39,"""CNR9400327""",Completed,"""CID3233272""",Bike,Chirag Delhi,Mandi House,3.9,44.6,,,,,,,159.0,12.74,4.3,3.5,Cash
2024-10-22,15:24:27,"""CNR1957446""",Completed,"""CID6002492""",Bike,Saidulajab,Vaishali,14.5,20.1,,,,,,,157.0,15.9,4.8,4.5,Cash
2024-12-15,06:59:25,"""CNR5359778""",No Driver Found,"""CID9578975""",Go Mini,Karkarduma,Hero Honda Chowk,,,,,,,,,,,,,
2024-05-04,10:31:43,"""CNR5360176""",Completed,"""CID9058941""",Go Sedan,Ghaziabad,Keshav Puram,5.0,42.6,,,,,,,278.0,33.72,4.5,4.7,UPI
2024-02-17,16:29:58,"""CNR6647706""",Completed,"""CID5980040""",Go Mini,Bhiwadi,DLF Phase 3,8.2,30.9,,,,,,,1033.0,11.96,4.6,4.6,UPI
2024-09-25,17:57:42,"""CNR4954249""",Completed,"""CID6861549""",Go Sedan,Nirman Vihar,Faridabad Sector 15,5.0,24.5,,,,,,,438.0,35.8,4.2,4.2,UPI
2024-04-18,08:49:53,"""CNR5488992""",Cancelled by Driver,"""CID3444099""",Go Mini,Sushant Lok,Okhla,9.2,,,,1.0,More than permitted people in there,,,,,,,
2024-08-15,22:21:52,"""CNR8476269""",Cancelled by Customer,"""CID3892938""",Go Sedan,IIT Delhi,Civil Lines Gurgaon,18.2,,1.0,Wrong Address,,,,,,,,,
2024-06-27,21:07:43,"""CNR1460027""",Completed,"""CID8206658""",Premier Sedan,Hauz Rani,Anand Vihar ISBT,2.1,32.9,,,,,,,198.0,35.67,4.7,4.9,UPI
2024-09-17,22:10:31,"""CNR8158757""",Completed,"""CID6979560""",Auto,Kherki Daula Toll,Vidhan Sabha,2.8,24.1,,,,,,,997.0,24.63,3.9,4.7,UPI
2024-08-06,21:17:06,"""CNR4337001""",Completed,"""CID2073890""",eBike,Malviya Nagar,Ardee City,13.0,25.7,,,,,,,315.0,44.54,4.3,4.4,Cash
2024-11-21,08:03:33,"""CNR6500646""",Cancelled by Driver,"""CID6912551""",Bike,Saket,Welcome,3.1,,,,1.0,Customer related issue,,,,,,,
2024-05-31,22:27:46,"""CNR8726216""",Completed,"""CID2285795""",Go Sedan,Ghitorni,Udyog Vihar Phase 4,14.1,15.9,,,,,,,462.0,5.87,4.2,5.0,Uber Wallet
2024-06-09,18:07:34,"""CNR3045780""",Completed,"""CID1028227""",Bike,Udyog Vihar,Kirti Nagar,8.5,16.3,,,,,,,1485.0,39.22,5.0,4.6,Uber Wallet
2024-02-19,19:54:51,"""CNR4803286""",Completed,"""CID6979345""",Bike,Panchsheel Park,Mehrauli,5.1,20.9,,,,,,,401.0,10.88,4.4,4.4,Cash
2024-07-25,06:10:27,"""CNR1644940""",Completed,"""CID6795791""",Go Sedan,Arjangarh,Udyog Vihar Phase 4,14.3,28.6,,,,,,,96.0,32.63,4.1,4.9,UPI
2024-06-30,05:40:20,"""CNR8781847""",Completed,"""CID5315097""",Auto,Sarojini Nagar,Sonipat,14.8,34.8,,,,,,,620.0,42.96,4.2,4.6,UPI
2024-12-27,19:54:15,"""CNR3835706""",Cancelled by Driver,"""CID4305071""",Go Sedan,Saidulajab,Lok Kalyan Marg,9.3,,,,1.0,The customer was coughing/sick,,,,,,,
2024-10-24,18:57:37,"""CNR7161558""",Cancelled by Driver,"""CID2189701""",Go Sedan,Arjangarh,Gurgaon Sector 56,7.9,,,,1.0,Customer related issue,,,,,,,
2024-12-01,18:26:46,"""CNR3187179""",Completed,"""CID1704072""",Premier Sedan,Kirti Nagar,Shastri Park,5.1,19.7,,,,,,,706.0,16.56,4.4,4.7,UPI
2024-09-25,17:59:16,"""CNR1258722""",Completed,"""CID4331540""",Uber XL,Udyog Vihar,Janakpuri,10.4,26.7,,,,,,,286.0,25.93,4.3,4.6,Uber Wallet
2024-04-15,15:08:58,"""CNR3150856""",Completed,"""CID3222639""",Go Sedan,Khandsa,Anand Vihar,6.6,18.8,,,,,,,628.0,13.17,4.3,4.5,UPI
2024-09-01,19:01:52,"""CNR2922892""",Completed,"""CID8294835""",Bike,Narsinghpur,Akshardham,3.9,15.4,,,,,,,291.0,8.52,4.9,4.9,Cash
2024-09-30,02:46:22,"""CNR4782660""",Completed,"""CID6482647""",Go Mini,Sikanderpur,Paschim Vihar,11.9,18.5,,,,,,,529.0,31.7,4.2,4.9,UPI
2024-11-01,09:56:22,"""CNR8282073""",Completed,"""CID3295988""",Bike,ITO,Shivaji Park,6.5,25.3,,,,,,,653.0,46.89,4.3,4.5,Cash
2024-10-11,20:41:27,"""CNR9837574""",Completed,"""CID4909636""",Premier Sedan,Delhi Gate,Janakpuri,3.4,16.0,,,,,,,394.0,46.85,4.3,4.2,Cash
2024-02-24,08:56:42,"""CNR4586818""",Cancelled by Driver,"""CID2104856""",Go Mini,Gurgaon Sector 29,Connaught Place,5.4,,,,1.0,More than permitted people in there,,,,,,,
2024-05-27,20:31:37,"""CNR2601652""",Completed,"""CID5432170""",Auto,Sikanderpur,Jor Bagh,11.4,39.4,,,,,,,657.0,15.36,5.0,3.6,Cash
2024-01-18,04:41:11,"""CNR1976621""",Cancelled by Driver,"""CID5582572""",Go Sedan,RK Puram,Noida Sector 18,6.0,,,,1.0,More than permitted people in there,,,,,,,
2024-11-28,22:21:26,"""CNR1582168""",Completed,"""CID1208094""",Premier Sedan,Rajouri Garden,Sushant Lok,10.8,19.2,,,,,,,254.0,40.27,4.7,4.9,Cash
2024-08-02,06:57:40,"""CNR6314374""",Completed,"""CID1237927""",Auto,Ghitorni,Aya Nagar,12.2,17.9,,,,,,,233.0,15.18,3.1,4.1,Cash
2024-03-17,09:12:43,"""CNR8667768""",Completed,"""CID4571284""",Go Mini,Gurgaon Railway Station,Karol Bagh,12.4,37.0,,,,,,,1449.0,11.51,4.7,4.1,Cash
2024-12-04,22:03:34,"""CNR1222202""",Completed,"""CID2146173""",Premier Sedan,Faridabad Sector 15,Tilak Nagar,14.0,38.9,,,,,,,86.0,34.9,4.0,4.3,Uber Wallet
2024-03-07,08:46:19,"""CNR8917543""",Completed,"""CID7409078""",Uber XL,Nirman Vihar,Kashmere Gate ISBT,11.3,38.2,,,,,,,840.0,29.94,3.4,4.6,UPI
2024-12-15,12:29:52,"""CNR3791819""",Completed,"""CID4261574""",Auto,Ashram,Paschim Vihar,8.9,42.8,,,,,,,950.0,37.08,4.0,4.6,UPI
2024-01-22,16:53:30,"""CNR4998799""",Completed,"""CID7774372""",Premier Sedan,Sushant Lok,Huda City Centre,2.6,21.4,,,,,,,239.0,43.7,4.3,4.6,UPI
2024-01-14,03:59:45,"""CNR5201152""",Completed,"""CID5684955""",Bike,Ghitorni,IIT Delhi,9.3,43.5,,,,,,,701.0,20.07,3.4,4.3,UPI
2024-04-26,05:23:06,"""CNR3197131""",Completed,"""CID7083711""",eBike,Malviya Nagar,Pataudi Chowk,6.9,38.2,,,,,,,281.0,33.21,4.6,4.5,UPI
2024-09-03,17:19:22,"""CNR5474459""",Completed,"""CID5610647""",Go Mini,Sarojini Nagar,Rajiv Nagar,4.3,22.7,,,,,,,339.0,32.07,4.3,4.2,UPI
2024-01-21,12:55:53,"""CNR7104382""",Cancelled by Driver,"""CID8542176""",Auto,Sonipat,Hauz Khas,8.7,,,,1.0,Customer related issue,,,,,,,
2024-09-09,08:27:32,"""CNR1012351""",Completed,"""CID5866668""",Bike,Gurgaon Railway Station,Karkarduma,4.9,15.4,,,,,,,388.0,19.93,5.0,3.9,UPI
2024-02-16,18:46:00,"""CNR3378838""",Cancelled by Driver,"""CID6033808""",Go Sedan,Bhiwadi,Ashok Vihar,4.6,,,,1.0,The customer was coughing/sick,,,,,,,
2024-06-20,14:32:13,"""CNR7704319""",Completed,"""CID4077095""",Auto,Rithala,Samaypur Badli,13.7,18.8,,,,,,,983.0,35.67,4.6,4.2,Cash
2024-04-27,12:54:35,"""CNR4319033""",Completed,"""CID6027530""",Auto,Mansarovar Park,Netaji Subhash Place,2.1,25.5,,,,,,,650.0,32.98,4.4,5.0,UPI
2024-10-17,10:00:36,"""CNR5583341""",Completed,"""CID5133761""",Go Mini,Ambience Mall,Maidan Garhi,6.3,41.6,,,,,,,2301.0,18.64,3.7,4.8,UPI
2024-01-14,23:57:58,"""CNR7904452""",Cancelled by Driver,"""CID7843814""",Go Mini,Shahdara,Lok Kalyan Marg,11.3,,,,1.0,Customer related issue,,,,,,,
2024-09-15,10:02:40,"""CNR2525773""",Cancelled by Customer,"""CID8137770""",Go Mini,Kirti Nagar,Saidulajab,11.2,,1.0,Change of plans,,,,,,,,,
2024-08-23,18:08:05,"""CNR2912103""",Completed,"""CID1332888""",Go Mini,Govindpuri,DLF City Court,3.7,30.5,,,,,,,360.0,13.35,4.9,4.1,Cash
2024-06-02,14:44:14,"""CNR2883638""",No Driver Found,"""CID6923666""",Bike,Greater Noida,Bahadurgarh,,,,,,,,,,,,,
2024-04-19,22:41:58,"""CNR5737932""",Cancelled by Customer,"""CID4315335""",Go Mini,Kalkaji,Civil Lines Gurgaon,17.5,,1.0,AC is not working,,,,,,,,,
2024-01-18,11:55:28,"""CNR3571872""",No Driver Found,"""CID3295117""",eBike,Tughlakabad,IMT Manesar,,,,,,,,,,,,,
2024-02-12,08:18:22,"""CNR5429074""",Cancelled by Driver,"""CID7813154""",Premier Sedan,Narsinghpur,Huda City Centre,11.4,,,,1.0,Customer related issue,,,,,,,
2024-05-30,20:47:58,"""CNR8494034""",Cancelled by Driver,"""CID3285391""",Bike,Model Town,Vasant Kunj,11.4,,,,1.0,Personal & Car related issues,,,,,,,
2024-01-08,11:51:30,"""CNR7965955""",Completed,"""CID8920953""",Go Sedan,Jahangirpuri,Chirag Delhi,2.4,30.7,,,,,,,95.0,12.77,3.4,4.1,Debit Card
2024-09-13,08:53:53,"""CNR5144304""",Completed,"""CID8268996""",Go Mini,Munirka,Civil Lines Gurgaon,13.5,44.5,,,,,,,502.0,49.96,4.6,4.4,Credit Card
2024-07-03,15:40:37,"""CNR1735384""",Completed,"""CID4650590""",Premier Sedan,South Extension,Rithala,3.1,32.8,,,,,,,716.0,23.93,4.7,4.2,Uber Wallet
2024-09-23,06:10:31,"""CNR1473591""",Completed,"""CID3138181""",Premier Sedan,DLF Phase 3,Ghitorni,6.4,39.4,,,,,,,205.0,27.7,4.1,4.7,Cash
2024-10-30,18:19:37,"""CNR4240559""",Completed,"""CID4291150""",Auto,Ghitorni,Tagore Garden,12.7,16.2,,,,,,,55.0,32.11,3.9,4.1,Debit Card
2024-11-05,23:38:04,"""CNR8403564""",Completed,"""CID6417341""",Auto,Shastri Park,Rithala,9.6,23.5,,,,,,,948.0,36.85,3.0,4.2,Credit Card
2024-06-28,19:16:32,"""CNR8703665""",Completed,"""CID6520193""",Premier Sedan,Subhash Chowk,Sarojini Nagar,7.7,23.6,,,,,,,57.0,33.59,4.7,4.9,Debit Card
2024-09-14,06:19:40,"""CNR9830729""",Completed,"""CID4813883""",Bike,Vasant Kunj,Karkarduma,10.8,44.7,,,,,,,2749.0,35.46,3.4,4.3,UPI
2024-06-23,19:25:38,"""CNR9348967""",Incomplete,"""CID2672416""",Auto,Janakpuri,Kashmere Gate,6.9,15.9,,,,,1.0,Customer Demand,203.0,11.69,,,UPI
2024-10-29,10:12:54,"""CNR3497717""",Cancelled by Driver,"""CID5069208""",Auto,Chanakyapuri,Nawada,5.8,,,,1.0,The customer was coughing/sick,,,,,,,
2024-07-30,08:51:16,"""CNR7516682""",Completed,"""CID4040545""",Go Mini,Sonipat,Kashmere Gate ISBT,14.9,40.9,,,,,,,89.0,47.8,3.9,4.5,Debit Card
2024-09-27,18:59:55,"""CNR4636261""",Completed,"""CID8116411""",Go Sedan,Chirag Delhi,Faridabad Sector 15,12.3,15.7,,,,,,,140.0,8.23,4.1,4.3,Cash
2024-05-30,14:10:15,"""CNR3187244""",Completed,"""CID1689201""",Go Sedan,Gurgaon Sector 29,Green Park,12.6,20.6,,,,,,,112.0,7.41,4.6,3.9,Uber Wallet
2024-08-08,15:04:38,"""CNR7010048""",Completed,"""CID8527697""",Auto,Tughlakabad,Indirapuram,3.3,16.5,,,,,,,410.0,37.81,4.6,4.9,Debit Card
2024-12-21,16:38:00,"""CNR3773648""",Cancelled by Driver,"""CID5432636""",Bike,Hauz Khas,Ashok Vihar,5.9,,,,1.0,Personal & Car related issues,,,,,,,
2024-12-07,05:45:36,"""CNR1979548""",Completed,"""CID3038702""",eBike,Mehrauli,Old Gurgaon,6.3,41.8,,,,,,,975.0,47.43,4.2,4.5,UPI
2024-01-12,19:55:00,"""CNR4077359""",Completed,"""CID8267121""",Premier Sedan,DLF Phase 3,Rohini West,9.3,32.3,,,,,,,245.0,25.28,4.5,4.3,Uber Wallet
2024-06-07,18:27:31,"""CNR9664817""",Cancelled by Driver,"""CID1256648""",Premier Sedan,Maidan Garhi,Akshardham,8.8,,,,1.0,More than permitted people in there,,,,,,,
2024-07-07,09:51:02,"""CNR5109141""",Completed,"""CID8299886""",Go Mini,Sarojini Nagar,Dwarka Sector 21,8.0,17.4,,,,,,,405.0,47.62,4.6,5.0,UPI
2024-12-04,10:43:15,"""CNR1541596""",Completed,"""CID9816455""",Go Sedan,Munirka,Pragati Maidan,2.0,23.9,,,,,,,1880.0,29.78,3.8,4.4,Cash
2024-04-15,07:26:06,"""CNR9367870""",Completed,"""CID1609161""",Go Mini,Aya Nagar,Ghitorni,2.4,20.9,,,,,,,377.0,17.85,5.0,3.6,UPI
2024-09-14,09:38:32,"""CNR7308038""",Incomplete,"""CID2792575""",Premier Sedan,Janakpuri,AIIMS,4.4,28.7,,,,,1.0,Other Issue,143.0,17.96,,,Cash
2024-11-08,09:07:32,"""CNR8370920""",Completed,"""CID8717374""",Auto,Civil Lines Gurgaon,Old Gurgaon,2.6,28.1,,,,,,,157.0,47.11,4.2,4.1,Cash
2024-08-28,10:14:07,"""CNR1664058""",Cancelled by Driver,"""CID3414352""",Premier Sedan,Kashmere Gate,Saket,4.6,,,,1.0,Customer related issue,,,,,,,
2024-07-22,16:35:09,"""CNR3408063""",Cancelled by Driver,"""CID4966600""",Premier Sedan,Saket,Nawada,9.4,,,,1.0,More than permitted people in there,,,,,,,
2024-10-23,10:34:13,"""CNR1381277""",Completed,"""CID3199595""",Go Sedan,Hauz Khas,Saidulajab,11.9,37.4,,,,,,,262.0,24.12,4.3,4.9,Cash
2024-01-09,15:35:30,"""CNR8728406""",Completed,"""CID7868360""",Auto,Preet Vihar,Inderlok,6.7,24.4,,,,,,,316.0,14.38,4.6,4.9,Cash
2024-10-22,17:42:20,"""CNR6641631""",Completed,"""CID5807097""",Go Mini,Gurgaon Railway Station,Botanical Garden,10.3,25.7,,,,,,,426.0,17.94,3.8,5.0,Cash
2024-07-16,18:10:37,"""CNR5628278""",Completed,"""CID6926942""",Go Mini,Sonipat,Hauz Khas,7.2,37.6,,,,,,,80.0,11.36,4.0,3.8,Cash
2024-07-20,08:10:01,"""CNR6407835""",Incomplete,"""CID5650651""",Auto,New Colony,Greater Noida,9.9,15.6,,,,,1.0,Other Issue,463.0,4.01,,,Uber Wallet
2024-09-26,17:36:02,"""CNR3444433""",Cancelled by Driver,"""CID7673376""",Go Sedan,MG Road,Kashmere Gate ISBT,5.0,,,,1.0,More than permitted people in there,,,,,,,
2024-01-08,17:18:38,"""CNR1798325""",Completed,"""CID2010207""",Go Mini,Karol Bagh,Anand Vihar,11.3,32.7,,,,,,,543.0,15.16,4.7,4.6,Cash
2024-08-23,17:44:37,"""CNR4468611""",Cancelled by Driver,"""CID7372202""",Go Mini,Bahadurgarh,Khandsa,7.7,,,,1.0,Personal & Car related issues,,,,,,,
2024-01-16,09:39:30,"""CNR7748815""",Cancelled by Customer,"""CID3346251""",Bike,Paharganj,Old Gurgaon,17.6,,1.0,Driver asked to cancel,,,,,,,,,
2024-04-19,18:52:40,"""CNR9034681""",No Driver Found,"""CID5248196""",eBike,Tis Hazari,Rohini East,,,,,,,,,,,,,
2024-03-12,09:51:06,"""CNR2037472""",Completed,"""CID8584481""",Premier Sedan,IIT Delhi,GTB Nagar,9.9,18.7,,,,,,,372.0,10.22,4.8,4.7,Cash
2024-07-15,22:44:33,"""CNR8167852""",Completed,"""CID4332551""",Go Sedan,Subhash Chowk,Central Secretariat,5.8,21.5,,,,,,,222.0,8.41,4.3,3.7,UPI
2024-03-15,16:40:10,"""CNR6280191""",Completed,"""CID1833358""",Premier Sedan,Gurgaon Sector 29,GTB Nagar,4.8,19.3,,,,,,,746.0,44.82,4.3,4.2,UPI
2024-08-15,20:25:14,"""CNR5491490""",Completed,"""CID7896971""",Bike,IGI Airport,Sarojini Nagar,13.6,16.7,,,,,,,547.0,16.82,4.1,4.6,Uber Wallet
2024-04-27,05:54:58,"""CNR7481586""",Incomplete,"""CID2028053""",Go Mini,Tis Hazari,Nehru Place,5.2,20.0,,,,,1.0,Customer Demand,925.0,16.3,,,Credit Card
2024-10-28,08:28:46,"""CNR9697718""",Completed,"""CID2714411""",Go Sedan,Sarojini Nagar,GTB Nagar,11.4,16.4,,,,,,,431.0,36.14,4.4,4.1,Uber Wallet
2024-10-21,15:50:57,"""CNR4055970""",Completed,"""CID7022930""",Go Sedan,Gurgaon Sector 29,Welcome,7.1,19.1,,,,,,,60.0,26.37,4.6,4.4,Credit Card
2024-10-13,19:17:27,"""CNR8842830""",Completed,"""CID1080405""",Auto,Noida Film City,Saket A Block,2.3,21.0,,,,,,,489.0,18.82,4.2,4.9,Debit Card
2024-09-09,18:19:51,"""CNR8901706""",Cancelled by Driver,"""CID2005520""",Auto,India Gate,Mansarovar Park,9.6,,,,1.0,More than permitted people in there,,,,,,,
2024-10-23,22:35:43,"""CNR4721246""",Completed,"""CID6022279""",Go Sedan,Sushant Lok,Munirka,13.8,33.9,,,,,,,740.0,10.78,4.7,4.6,Cash
2024-05-16,17:56:59,"""CNR1740088""",Completed,"""CID2373228""",Premier Sedan,Vaishali,Chhatarpur,13.6,27.7,,,,,,,278.0,43.24,4.5,3.6,UPI
2024-08-17,22:56:59,"""CNR5766508""",Cancelled by Driver,"""CID9901515""",Auto,Pulbangash,Azadpur,6.9,,,,1.0,More than permitted people in there,,,,,,,
2024-03-14,20:22:20,"""CNR6492948""",Cancelled by Driver,"""CID1126492""",Go Mini,Shahdara,Khandsa,11.4,,,,1.0,The customer was coughing/sick,,,,,,,
2024-02-19,21:22:38,"""CNR8042938""",Completed,"""CID5310680""",Go Sedan,RK Puram,Palam Vihar,6.1,29.4,,,,,,,839.0,8.36,4.2,4.2,UPI
2024-07-29,13:16:21,"""CNR4663392""",Completed,"""CID5722681""",Auto,Malviya Nagar,Shahdara,14.0,26.7,,,,,,,284.0,27.86,4.5,4.3,UPI
2024-11-06,17:47:31,"""CNR8093523""",Cancelled by Driver,"""CID3017896""",Go Sedan,Rohini West,Basai Dhankot,3.9,,,,1.0,More than permitted people in there,,,,,,,
2024-09-20,05:58:20,"""CNR6191908""",Completed,"""CID5673161""",Auto,Manesar,Huda City Centre,12.3,37.1,,,,,,,152.0,48.42,5.0,5.0,Cash
2024-11-24,20:17:54,"""CNR5061501""",Cancelled by Driver,"""CID1663979""",Go Mini,Manesar,Green Park,11.3,,,,1.0,Personal & Car related issues,,,,,,,
2024-10-13,09:34:44,"""CNR5924993""",Incomplete,"""CID2492104""",Auto,Chanakyapuri,Noida Extension,4.9,21.4,,,,,1.0,Other Issue,1086.0,11.62,,,Debit Card
2024-02-04,08:34:10,"""CNR4063495""",No Driver Found,"""CID3085066""",Bike,Nirman Vihar,Meerut,,,,,,,,,,,,,
2024-03-02,06:37:12,"""CNR9864065""",Completed,"""CID6599755""",Go Mini,Azadpur,Udyog Vihar Phase 4,7.6,36.1,,,,,,,405.0,25.64,4.2,4.1,UPI
2024-11-08,08:47:30,"""CNR8265527""",Cancelled by Driver,"""CID7434960""",Auto,Faridabad Sector 15,Nirman Vihar,11.3,,,,1.0,The customer was coughing/sick,,,,,,,
2024-08-26,20:11:36,"""CNR5007475""",Completed,"""CID1851168""",Auto,Tagore Garden,Kaushambi,14.0,15.7,,,,,,,365.0,30.36,3.3,4.6,Debit Card
2024-12-19,22:25:10,"""CNR3870331""",Completed,"""CID1840857""",Go Sedan,Inderlok,Arjangarh,8.2,37.6,,,,,,,666.0,28.88,4.1,4.9,Credit Card
2024-09-20,23:35:51,"""CNR4052708""",Cancelled by Driver,"""CID8334657""",Bike,Basai Dhankot,Shastri Park,6.4,,,,1.0,Personal & Car related issues,,,,,,,
2024-04-25,08:50:00,"""CNR2209928""",Completed,"""CID6951393""",Premier Sedan,INA Market,Moolchand,14.0,17.0,,,,,,,210.0,4.58,4.4,4.9,Cash
2024-05-19,20:17:22,"""CNR4959846""",No Driver Found,"""CID8163701""",Bike,Botanical Garden,India Gate,,,,,,,,,,,,,
2024-10-31,21:56:00,"""CNR4202506""",Completed,"""CID5125260""",Auto,Jahangirpuri,Sushant Lok,7.8,19.8,,,,,,,1735.0,36.66,3.7,4.2,UPI
2024-02-18,20:17:38,"""CNR7264521""",Completed,"""CID6120692""",Auto,MG Road,Subhash Chowk,14.0,29.9,,,,,,,272.0,36.18,3.8,4.2,Uber Wallet
2024-02-07,22:22:51,"""CNR3641163""",Completed,"""CID4629388""",Bike,Chandni Chowk,Peeragarhi,8.9,38.2,,,,,,,646.0,28.46,4.5,3.6,UPI
2024-07-21,15:47:11,"""CNR6662016""",Incomplete,"""CID5041562""",Bike,Ashok Park Main,Sohna Road,7.2,21.0,,,,,1.0,Customer Demand,548.0,14.5,,,UPI
2024-01-28,16:40:36,"""CNR9620328""",Incomplete,"""CID7006761""",Auto,Tis Hazari,Pragati Maidan,6.3,18.2,,,,,1.0,Other Issue,1003.0,2.49,,,UPI
2024-03-04,18:25:36,"""CNR7756264""",Completed,"""CID4181474""",Go Mini,Dwarka Mor,Mansarovar Park,6.5,44.1,,,,,,,723.0,14.26,3.0,4.2,Uber Wallet
2024-01-25,18:44:57,"""CNR4242309""",Completed,"""CID3673668""",Premier Sedan,Narsinghpur,Pitampura,9.1,29.9,,,,,,,465.0,23.95,3.8,4.2,UPI
2024-01-30,09:17:31,"""CNR2623533""",Incomplete,"""CID1589530""",Auto,Bhikaji Cama Place,Lal Quila,5.7,10.4,,,,,1.0,Vehicle Breakdown,415.0,13.82,,,Credit Card
2024-10-29,09:02:55,"""CNR7856560""",Completed,"""CID7083564""",Go Sedan,Dilshad Garden,Hauz Rani,2.1,25.3,,,,,,,835.0,15.69,4.3,4.4,Cash
2024-12-18,11:44:05,"""CNR6185503""",Completed,"""CID8548899""",Go Mini,Jahangirpuri,MG Road,12.7,38.0,,,,,,,489.0,39.91,4.4,4.7,UPI
2024-12-20,02:23:28,"""CNR6052607""",Completed,"""CID4034402""",Go Sedan,Sultanpur,Jhilmil,7.7,30.5,,,,,,,73.0,32.93,3.9,4.6,UPI
2024-11-09,09:04:41,"""CNR6453892""",Completed,"""CID5430983""",Auto,Mehrauli,Vasant Kunj,5.5,29.4,,,,,,,889.0,26.64,4.3,4.3,Cash
2024-07-27,11:57:04,"""CNR9210632""",Completed,"""CID6849903""",Premier Sedan,Indraprastha,Meerut,3.7,20.4,,,,,,,563.0,32.98,4.2,4.4,Credit Card
2024-08-26,21:10:39,"""CNR5440012""",No Driver Found,"""CID7103720""",Auto,Satguru Ram Singh Marg,Chandni Chowk,,,,,,,,,,,,,
2024-04-26,17:39:07,"""CNR9923784""",Cancelled by Driver,"""CID4625200""",Bike,Lajpat Nagar,Sohna Road,11.5,,,,1.0,More than permitted people in there,,,,,,,
2024-10-12,17:16:45,"""CNR6047679""",Completed,"""CID7442180""",Go Mini,Vidhan Sabha,Manesar,7.7,40.7,,,,,,,1620.0,47.07,4.9,5.0,UPI
2024-11-14,20:45:04,"""CNR7471731""",Cancelled by Driver,"""CID9722697""",Premier Sedan,Kaushambi,Saket,6.4,,,,1.0,More than permitted people in there,,,,,,,
2024-09-03,18:27:50,"""CNR3869815""",Completed,"""CID6227073""",Go Mini,Laxmi Nagar,Anand Vihar ISBT,9.0,29.6,,,,,,,140.0,7.69,4.3,4.1,UPI
2024-12-08,10:16:55,"""CNR8869039""",Completed,"""CID1805395""",Go Mini,Samaypur Badli,Ramesh Nagar,4.8,21.3,,,,,,,682.0,38.46,4.3,4.9,Cash
2024-09-03,01:31:01,"""CNR4583370""",Completed,"""CID7311942""",eBike,Saket,Subhash Nagar,3.2,16.6,,,,,,,952.0,33.01,4.7,4.6,Debit Card
2024-07-01,22:25:13,"""CNR8133596""",Completed,"""CID2898523""",Go Mini,Keshav Puram,Vaishali,11.3,41.8,,,,,,,377.0,34.94,4.6,4.3,UPI
2024-03-21,14:56:32,"""CNR6587235""",Completed,"""CID7350234""",Auto,Pitampura,Vatika Chowk,3.0,28.3,,,,,,,818.0,21.25,3.7,3.3,UPI
2024-09-08,21:43:54,"""CNR4634076""",Completed,"""CID9033329""",Auto,Rohini,Connaught Place,4.0,23.2,,,,,,,188.0,21.22,4.1,4.3,UPI
2024-09-06,23:44:33,"""CNR5788533""",Incomplete,"""CID6730401""",Go Sedan,Karol Bagh,Shastri Nagar,6.6,19.1,,,,,1.0,Other Issue,245.0,16.98,,,UPI
2024-10-23,11:52:37,"""CNR9735077""",No Driver Found,"""CID4812077""",Bike,Sultanpur,Ashok Vihar,,,,,,,,,,,,,
2024-04-05,11:15:32,"""CNR3269131""",Completed,"""CID4688229""",Auto,New Colony,Narsinghpur,7.3,38.5,,,,,,,223.0,39.04,3.3,5.0,UPI
2024-02-10,08:44:58,"""CNR5995761""",Completed,"""CID8878482""",Premier Sedan,Udyog Bhawan,Jasola,14.4,18.5,,,,,,,405.0,41.78,4.2,4.9,Uber Wallet
2024-12-21,12:48:35,"""CNR9041738""",No Driver Found,"""CID7800865""",Bike,Kadarpur,Rohini,,,,,,,,,,,,,
2024-12-13,21:00:48,"""CNR8811918""",Completed,"""CID2305687""",Go Sedan,Madipur,Chanakyapuri,9.0,31.4,,,,,,,193.0,14.44,4.7,3.3,Credit Card
2024-02-11,18:24:13,"""CNR9791365""",Completed,"""CID2945006""",Go Mini,Arjangarh,Bhiwadi,4.7,27.0,,,,,,,792.0,32.27,4.6,4.6,Cash
2024-09-15,00:27:29,"""CNR7183728""",Cancelled by Driver,"""CID8525886""",Premier Sedan,Vaishali,Azadpur,3.7,,,,1.0,More than permitted people in there,,,,,,,
2024-03-21,19:47:15,"""CNR7047281""",Cancelled by Driver,"""CID7007776""",Go Mini,Netaji Subhash Place,Chandni Chowk,5.4,,,,1.0,The customer was coughing/sick,,,,,,,
2024-06-11,14:24:00,"""CNR3637363""",Completed,"""CID4801822""",Go Sedan,Karol Bagh,Lok Kalyan Marg,3.5,17.3,,,,,,,320.0,11.23,5.0,4.2,UPI
2024-03-23,17:09:26,"""CNR4435760""",Completed,"""CID3010741""",Go Sedan,Gurgaon Sector 56,Gurgaon Railway Station,8.5,16.0,,,,,,,116.0,9.69,4.7,5.0,Cash
2024-06-24,16:17:25,"""CNR3969493""",Completed,"""CID5786943""",Auto,Kadarpur,Janakpuri,9.0,18.4,,,,,,,486.0,13.75,4.5,4.7,Uber Wallet
2024-06-16,20:27:20,"""CNR4021796""",Completed,"""CID7709236""",Auto,Sarojini Nagar,Preet Vihar,5.1,37.8,,,,,,,742.0,3.02,4.6,3.1,Cash
2024-11-09,21:49:12,"""CNR4296259""",Cancelled by Driver,"""CID7198544""",Auto,Hauz Rani,Azadpur,6.5,,,,1.0,Customer related issue,,,,,,,
2024-01-26,20:48:03,"""CNR4077539""",Completed,"""CID7755187""",Auto,Kherki Daula Toll,Rithala,7.0,36.5,,,,,,,645.0,49.99,3.7,4.6,UPI
2024-09-30,19:11:11,"""CNR5231139""",Completed,"""CID1041599""",eBike,Noida Sector 18,Munirka,10.6,23.2,,,,,,,770.0,26.91,4.7,3.2,Uber Wallet
2024-03-02,19:14:28,"""CNR2131209""",Completed,"""CID4925147""",Go Sedan,Malviya Nagar,Sultanpur,12.9,29.8,,,,,,,332.0,18.35,4.0,4.3,UPI
2024-08-07,16:48:15,"""CNR2955280""",Cancelled by Customer,"""CID5426385""",Go Mini,Patel Chowk,Aya Nagar,16.3,,1.0,Driver is not moving towards pickup location,,,,,,,,,
2024-06-13,15:05:45,"""CNR7104154""",Completed,"""CID5728689""",Go Mini,Vasant Kunj,Hauz Khas,5.0,41.8,,,,,,,456.0,46.8,4.3,4.8,Uber Wallet
2024-08-31,13:52:29,"""CNR8036141""",No Driver Found,"""CID5202016""",Auto,Adarsh Nagar,Palam Vihar,,,,,,,,,,,,,
2024-04-18,17:43:22,"""CNR2458845""",Completed,"""CID8648404""",Auto,Gurgaon Sector 56,DLF Phase 3,8.1,19.2,,,,,,,615.0,13.05,4.9,4.4,UPI
2024-09-16,19:50:42,"""CNR9589966""",Cancelled by Driver,"""CID8609349""",Bike,Nawada,Akshardham,11.2,,,,1.0,The customer was coughing/sick,,,,,,,
2024-08-12,21:24:08,"""CNR2156709""",Cancelled by Driver,"""CID7325170""",Premier Sedan,Rajouri Garden,Cyber Hub,5.6,,,,1.0,More than permitted people in there,,,,,,,
2024-04-12,10:35:59,"""CNR9080957""",Completed,"""CID1454263""",Go Sedan,Golf Course Road,Bahadurgarh,7.2,18.8,,,,,,,597.0,37.27,4.3,3.8,Cash
2024-10-31,10:02:01,"""CNR5049512""",Cancelled by Customer,"""CID3124738""",Go Sedan,Nawada,Rohini West,14.3,,1.0,Change of plans,,,,,,,,,
2024-07-04,08:37:20,"""CNR4396679""",Completed,"""CID2785137""",Go Sedan,Rajouri Garden,Nawada,13.5,42.0,,,,,,,1245.0,41.56,4.4,4.4,Uber Wallet
2024-08-04,16:25:12,"""CNR4098182""",Completed,"""CID5494938""",Go Mini,Ardee City,Hauz Rani,3.2,19.8,,,,,,,423.0,17.36,4.3,4.6,UPI
2024-09-27,10:21:03,"""CNR4237032""",Cancelled by Customer,"""CID6354675""",Go Mini,Rajiv Nagar,Rithala,11.1,,1.0,AC is not working,,,,,,,,,
2024-02-21,07:45:45,"""CNR2175316""",Completed,"""CID9906068""",Premier Sedan,INA Market,Shastri Nagar,2.0,42.2,,,,,,,149.0,12.7,4.5,4.8,UPI
2024-07-13,11:20:36,"""CNR3414833""",Completed,"""CID9830505""",Go Mini,Kashmere Gate ISBT,Akshardham,12.5,22.7,,,,,,,420.0,30.07,4.3,4.3,UPI
2024-04-08,12:39:53,"""CNR1070921""",Completed,"""CID4338195""",eBike,Jasola,Manesar,3.4,39.4,,,,,,,116.0,11.75,4.2,4.8,Uber Wallet
2024-02-29,02:17:21,"""CNR6491812""",Cancelled by Driver,"""CID3324709""",Go Sedan,Netaji Subhash Place,Noida Sector 18,3.3,,,,1.0,More than permitted people in there,,,,,,,
2024-01-18,22:47:37,"""CNR3402150""",Completed,"""CID1960255""",Auto,Paschim Vihar,Sohna Road,8.0,32.2,,,,,,,892.0,42.65,4.2,4.3,Cash
2024-04-13,17:23:21,"""CNR1408177""",Completed,"""CID2084280""",Auto,Khan Market,Nawada,3.8,26.9,,,,,,,872.0,19.17,4.4,4.6,UPI
2024-08-07,06:55:38,"""CNR2759338""",Completed,"""CID8158308""",Uber XL,Moti Nagar,Greater Noida,6.8,19.7,,,,,,,2474.0,28.04,4.4,3.6,Credit Card
2024-09-06,21:51:20,"""CNR8280405""",Cancelled by Driver,"""CID4834098""",eBike,New Delhi Railway Station,Satguru Ram Singh Marg,9.9,,,,1.0,Customer related issue,,,,,,,
2024-09-25,19:51:51,"""CNR1789139""",Completed,"""CID5556086""",Auto,Udyog Vihar Phase 4,Pragati Maidan,5.8,43.0,,,,,,,212.0,28.73,4.4,4.2,Uber Wallet
2024-08-14,21:57:14,"""CNR5683995""",Completed,"""CID6001482""",Auto,INA Market,Faridabad Sector 15,2.8,28.9,,,,,,,633.0,18.56,4.8,4.9,Credit Card
2024-06-10,16:55:04,"""CNR4614380""",Completed,"""CID8776727""",Auto,Jhilmil,Jahangirpuri,14.1,25.7,,,,,,,239.0,28.2,4.7,4.9,UPI
2024-03-30,10:11:48,"""CNR9517415""",Cancelled by Customer,"""CID3727349""",Bike,DLF Phase 3,Pitampura,14.4,,1.0,Change of plans,,,,,,,,,
2024-01-27,07:09:00,"""CNR4874377""",Completed,"""CID1649735""",Go Mini,Rajouri Garden,Badarpur,9.1,39.4,,,,,,,1160.0,11.08,4.2,3.8,Debit Card
2024-09-06,17:40:29,"""CNR4953134""",Completed,"""CID5418381""",Go Sedan,Tughlakabad,Model Town,11.7,17.9,,,,,,,364.0,16.08,4.4,3.8,Debit Card
2024-02-09,17:27:31,"""CNR5991815""",Completed,"""CID7142404""",Bike,Civil Lines Gurgaon,Ramesh Nagar,5.5,34.3,,,,,,,482.0,8.99,4.8,3.8,Cash
2024-01-18,21:40:07,"""CNR8872790""",Cancelled by Driver,"""CID3761353""",Go Sedan,Vasant Kunj,Pataudi Chowk,4.0,,,,1.0,Personal & Car related issues,,,,,,,
2024-04-28,08:11:58,"""CNR5040319""",Completed,"""CID5325730""",Premier Sedan,Patel Chowk,Mansarovar Park,11.0,38.4,,,,,,,1091.0,49.01,4.0,4.6,Cash
2024-07-08,16:29:41,"""CNR9838294""",Cancelled by Driver,"""CID4830888""",Auto,Bhikaji Cama Place,Gurgaon Sector 56,9.6,,,,1.0,The customer was coughing/sick,,,,,,,
2024-04-21,20:45:44,"""CNR3051901""",Completed,"""CID7372021""",Go Mini,Rajiv Nagar,IGI Airport,10.4,25.2,,,,,,,400.0,45.96,4.8,4.2,Cash
2024-10-01,17:02:22,"""CNR8763055""",Completed,"""CID4588129""",Go Mini,Shivaji Park,Badshahpur,12.9,31.3,,,,,,,243.0,22.27,4.8,4.9,UPI
2024-07-17,17:33:49,"""CNR9565889""",Completed,"""CID3552707""",Go Sedan,Rajiv Nagar,Ashram,6.2,44.0,,,,,,,431.0,23.5,4.3,4.3,Uber Wallet
2024-10-03,15:32:49,"""CNR1356948""",No Driver Found,"""CID9782175""",Auto,Netaji Subhash Place,Yamuna Bank,,,,,,,,,,,,,
2024-12-14,13:45:05,"""CNR8788421""",Completed,"""CID3577350""",Bike,Jahangirpuri,Mansarovar Park,8.6,41.3,,,,,,,596.0,36.14,4.7,4.8,UPI
2024-01-31,20:58:36,"""CNR3390475""",Completed,"""CID9942585""",Auto,Nawada,Meerut,13.4,28.1,,,,,,,415.0,41.47,4.3,4.6,UPI
2024-11-12,12:15:37,"""CNR6979989""",Completed,"""CID7902625""",Bike,Rohini,Azadpur,7.3,18.8,,,,,,,789.0,45.55,4.6,4.3,UPI
2024-01-03,05:22:48,"""CNR5660569""",Completed,"""CID2586522""",Go Mini,Jasola,Kashmere Gate ISBT,3.5,39.5,,,,,,,260.0,38.84,4.6,4.4,UPI
2024-10-16,20:33:07,"""CNR9965775""",Completed,"""CID8484921""",Uber XL,Welcome,Ashok Vihar,14.3,22.0,,,,,,,975.0,30.54,4.6,4.9,Uber Wallet
2024-10-14,10:36:28,"""CNR1139579""",Completed,"""CID4332437""",Premier Sedan,INA Market,DLF City Court,7.7,31.2,,,,,,,305.0,9.14,4.0,5.0,Cash
2024-05-06,18:59:45,"""CNR9703046""",Completed,"""CID8406767""",eBike,Tilak Nagar,Saidulajab,3.4,22.1,,,,,,,197.0,38.15,4.2,4.9,Cash
2024-01-05,19:13:00,"""CNR3183439""",Cancelled by Customer,"""CID3302335""",Bike,Kaushambi,Sikanderpur,16.7,,1.0,Driver is not moving towards pickup location,,,,,,,,,
2024-03-13,06:43:05,"""CNR5480767""",Cancelled by Driver,"""CID6075836""",Auto,Golf Course Road,Arjangarh,8.6,,,,1.0,More than permitted people in there,,,,,,,
2024-11-16,17:35:10,"""CNR7235361""",Completed,"""CID5233138""",Bike,IMT Manesar,Ghaziabad,11.8,30.0,,,,,,,663.0,39.49,3.6,4.8,UPI
2024-01-25,18:56:08,"""CNR8740580""",Completed,"""CID1774549""",Auto,Khan Market,Yamuna Bank,3.8,41.9,,,,,,,872.0,5.48,4.6,4.6,Uber Wallet
2024-01-23,08:56:35,"""CNR6125810""",Cancelled by Driver,"""CID3050882""",eBike,Indraprastha,Uttam Nagar,10.7,,,,1.0,The customer was coughing/sick,,,,,,,
2024-03-19,15:10:31,"""CNR6759437""",Completed,"""CID6537799""",Go Sedan,Paharganj,Chanakyapuri,6.6,24.6,,,,,,,53.0,48.86,4.7,4.9,UPI
2024-10-12,19:50:56,"""CNR6051450""",Cancelled by Driver,"""CID2310226""",Premier Sedan,Meerut,Sonipat,10.3,,,,1.0,Customer related issue,,,,,,,
2024-01-25,14:43:31,"""CNR6328323""",Completed,"""CID9756930""",Premier Sedan,Central Secretariat,Saket,7.0,23.1,,,,,,,213.0,27.42,3.3,4.1,Debit Card
2024-03-19,00:11:46,"""CNR5665636""",Cancelled by Customer,"""CID3787033""",Auto,Keshav Puram,Rajouri Garden,13.6,,1.0,Change of plans,,,,,,,,,
2024-11-08,03:12:11,"""CNR5389555""",Cancelled by Customer,"""CID1607833""",Auto,GTB Nagar,India Gate,12.9,,1.0,Driver is not moving towards pickup location,,,,,,,,,
2024-08-21,16:43:21,"""CNR1256950""",Completed,"""CID6667899""",Go Sedan,Rohini,Badshahpur,2.3,15.4,,,,,,,337.0,44.27,4.1,4.6,Cash
2024-11-03,17:10:20,"""CNR1644820""",Cancelled by Driver,"""CID9068925""",Bike,Welcome,DLF City Court,10.3,,,,1.0,The customer was coughing/sick,,,,,,,
2024-11-13,23:27:21,"""CNR4298862""",Completed,"""CID6568765""",Go Sedan,Jhilmil,Badarpur,12.4,28.0,,,,,,,202.0,16.6,4.6,4.9,Cash
2024-07-08,23:26:35,"""CNR7976526""",Completed,"""CID3635661""",Bike,Kaushambi,Ghitorni Village,9.3,41.5,,,,,,,332.0,42.27,4.7,4.6,UPI
2024-10-11,18:32:58,"""CNR9604417""",Completed,"""CID6116545""",Go Sedan,DLF Phase 3,IMT Manesar,4.5,27.5,,,,,,,629.0,41.25,4.2,4.2,UPI
2024-11-02,22:27:41,"""CNR6280435""",Completed,"""CID3488597""",Auto,Vidhan Sabha,Old Gurgaon,5.0,43.0,,,,,,,355.0,6.61,4.4,4.6,UPI
2024-10-02,20:19:19,"""CNR8410443""",Completed,"""CID9905395""",Go Sedan,Ramesh Nagar,Lal Quila,4.7,31.7,,,,,,,378.0,30.66,4.6,5.0,Credit Card
2024-01-03,08:21:39,"""CNR2957126""",Completed,"""CID6031943""",Auto,Jahangirpuri,IGNOU Road,9.4,40.9,,,,,,,508.0,18.05,3.6,4.1,Debit Card
2024-05-21,18:44:44,"""CNR9882661""",Completed,"""CID6113602""",Auto,Mehrauli,Ashok Vihar,3.5,42.2,,,,,,,738.0,37.01,3.7,4.2,UPI
2024-09-03,23:47:42,"""CNR8774094""",Completed,"""CID8941882""",Premier Sedan,Chanakyapuri,Anand Vihar,13.3,44.2,,,,,,,167.0,11.93,4.3,4.6,Uber Wallet
2024-11-09,15:18:09,"""CNR3403176""",Cancelled by Driver,"""CID5276234""",Go Mini,Civil Lines Gurgaon,Paharganj,4.7,,,,1.0,The customer was coughing/sick,,,,,,,
2024-02-23,18:14:15,"""CNR4263688""",Cancelled by Driver,"""CID1937518""",Bike,Chandni Chowk,Tagore Garden,10.6,,,,1.0,Personal & Car related issues,,,,,,,
2024-12-24,16:52:39,"""CNR6007309""",Completed,"""CID7769101""",Go Mini,Pulbangash,Khan Market,6.9,41.3,,,,,,,486.0,20.24,4.2,3.9,Debit Card
2024-12-23,12:46:10,"""CNR6136920""",Cancelled by Driver,"""CID1843655""",eBike,Ashram,Shahdara,10.9,,,,1.0,More than permitted people in there,,,,,,,
2024-12-04,13:02:16,"""CNR4279280""",Completed,"""CID5149254""",Premier Sedan,Gurgaon Sector 56,Vasant Kunj,10.2,16.5,,,,,,,854.0,13.28,4.6,4.5,UPI
2024-03-30,14:48:15,"""CNR2888738""",Incomplete,"""CID8261021""",Go Mini,Inderlok,Connaught Place,7.6,20.6,,,,,1.0,Customer Demand,107.0,3.28,,,Cash
2024-10-15,11:26:31,"""CNR8614564""",No Driver Found,"""CID8306711""",Auto,Dwarka Mor,New Colony,,,,,,,,,,,,,
2024-12-10,16:38:16,"""CNR5454790""",Completed,"""CID1161104""",Go Sedan,Panipat,Chandni Chowk,2.7,33.6,,,,,,,474.0,47.77,4.2,4.7,Uber Wallet
2024-08-27,08:10:27,"""CNR5957996""",Completed,"""CID4049372""",eBike,Badarpur,Model Town,9.8,15.5,,,,,,,848.0,9.97,4.5,4.6,Cash
2024-08-14,19:01:31,"""CNR7298985""",Incomplete,"""CID6762291""",Go Mini,Okhla,Dilshad Garden,4.2,16.5,,,,,1.0,Other Issue,124.0,3.31,,,Cash
2024-03-18,18:56:17,"""CNR8649779""",Completed,"""CID1478202""",eBike,MG Road,Khandsa,13.9,21.2,,,,,,,208.0,2.82,4.9,4.4,Cash
2024-09-02,20:57:52,"""CNR3106626""",Completed,"""CID6851082""",Auto,Panchsheel Park,Udyog Vihar,12.0,16.0,,,,,,,291.0,14.47,4.3,4.7,UPI
2024-06-12,12:12:49,"""CNR1697430""",Cancelled by Driver,"""CID1729685""",Bike,Gurgaon Railway Station,Ghaziabad,9.9,,,,1.0,The customer was coughing/sick,,,,,,,
2024-06-11,04:46:04,"""CNR7800056""",Completed,"""CID8077538""",Go Mini,Delhi Gate,South Extension,13.3,24.4,,,,,,,239.0,44.63,4.6,4.9,UPI
2024-12-25,06:32:22,"""CNR3534565""",Completed,"""CID9334867""",Bike,South Extension,Vaishali,9.1,31.7,,,,,,,588.0,25.91,3.9,4.4,Credit Card
2024-06-07,17:07:45,"""CNR8751062""",Completed,"""CID7456799""",Premier Sedan,Tughlakabad,Nehru Place,10.1,40.0,,,,,,,110.0,8.66,4.1,4.7,Cash
2024-03-13,21:09:26,"""CNR8702663""",Cancelled by Customer,"""CID9896214""",Go Mini,Golf Course Road,Delhi Gate,13.4,,1.0,Driver is not moving towards pickup location,,,,,,,,,
2024-03-09,06:06:56,"""CNR6189284""",Completed,"""CID9343884""",Auto,Okhla,Greater Noida,10.4,20.2,,,,,,,552.0,21.4,4.9,4.6,Cash
2024-08-19,08:17:45,"""CNR9841359""",Completed,"""CID4780124""",Go Mini,Moti Nagar,Barakhamba Road,2.1,41.1,,,,,,,196.0,7.69,4.6,4.1,UPI
2024-02-26,09:06:16,"""CNR5450837""",Completed,"""CID8657609""",Go Sedan,Pragati Maidan,Kirti Nagar,13.7,32.7,,,,,,,684.0,18.68,3.3,4.4,Cash
2024-08-02,18:24:04,"""CNR2596121""",Incomplete,"""CID6680756""",Go Sedan,Vaishali,Noida Sector 18,4.2,24.3,,,,,1.0,Other Issue,476.0,16.65,,,Debit Card
2024-05-05,19:27:50,"""CNR7271223""",Cancelled by Driver,"""CID5482448""",Go Sedan,Shivaji Park,Jhilmil,11.3,,,,1.0,Personal & Car related issues,,,,,,,
2024-05-12,08:38:52,"""CNR6036756""",Completed,"""CID5803401""",Bike,Inderlok,India Gate,5.0,22.5,,,,,,,261.0,21.79,3.8,3.4,Uber Wallet
2024-12-09,16:57:03,"""CNR5589247""",Incomplete,"""CID3586110""",Go Mini,Mandi House,Vaishali,7.5,24.1,,,,,1.0,Vehicle Breakdown,608.0,19.62,,,Cash
2024-03-26,19:05:25,"""CNR2925397""",Cancelled by Customer,"""CID3155224""",Bike,Welcome,Dilshad Garden,7.2,,1.0,Driver asked to cancel,,,,,,,,,
2024-01-27,14:54:07,"""CNR9967958""",No Driver Found,"""CID2342387""",Premier Sedan,Tughlakabad,Uttam Nagar,,,,,,,,,,,,,
2024-09-22,21:23:28,"""CNR3017410""",Completed,"""CID4686214""",Auto,Mandi House,Pulbangash,6.5,38.9,,,,,,,894.0,35.45,3.4,5.0,Cash
2024-02-22,10:13:35,"""CNR2123783""",Completed,"""CID4677582""",Premier Sedan,Sohna Road,RK Puram,14.8,44.3,,,,,,,709.0,25.16,4.6,4.8,Cash
2024-10-28,08:11:10,"""CNR8998981""",Completed,"""CID9992785""",eBike,Shahdara,Rajouri Garden,9.1,18.7,,,,,,,454.0,37.22,4.5,4.3,UPI
2024-08-05,22:44:17,"""CNR6243381""",Incomplete,"""CID9983401""",Bike,Gurgaon Sector 56,Inderlok,8.1,20.8,,,,,1.0,Vehicle Breakdown,571.0,4.45,,,UPI
2024-09-21,19:36:30,"""CNR8233975""",Completed,"""CID5201558""",Go Sedan,Kashmere Gate,Saidulajab,14.9,43.6,,,,,,,788.0,6.49,3.8,4.9,UPI
2024-10-31,17:39:52,"""CNR4320844""",Completed,"""CID3724099""",Bike,Vidhan Sabha,Udyog Vihar,8.9,24.3,,,,,,,508.0,37.43,4.2,4.2,UPI
2024-11-12,09:50:35,"""CNR1900841""",Cancelled by Customer,"""CID5039530""",Go Mini,Raj Nagar Extension,INA Market,18.6,,1.0,Wrong Address,,,,,,,,,
2024-08-08,10:28:03,"""CNR7221809""",Cancelled by Customer,"""CID8776773""",Premier Sedan,Palam Vihar,Tagore Garden,9.6,,1.0,AC is not working,,,,,,,,,
2024-03-25,17:01:01,"""CNR9174532""",Completed,"""CID3682179""",Auto,Udyog Vihar,Mansarovar Park,13.2,36.1,,,,,,,408.0,4.41,4.4,4.7,Credit Card
2024-04-18,20:13:35,"""CNR3765010""",Completed,"""CID9124174""",Bike,Shahdara,Lajpat Nagar,8.2,23.0,,,,,,,335.0,47.21,3.7,4.8,Uber Wallet
2024-11-30,05:12:10,"""CNR3105733""",Completed,"""CID2848408""",Premier Sedan,South Extension,Pulbangash,9.7,31.5,,,,,,,403.0,32.12,3.7,5.0,Cash
2024-12-07,15:24:19,"""CNR5754779""",Completed,"""CID1030590""",Go Mini,Moti Nagar,Gurgaon Sector 29,11.5,30.2,,,,,,,599.0,3.96,5.0,3.7,UPI
2024-01-15,09:02:07,"""CNR8341970""",Completed,"""CID5343442""",Auto,Laxmi Nagar,Udyog Vihar,14.3,17.6,,,,,,,1150.0,46.37,4.5,4.7,Debit Card
2024-09-21,09:03:52,"""CNR6829373""",Completed,"""CID2421532""",Go Sedan,Noida Sector 18,Chhatarpur,13.7,36.1,,,,,,,616.0,33.83,4.2,4.3,Uber Wallet
2024-08-27,09:40:17,"""CNR6139544""",Completed,"""CID9812979""",Auto,Khan Market,New Delhi Railway Station,5.3,43.6,,,,,,,932.0,40.21,4.1,4.1,UPI
2024-12-09,18:31:50,"""CNR8189452""",No Driver Found,"""CID5083561""",Auto,Moolchand,Tis Hazari,,,,,,,,,,,,,
2024-11-07,09:42:55,"""CNR5888212""",Completed,"""CID3548618""",Bike,Central Secretariat,Janakpuri,13.5,37.6,,,,,,,231.0,19.35,4.6,4.6,UPI
2024-01-01,17:29:38,"""CNR6304766""",Completed,"""CID9520416""",Go Sedan,Udyog Vihar,Udyog Bhawan,4.7,28.6,,,,,,,96.0,49.18,4.3,4.2,UPI
2024-01-04,16:50:18,"""CNR8279988""",Completed,"""CID4590498""",Premier Sedan,Delhi Gate,Adarsh Nagar,8.4,23.2,,,,,,,335.0,35.03,4.9,4.8,Cash
2024-11-29,06:06:14,"""CNR9927294""",Completed,"""CID4191898""",Go Sedan,Maidan Garhi,Greater Kailash,6.7,27.6,,,,,,,472.0,16.58,3.7,3.9,UPI
2024-10-19,14:00:25,"""CNR5821154""",No Driver Found,"""CID3944478""",Auto,MG Road,Central Secretariat,,,,,,,,,,,,,
2024-01-14,08:47:44,"""CNR6146293""",Completed,"""CID3397255""",Bike,Kashmere Gate ISBT,Udyog Vihar,6.5,44.8,,,,,,,1547.0,15.86,4.5,4.8,UPI
2024-12-29,16:44:51,"""CNR1242952""",Cancelled by Driver,"""CID3475700""",Premier Sedan,GTB Nagar,Chhatarpur,11.9,,,,1.0,More than permitted people in there,,,,,,,
2024-03-17,09:12:24,"""CNR4341050""",Cancelled by Driver,"""CID8849796""",Bike,Barakhamba Road,Anand Vihar ISBT,6.4,,,,1.0,Personal & Car related issues,,,,,,,
2024-12-18,18:08:25,"""CNR3120739""",No Driver Found,"""CID5285181""",Bike,Sushant Lok,Nirman Vihar,,,,,,,,,,,,,
2024-12-19,18:57:49,"""CNR3686609""",Completed,"""CID8416231""",Uber XL,Shastri Park,Badshahpur,3.2,44.8,,,,,,,147.0,39.98,4.7,4.1,Uber Wallet
2024-07-17,16:37:17,"""CNR4501997""",Completed,"""CID4794795""",Auto,Green Park,Civil Lines Gurgaon,11.4,34.5,,,,,,,847.0,5.33,4.6,4.7,Uber Wallet
2024-07-03,09:36:33,"""CNR2587189""",No Driver Found,"""CID4368303""",Go Sedan,Udyog Bhawan,Chanakyapuri,,,,,,,,,,,,,
2024-11-08,01:37:10,"""CNR6444707""",Completed,"""CID5497432""",Bike,IMT Manesar,Cyber Hub,6.8,38.3,,,,,,,729.0,46.7,3.0,4.6,UPI
2024-04-16,12:41:08,"""CNR3304182""",Completed,"""CID5512929""",Auto,Keshav Puram,Dwarka Sector 21,11.6,23.3,,,,,,,851.0,43.31,4.3,4.4,Credit Card
2024-08-19,21:46:22,"""CNR5467249""",Completed,"""CID4399379""",Go Mini,Sarojini Nagar,Badarpur,12.7,37.6,,,,,,,181.0,18.53,4.4,5.0,UPI
2024-01-10,10:11:21,"""CNR2052805""",Completed,"""CID8007711""",Bike,Chanakyapuri,South Extension,9.6,37.7,,,,,,,1594.0,3.18,3.9,3.1,UPI
2024-10-01,05:33:42,"""CNR6138221""",Cancelled by Driver,"""CID4424550""",Auto,Arjangarh,Karol Bagh,7.9,,,,1.0,More than permitted people in there,,,,,,,
2024-07-26,14:52:11,"""CNR2870476""",Completed,"""CID3357231""",Go Mini,Akshardham,Udyog Bhawan,14.3,17.4,,,,,,,342.0,5.0,4.7,4.8,Uber Wallet
2024-05-11,11:28:13,"""CNR4633023""",Completed,"""CID9733496""",Auto,Tagore Garden,Saidulajab,5.1,33.2,,,,,,,1202.0,49.97,3.9,4.3,Cash
2024-12-14,11:01:13,"""CNR4736663""",Completed,"""CID2839598""",Go Mini,Vidhan Sabha,Seelampur,5.4,40.0,,,,,,,1366.0,3.16,3.6,4.2,UPI
2024-07-26,16:56:50,"""CNR5915155""",Completed,"""CID8962961""",Go Sedan,Anand Vihar,Delhi Gate,3.4,36.2,,,,,,,835.0,8.18,4.1,4.9,UPI
2024-08-01,12:57:16,"""CNR2684692""",No Driver Found,"""CID8025440""",Go Mini,Gurgaon Sector 29,New Delhi Railway Station,,,,,,,,,,,,,
2024-08-08,21:58:53,"""CNR2403408""",Completed,"""CID4184977""",Bike,Ghitorni Village,Greater Kailash,6.6,25.4,,,,,,,381.0,9.05,4.6,4.5,UPI
2024-06-15,18:02:30,"""CNR4383880""",Completed,"""CID1736932""",Auto,RK Puram,Shastri Nagar,10.3,29.9,,,,,,,555.0,41.53,4.8,4.1,Credit Card
2024-04-24,17:20:29,"""CNR2105337""",Completed,"""CID5516973""",Go Mini,Kashmere Gate ISBT,Pulbangash,10.8,22.2,,,,,,,797.0,41.66,4.6,4.6,UPI
2024-04-10,10:22:04,"""CNR4676350""",Cancelled by Driver,"""CID1270364""",Auto,Tagore Garden,Mundka,6.5,,,,1.0,More than permitted people in there,,,,,,,
2024-04-02,11:50:05,"""CNR1981669""",Completed,"""CID4864607""",Bike,Karkarduma,Ashok Park Main,2.2,24.8,,,,,,,202.0,27.44,4.3,4.2,Debit Card
2024-04-23,09:54:10,"""CNR4451636""",Cancelled by Driver,"""CID9506765""",Auto,DLF City Court,Peeragarhi,10.7,,,,1.0,Personal & Car related issues,,,,,,,
2024-11-22,18:15:47,"""CNR4112182""",Cancelled by Driver,"""CID4667089""",Go Sedan,Gwal Pahari,Malviya Nagar,3.5,,,,1.0,Personal & Car related issues,,,,,,,
2024-11-10,22:46:30,"""CNR7299613""",Completed,"""CID5417631""",Go Sedan,Gurgaon Sector 56,Mehrauli,2.9,22.1,,,,,,,1063.0,41.25,4.3,4.3,Debit Card
2024-10-27,05:14:50,"""CNR8498136""",Completed,"""CID7890135""",Premier Sedan,Karkarduma,Netaji Subhash Place,11.3,24.2,,,,,,,573.0,34.92,4.6,4.9,UPI
2024-10-19,20:39:08,"""CNR4925954""",Cancelled by Driver,"""CID1272497""",Go Sedan,ITO,Indraprastha,3.4,,,,1.0,Personal & Car related issues,,,,,,,
2024-02-08,22:05:02,"""CNR2214737""",Cancelled by Driver,"""CID7113542""",Go Sedan,Pulbangash,Samaypur Badli,8.9,,,,1.0,The customer was coughing/sick,,,,,,,
2024-04-01,11:58:23,"""CNR3721147""",Completed,"""CID7163674""",Auto,Kirti Nagar,Kashmere Gate,12.0,15.8,,,,,,,145.0,26.6,4.5,3.9,UPI
2024-11-26,10:21:20,"""CNR4893050""",Cancelled by Driver,"""CID6273406""",Bike,Vatika Chowk,Aya Nagar,3.3,,,,1.0,More than permitted people in there,,,,,,,
2024-04-07,18:13:31,"""CNR6449117""",Cancelled by Driver,"""CID9826279""",Go Sedan,Seelampur,Pulbangash,7.1,,,,1.0,Customer related issue,,,,,,,
2024-09-11,15:29:42,"""CNR7219523""",Completed,"""CID6332572""",Go Mini,Nirman Vihar,Sadar Bazar Gurgaon,12.9,21.4,,,,,,,269.0,32.38,4.3,4.6,UPI
2024-03-12,18:56:15,"""CNR2096547""",Completed,"""CID1021173""",Auto,Kherki Daula Toll,New Delhi Railway Station,12.0,26.3,,,,,,,187.0,37.68,4.7,4.3,Debit Card
2024-04-02,22:04:41,"""CNR2718221""",Completed,"""CID1471264""",Go Mini,Jama Masjid,Subhash Nagar,12.6,33.9,,,,,,,167.0,30.89,4.6,4.6,Cash
2024-05-05,18:02:47,"""CNR7848607""",Incomplete,"""CID5852173""",Bike,Vatika Chowk,Aya Nagar,9.1,18.9,,,,,1.0,Vehicle Breakdown,972.0,6.96,,,Cash
2024-08-11,10:22:51,"""CNR6899709""",Cancelled by Driver,"""CID2458559""",Go Sedan,Faridabad Sector 15,Sikanderpur,6.9,,,,1.0,Personal & Car related issues,,,,,,,
2024-08-29,11:01:08,"""CNR9106991""",Completed,"""CID3599844""",Bike,Badarpur,Ardee City,10.2,19.8,,,,,,,673.0,38.67,4.6,4.4,Uber Wallet
2024-09-18,16:31:06,"""CNR9527468""",Completed,"""CID4694591""",Auto,Vatika Chowk,Indraprastha,4.1,25.2,,,,,,,871.0,28.99,4.2,4.5,Debit Card
2024-07-14,16:48:28,"""CNR4289510""",Completed,"""CID4609735""",Go Mini,Ghaziabad,Kashmere Gate,2.0,16.3,,,,,,,588.0,9.63,4.6,4.9,UPI
2024-05-22,09:14:18,"""CNR1355695""",Incomplete,"""CID3790327""",Go Mini,Moti Nagar,Ashram,7.1,25.3,,,,,1.0,Other Issue,456.0,5.97,,,Uber Wallet
2024-01-19,14:28:14,"""CNR1393800""",Completed,"""CID4965728""",Auto,Noida Extension,Moolchand,13.5,34.7,,,,,,,222.0,37.74,5.0,4.8,Uber Wallet
2024-04-08,16:59:29,"""CNR6446845""",Completed,"""CID4622029""",Go Mini,Munirka,Hauz Khas,13.3,38.6,,,,,,,910.0,22.92,4.2,4.2,UPI
2024-05-06,16:45:12,"""CNR1736191""",Completed,"""CID9757653""",Bike,Chhatarpur,Jhilmil,5.6,15.0,,,,,,,237.0,20.04,4.5,4.1,Debit Card
2024-07-24,01:07:10,"""CNR9073729""",Cancelled by Driver,"""CID7886623""",Auto,Jor Bagh,Manesar,6.3,,,,1.0,Personal & Car related issues,,,,,,,
2024-03-31,22:13:10,"""CNR6185047""",Cancelled by Customer,"""CID8010268""",Auto,Bhiwadi,Udyog Vihar,16.9,,1.0,Change of plans,,,,,,,,,
2024-02-29,09:42:40,"""CNR7609238""",Completed,"""CID1942619""",Bike,Janakpuri,Pitampura,4.2,31.6,,,,,,,939.0,30.7,3.9,4.7,UPI
2024-08-23,18:19:53,"""CNR7895521""",Completed,"""CID5240671""",Go Sedan,Bahadurgarh,Shastri Park,9.0,23.4,,,,,,,262.0,20.51,3.5,4.2,UPI
2024-01-23,19:54:17,"""CNR5252794""",Completed,"""CID6966072""",Auto,Subhash Chowk,Rohini East,12.9,17.0,,,,,,,758.0,4.42,4.7,3.0,Credit Card
2024-02-04,17:11:11,"""CNR5653421""",Completed,"""CID9166407""",Auto,Dilshad Garden,Paschim Vihar,11.6,43.3,,,,,,,796.0,46.26,4.2,4.0,UPI
2024-06-19,15:34:55,"""CNR5098976""",Cancelled by Driver,"""CID6091758""",Bike,Panchsheel Park,Barakhamba Road,11.7,,,,1.0,The customer was coughing/sick,,,,,,,
2024-06-03,22:54:21,"""CNR2521637""",No Driver Found,"""CID8296373""",Go Sedan,Ghaziabad,Nehru Place,,,,,,,,,,,,,
2024-01-14,16:01:57,"""CNR9963456""",Cancelled by Driver,"""CID5227076""",Go Mini,Hero Honda Chowk,Rajiv Nagar,7.3,,,,1.0,Personal & Car related issues,,,,,,,
2024-02-13,19:31:57,"""CNR2226667""",Incomplete,"""CID2005353""",Go Sedan,Cyber Hub,Connaught Place,9.0,22.9,,,,,1.0,Vehicle Breakdown,281.0,12.88,,,Cash
2024-06-26,11:26:42,"""CNR9401966""",Completed,"""CID7924905""",Auto,Karol Bagh,IMT Manesar,2.6,43.7,,,,,,,429.0,19.7,4.9,4.4,UPI
2024-02-07,14:25:02,"""CNR5323834""",Completed,"""CID5931308""",Go Mini,Badarpur,Gwal Pahari,7.8,25.4,,,,,,,316.0,34.96,4.6,4.4,UPI
2024-06-10,01:11:37,"""CNR7350633""",Completed,"""CID2636218""",Go Mini,Indraprastha,Ghitorni,6.5,42.9,,,,,,,459.0,17.46,4.3,4.7,UPI
2024-09-17,09:54:55,"""CNR9366788""",Cancelled by Customer,"""CID7956467""",Premier Sedan,Rajiv Chowk,Paharganj,7.1,,1.0,AC is not working,,,,,,,,,
2024-09-01,16:24:37,"""CNR1616051""",Completed,"""CID2547281""",eBike,Ghaziabad,New Colony,5.7,41.1,,,,,,,501.0,15.93,4.6,4.6,UPI
2024-09-05,05:29:41,"""CNR3839253""",Cancelled by Driver,"""CID8296940""",Bike,Kadarpur,RK Puram,8.4,,,,1.0,Personal & Car related issues,,,,,,,
2024-08-10,08:31:00,"""CNR4465700""",Cancelled by Driver,"""CID4018696""",Go Sedan,Rajiv Nagar,Old Gurgaon,4.9,,,,1.0,More than permitted people in there,,,,,,,
2024-03-04,22:47:20,"""CNR3912733""",Completed,"""CID9086449""",Go Sedan,Ardee City,AIIMS,9.9,43.4,,,,,,,678.0,29.68,4.3,4.3,UPI
2024-02-02,07:16:45,"""CNR1288370""",Cancelled by Driver,"""CID6115776""",Go Sedan,Shahdara,Chandni Chowk,5.4,,,,1.0,More than permitted people in there,,,,,,,
2024-07-17,23:10:56,"""CNR7424654""",Completed,"""CID2678828""",Bike,AIIMS,Peeragarhi,7.9,28.6,,,,,,,235.0,45.26,4.9,4.2,UPI
2024-11-04,19:46:16,"""CNR9534927""",Completed,"""CID1194416""",Go Mini,Adarsh Nagar,Arjangarh,3.9,43.3,,,,,,,995.0,32.19,4.6,4.7,Credit Card
2024-05-28,00:48:38,"""CNR5915423""",Completed,"""CID9800432""",Bike,IMT Manesar,Huda City Centre,3.4,19.2,,,,,,,265.0,2.0,4.3,4.9,UPI
2024-01-07,04:28:32,"""CNR2773539""",Completed,"""CID9947752""",Go Sedan,South Extension,Cyber Hub,4.8,29.5,,,,,,,159.0,31.12,3.2,4.5,UPI
2024-08-16,20:57:49,"""CNR5257639""",Cancelled by Driver,"""CID8440371""",Auto,Rohini East,Azadpur,7.4,,,,1.0,The customer was coughing/sick,,,,,,,
2024-11-07,22:42:58,"""CNR9333125""",Completed,"""CID9927502""",Go Mini,Sadar Bazar Gurgaon,Indraprastha,14.3,40.0,,,,,,,112.0,25.17,4.8,3.8,UPI
2024-03-07,22:42:56,"""CNR1878534""",Completed,"""CID8824154""",Go Sedan,Shastri Nagar,Panipat,14.1,19.7,,,,,,,929.0,23.0,4.5,4.3,Cash
2024-02-23,20:24:10,"""CNR2071501""",Completed,"""CID4304055""",Auto,Mayur Vihar,Preet Vihar,14.3,17.3,,,,,,,225.0,2.86,4.3,4.2,UPI
2024-06-09,11:44:06,"""CNR9634800""",Cancelled by Driver,"""CID6942166""",Bike,Kherki Daula Toll,Anand Vihar ISBT,3.7,,,,1.0,Customer related issue,,,,,,,
2024-11-01,19:00:33,"""CNR8881673""",No Driver Found,"""CID8702832""",Auto,Sohna Road,Botanical Garden,,,,,,,,,,,,,
2024-03-02,12:59:13,"""CNR8370849""",No Driver Found,"""CID2665649""",Go Mini,India Gate,Sonipat,,,,,,,,,,,,,
2024-05-15,07:37:10,"""CNR1144044""",Cancelled by Customer,"""CID5859698""",Auto,Laxmi Nagar,Saidulajab,18.9,,1.0,Change of plans,,,,,,,,,
2024-03-08,13:38:05,"""CNR1736427""",Cancelled by Driver,"""CID7500219""",Go Sedan,New Delhi Railway Station,Satguru Ram Singh Marg,9.3,,,,1.0,More than permitted people in there,,,,,,,
2024-02-13,06:14:55,"""CNR2553618""",Completed,"""CID4727573""",Premier Sedan,Seelampur,Udyog Vihar Phase 4,10.7,44.7,,,,,,,886.0,30.49,4.3,4.2,Cash
2024-08-13,16:27:55,"""CNR1425763""",Cancelled by Customer,"""CID7881110""",Uber XL,Seelampur,Green Park,8.2,,1.0,Driver is not moving towards pickup location,,,,,,,,,
2024-05-26,19:35:07,"""CNR5158276""",Incomplete,"""CID7930319""",Auto,Munirka,Vidhan Sabha,7.6,15.9,,,,,1.0,Customer Demand,1297.0,11.09,,,UPI
2024-07-04,16:17:30,"""CNR1711061""",Cancelled by Driver,"""CID3395318""",Go Mini,Karkarduma,Mundka,10.3,,,,1.0,More than permitted people in there,,,,,,,
2024-06-14,18:38:37,"""CNR4550363""",Completed,"""CID1522472""",Go Mini,Sushant Lok,Chanakyapuri,6.4,35.4,,,,,,,99.0,21.39,4.7,3.9,Cash
2024-06-26,21:28:18,"""CNR7743761""",Completed,"""CID1743429""",Auto,DLF Phase 3,Chirag Delhi,7.2,37.4,,,,,,,164.0,26.51,4.7,3.9,UPI
2024-01-27,22:31:23,"""CNR5014061""",Cancelled by Driver,"""CID9380382""",Auto,GTB Nagar,Gurgaon Sector 29,5.1,,,,1.0,Customer related issue,,,,,,,
2024-05-01,10:16:23,"""CNR2215835""",No Driver Found,"""CID9240054""",eBike,Lal Quila,Chanakyapuri,,,,,,,,,,,,,
2024-04-25,10:34:29,"""CNR6009926""",Cancelled by Driver,"""CID7053753""",Auto,Ashok Park Main,Lok Kalyan Marg,9.9,,,,1.0,The customer was coughing/sick,,,,,,,
2024-06-15,08:20:23,"""CNR1755037""",Cancelled by Driver,"""CID4014663""",Bike,Peeragarhi,Noida Sector 18,4.5,,,,1.0,Customer related issue,,,,,,,
2024-06-07,22:57:40,"""CNR9421804""",Cancelled by Driver,"""CID3574828""",Premier Sedan,Nehru Place,Noida Extension,9.7,,,,1.0,Customer related issue,,,,,,,
2024-10-12,13:58:20,"""CNR3144478""",Completed,"""CID8208181""",Go Mini,Dwarka Mor,IIT Delhi,10.3,40.8,,,,,,,417.0,37.18,3.8,4.6,UPI
2024-03-31,12:12:09,"""CNR4794237""",Cancelled by Customer,"""CID1389470""",Go Sedan,Vinobapuri,Udyog Vihar Phase 4,12.1,,1.0,Wrong Address,,,,,,,,,
2024-05-22,15:39:36,"""CNR7227852""",Completed,"""CID6344032""",Bike,Kashmere Gate ISBT,Vatika Chowk,7.7,19.8,,,,,,,601.0,9.47,4.1,4.5,UPI
2024-03-19,18:47:36,"""CNR4228640""",Cancelled by Driver,"""CID3817875""",Bike,Kirti Nagar,IGI Airport,10.9,,,,1.0,Customer related issue,,,,,,,
2024-11-07,08:13:11,"""CNR9469033""",Completed,"""CID9416667""",Auto,New Colony,IFFCO Chowk,4.7,42.5,,,,,,,258.0,27.05,4.3,5.0,UPI
2024-09-01,05:10:23,"""CNR9694684""",Completed,"""CID9999314""",Bike,India Gate,Punjabi Bagh,8.3,42.5,,,,,,,459.0,34.26,5.0,5.0,Uber Wallet
2024-04-29,20:09:57,"""CNR7610890""",Completed,"""CID3573290""",Go Mini,Preet Vihar,Shastri Nagar,11.7,18.4,,,,,,,739.0,21.71,4.2,4.6,UPI
2024-09-19,11:54:16,"""CNR9428694""",No Driver Found,"""CID9009792""",Go Mini,Rithala,Karkarduma,,,,,,,,,,,,,
2024-11-16,08:37:32,"""CNR4686582""",Completed,"""CID6120292""",Go Mini,Chandni Chowk,Moti Nagar,9.8,29.4,,,,,,,263.0,10.78,4.2,4.4,UPI
2024-05-08,08:13:42,"""CNR1475508""",Cancelled by Driver,"""CID5371182""",Auto,Narsinghpur,Anand Vihar,9.4,,,,1.0,Customer related issue,,,,,,,
2024-03-27,02:37:08,"""CNR1560467""",Completed,"""CID6711994""",eBike,Sultanpur,Gwal Pahari,2.9,40.7,,,,,,,492.0,31.75,4.3,4.1,Uber Wallet
2024-08-08,15:11:50,"""CNR7308932""",Cancelled by Driver,"""CID3917272""",Bike,Ghitorni,Seelampur,8.4,,,,1.0,Personal & Car related issues,,,,,,,
2024-07-21,10:59:31,"""CNR1326886""",Cancelled by Driver,"""CID6671130""",Auto,Tis Hazari,Tagore Garden,10.4,,,,1.0,The customer was coughing/sick,,,,,,,
2024-06-13,17:42:27,"""CNR4685111""",Completed,"""CID2213032""",Auto,Udyog Vihar Phase 4,Madipur,11.2,20.1,,,,,,,289.0,12.28,4.3,4.2,UPI
2024-08-03,09:48:57,"""CNR2445008""",Completed,"""CID4142763""",Go Mini,Uttam Nagar,Gurgaon Sector 56,6.3,16.9,,,,,,,168.0,45.82,3.7,4.6,UPI
2024-07-06,08:01:50,"""CNR3297406""",No Driver Found,"""CID4640927""",Go Mini,Azadpur,Preet Vihar,,,,,,,,,,,,,
2024-12-16,21:22:34,"""CNR5646656""",Completed,"""CID7110646""",Premier Sedan,Pitampura,Kashmere Gate,14.3,23.9,,,,,,,302.0,32.94,4.6,4.7,Cash
2024-08-15,14:32:45,"""CNR5987759""",Completed,"""CID1440909""",Auto,DLF City Court,Bhikaji Cama Place,13.0,32.6,,,,,,,374.0,28.48,4.1,4.9,Credit Card
2024-07-17,16:55:57,"""CNR6694409""",Completed,"""CID4363291""",eBike,Samaypur Badli,Sonipat,3.0,40.9,,,,,,,587.0,48.64,4.1,4.5,Cash
2024-01-14,10:23:57,"""CNR6109840""",Cancelled by Driver,"""CID6327064""",Go Sedan,Badshahpur,Bahadurgarh,8.7,,,,1.0,The customer was coughing/sick,,,,,,,
2024-10-25,15:55:43,"""CNR2347147""",Completed,"""CID8104652""",Go Sedan,Narsinghpur,Badshahpur,10.5,17.1,,,,,,,394.0,27.71,4.4,4.9,Credit Card
2024-07-11,20:04:36,"""CNR1286006""",Cancelled by Driver,"""CID4922800""",Go Mini,Raj Nagar Extension,AIIMS,5.5,,,,1.0,The customer was coughing/sick,,,,,,,
2024-05-30,11:33:16,"""CNR7247412""",Completed,"""CID5013048""",Bike,Model Town,Tagore Garden,5.1,27.8,,,,,,,338.0,12.52,3.7,4.3,Credit Card
2024-05-03,18:35:29,"""CNR8384737""",Cancelled by Driver,"""CID7010946""",Go Sedan,Ardee City,Khandsa,4.8,,,,1.0,The customer was coughing/sick,,,,,,,
2024-10-27,07:26:27,"""CNR6734670""",Completed,"""CID9609322""",Auto,Gurgaon Sector 29,Janakpuri,14.3,20.9,,,,,,,1555.0,33.75,3.9,4.1,Cash
2024-05-12,17:20:52,"""CNR7871852""",No Driver Found,"""CID3918519""",Go Mini,Noida Sector 62,Netaji Subhash Place,,,,,,,,,,,,,
2024-06-13,14:51:09,"""CNR6136597""",Completed,"""CID1198806""",Premier Sedan,Laxmi Nagar,Kanhaiya Nagar,11.6,22.2,,,,,,,293.0,46.56,4.7,4.5,Cash
2024-08-01,09:01:30,"""CNR6768879""",Cancelled by Driver,"""CID1712647""",Bike,Noida Sector 62,Dwarka Sector 21,7.4,,,,1.0,The customer was coughing/sick,,,,,,,
2024-10-12,15:13:11,"""CNR7031184""",Completed,"""CID8029349""",Go Sedan,Netaji Subhash Place,Ambience Mall,6.5,16.7,,,,,,,222.0,25.41,4.1,4.7,UPI
2024-01-27,18:13:16,"""CNR6403702""",Completed,"""CID9254315""",Uber XL,Preet Vihar,Tis Hazari,2.5,29.5,,,,,,,155.0,31.18,4.3,4.1,Uber Wallet
2024-07-26,20:29:01,"""CNR9001937""",Cancelled by Driver,"""CID1188435""",Bike,New Colony,Govindpuri,4.1,,,,1.0,The customer was coughing/sick,,,,,,,
2024-06-03,14:38:19,"""CNR7410744""",Completed,"""CID7227004""",Bike,Ghitorni Village,Model Town,2.4,43.6,,,,,,,579.0,23.43,4.3,4.3,UPI
2024-04-25,23:30:24,"""CNR7515410""",Completed,"""CID7594546""",Auto,Sushant Lok,Kherki Daula Toll,2.5,38.5,,,,,,,291.0,29.46,4.5,4.3,UPI
2024-11-04,17:38:27,"""CNR4388671""",Cancelled by Customer,"""CID7369892""",Go Mini,Khandsa,Ghaziabad,14.0,,1.0,AC is not working,,,,,,,,,
2024-02-24,20:09:31,"""CNR8314579""",Cancelled by Customer,"""CID7207599""",Go Mini,Jahangirpuri,Vasant Kunj,10.5,,1.0,AC is not working,,,,,,,,,
2024-06-20,18:12:25,"""CNR6340711""",Completed,"""CID1528727""",Premier Sedan,Yamuna Bank,Tagore Garden,10.3,23.0,,,,,,,56.0,12.19,4.3,3.7,Debit Card
2024-08-04,15:51:44,"""CNR1216848""",No Driver Found,"""CID9992340""",Bike,Udyog Vihar Phase 4,RK Puram,,,,,,,,,,,,,
2024-04-27,09:40:46,"""CNR6369984""",Completed,"""CID5149786""",Go Mini,Jhilmil,Huda City Centre,11.0,41.8,,,,,,,1026.0,37.63,3.9,4.3,Cash
2024-02-28,22:09:20,"""CNR1179055""",Cancelled by Customer,"""CID4366163""",Go Mini,ITO,Noida Sector 18,18.5,,1.0,Driver asked to cancel,,,,,,,,,
2024-08-16,08:41:56,"""CNR5425649""",Completed,"""CID8537293""",Auto,Bhiwadi,Saidulajab,12.2,35.6,,,,,,,169.0,19.26,4.1,4.1,UPI
2024-03-17,11:25:39,"""CNR7550354""",Cancelled by Driver,"""CID8976571""",Go Mini,Raj Nagar Extension,Anand Vihar,10.8,,,,1.0,The customer was coughing/sick,,,,,,,
2024-02-03,19:27:40,"""CNR5913265""",Completed,"""CID4430776""",Go Sedan,Mehrauli,Basai Dhankot,7.0,29.3,,,,,,,308.0,43.0,4.4,4.6,Debit Card
2024-10-30,10:18:08,"""CNR8607469""",Completed,"""CID2304747""",Bike,MG Road,Noida Sector 62,10.8,16.7,,,,,,,804.0,6.52,3.7,4.0,Debit Card
2024-05-10,16:50:27,"""CNR2956239""",Cancelled by Driver,"""CID7335421""",Premier Sedan,Uttam Nagar,Satguru Ram Singh Marg,11.9,,,,1.0,More than permitted people in there,,,,,,,
2024-04-17,16:29:25,"""CNR8391653""",Cancelled by Driver,"""CID9172155""",Auto,Kashmere Gate ISBT,Moolchand,7.5,,,,1.0,More than permitted people in there,,,,,,,
2024-01-31,19:15:22,"""CNR7908177""",Completed,"""CID5942173""",Go Mini,Tis Hazari,Sadar Bazar Gurgaon,14.0,24.7,,,,,,,113.0,7.97,4.3,4.8,UPI
2024-09-24,10:00:55,"""CNR7953106""",No Driver Found,"""CID2334332""",Go Sedan,Gurgaon Railway Station,Raj Nagar Extension,,,,,,,,,,,,,
2024-08-10,15:16:00,"""CNR9040600""",Cancelled by Driver,"""CID1235973""",Bike,Vatika Chowk,Golf Course Road,3.2,,,,1.0,More than permitted people in there,,,,,,,
2024-07-11,16:54:09,"""CNR6530626""",Cancelled by Driver,"""CID1117869""",Premier Sedan,Arjangarh,Hero Honda Chowk,11.4,,,,1.0,Personal & Car related issues,,,,,,,
2024-08-13,22:50:40,"""CNR8815773""",Completed,"""CID6898387""",Go Mini,Tilak Nagar,Badshahpur,7.6,31.8,,,,,,,495.0,30.24,4.3,4.2,Cash
2024-02-27,22:55:50,"""CNR4869235""",No Driver Found,"""CID6274781""",Go Mini,Saket A Block,Dilshad Garden,,,,,,,,,,,,,
2024-01-30,21:50:17,"""CNR4252329""",Cancelled by Driver,"""CID2705150""",Go Mini,Palam Vihar,Mayur Vihar,10.9,,,,1.0,The customer was coughing/sick,,,,,,,
2024-03-02,06:59:58,"""CNR9603357""",Cancelled by Customer,"""CID7183516""",Auto,Saket A Block,Sadar Bazar Gurgaon,6.1,,1.0,Driver asked to cancel,,,,,,,,,
2024-04-22,18:03:24,"""CNR5064525""",Cancelled by Driver,"""CID7660410""",Auto,Anand Vihar,Nirman Vihar,7.3,,,,1.0,The customer was coughing/sick,,,,,,,
2024-08-21,11:59:01,"""CNR2495541""",Completed,"""CID3870417""",Auto,Nirman Vihar,New Delhi Railway Station,3.7,15.0,,,,,,,303.0,38.23,4.3,4.2,Cash
2024-03-30,13:25:08,"""CNR8959209""",Completed,"""CID4006376""",Bike,Vatika Chowk,Dilshad Garden,11.2,25.1,,,,,,,257.0,18.43,3.2,4.9,Cash
2024-01-21,10:10:18,"""CNR8964705""",No Driver Found,"""CID7256302""",Go Sedan,Nirman Vihar,Greater Kailash,,,,,,,,,,,,,
2024-07-22,16:34:03,"""CNR5486233""",Completed,"""CID3036929""",Bike,Sikanderpur,IFFCO Chowk,4.2,23.4,,,,,,,206.0,25.7,3.8,4.6,Cash
2024-02-21,17:58:15,"""CNR7070583""",Cancelled by Driver,"""CID3373074""",Auto,Jhilmil,Vatika Chowk,3.2,,,,1.0,The customer was coughing/sick,,,,,,,
2024-09-10,23:09:21,"""CNR5517682""",No Driver Found,"""CID3732612""",Go Sedan,Hero Honda Chowk,Jhilmil,,,,,,,,,,,,,
2024-12-01,15:56:32,"""CNR8312561""",No Driver Found,"""CID1294699""",Go Sedan,Yamuna Bank,Pulbangash,,,,,,,,,,,,,
2024-09-27,17:49:07,"""CNR8377782""",Completed,"""CID5793475""",Bike,Uttam Nagar,ITO,2.4,40.7,,,,,,,955.0,35.62,4.2,4.9,UPI
2024-12-15,21:50:15,"""CNR8720519""",Completed,"""CID9969097""",Bike,Shivaji Park,Model Town,6.8,31.0,,,,,,,444.0,26.99,4.2,4.1,UPI
2024-11-07,11:54:51,"""CNR8878467""",Cancelled by Driver,"""CID4305147""",Go Mini,Vishwavidyalaya,Paharganj,7.3,,,,1.0,More than permitted people in there,,,,,,,
2024-06-21,10:11:10,"""CNR5285661""",Cancelled by Customer,"""CID1840289""",Bike,Mandi House,Kashmere Gate ISBT,10.8,,1.0,Wrong Address,,,,,,,,,
2024-02-20,19:43:28,"""CNR2366406""",No Driver Found,"""CID7015011""",Bike,Subhash Nagar,Azadpur,,,,,,,,,,,,,
2024-07-17,12:46:43,"""CNR2423920""",Completed,"""CID4633574""",Go Sedan,Qutub Minar,Ashram,9.0,16.2,,,,,,,391.0,29.89,3.0,3.9,Cash
2024-12-13,08:07:06,"""CNR5383750""",Cancelled by Driver,"""CID3771760""",Auto,Peeragarhi,Inderlok,8.5,,,,1.0,The customer was coughing/sick,,,,,,,
2024-08-18,05:25:02,"""CNR9926908""",Completed,"""CID5625945""",Bike,GTB Nagar,Satguru Ram Singh Marg,4.6,27.4,,,,,,,499.0,23.37,4.3,3.2,UPI
2024-11-23,08:43:22,"""CNR2486935""",Incomplete,"""CID4083048""",Uber XL,Vidhan Sabha,Dwarka Sector 21,3.3,19.7,,,,,1.0,Other Issue,587.0,19.28,,,UPI
2024-01-04,18:56:09,"""CNR7178472""",Completed,"""CID1894207""",Go Sedan,New Colony,Barakhamba Road,2.2,19.7,,,,,,,2002.0,43.83,4.3,4.6,Cash
2024-08-11,12:00:12,"""CNR7494750""",Cancelled by Driver,"""CID9612871""",Premier Sedan,Paschim Vihar,Sikanderpur,4.3,,,,1.0,Customer related issue,,,,,,,
2024-09-14,01:50:14,"""CNR5692215""",Completed,"""CID4753658""",Auto,Bhiwadi,Lal Quila,8.7,28.2,,,,,,,1149.0,26.72,4.3,4.6,Cash
2024-04-09,21:23:10,"""CNR6079904""",Completed,"""CID9406422""",Go Mini,Pragati Maidan,Sushant Lok,8.2,39.7,,,,,,,141.0,46.85,4.6,4.7,UPI
2024-06-09,21:44:12,"""CNR5712502""",Completed,"""CID9106611""",Auto,Jama Masjid,Nawada,12.5,31.7,,,,,,,92.0,9.16,4.6,4.9,Credit Card
2024-03-28,19:22:44,"""CNR5348764""",Completed,"""CID1097672""",Bike,IGNOU Road,Patel Chowk,15.0,30.0,,,,,,,921.0,41.36,5.0,4.7,UPI
2024-03-04,12:40:34,"""CNR4421195""",Cancelled by Driver,"""CID9365545""",Go Sedan,Ashok Vihar,AIIMS,6.3,,,,1.0,Personal & Car related issues,,,,,,,
2024-06-04,06:52:07,"""CNR5880290""",Completed,"""CID6597588""",Auto,Greater Noida,Lok Kalyan Marg,6.6,27.0,,,,,,,386.0,24.89,4.4,4.1,Credit Card
2024-08-16,08:50:22,"""CNR9206568""",Completed,"""CID6132377""",Auto,Gurgaon Sector 56,Old Gurgaon,10.8,36.3,,,,,,,409.0,33.92,4.2,4.9,Cash
2024-11-22,10:27:50,"""CNR5420252""",Cancelled by Customer,"""CID4373794""",eBike,DLF City Court,Ashok Vihar,13.5,,1.0,Change of plans,,,,,,,,,
2024-06-26,19:59:10,"""CNR6145087""",Completed,"""CID7713985""",Auto,Raj Nagar Extension,Saket,14.9,24.8,,,,,,,62.0,42.69,3.8,4.3,Cash
2024-12-30,07:39:44,"""CNR2729027""",No Driver Found,"""CID4795728""",Go Sedan,Patel Chowk,Govindpuri,,,,,,,,,,,,,
2024-06-07,18:22:00,"""CNR5060032""",Incomplete,"""CID1923099""",Go Mini,Madipur,Mansarovar Park,9.0,11.2,,,,,1.0,Vehicle Breakdown,217.0,4.97,,,Cash
2024-01-17,04:52:21,"""CNR7553226""",Cancelled by Driver,"""CID3344387""",Go Sedan,Welcome,Jasola,5.7,,,,1.0,More than permitted people in there,,,,,,,
2024-06-26,11:50:50,"""CNR3630004""",Cancelled by Customer,"""CID8041984""",Go Mini,DLF City Court,IGNOU Road,19.0,,1.0,Change of plans,,,,,,,,,
2024-09-09,19:53:38,"""CNR3249249""",No Driver Found,"""CID6603806""",Go Sedan,Keshav Puram,Golf Course Road,,,,,,,,,,,,,
2024-04-09,04:53:26,"""CNR9852755""",Incomplete,"""CID2531569""",Auto,Saket A Block,Sarojini Nagar,6.9,15.7,,,,,1.0,Other Issue,400.0,7.32,,,UPI
2024-03-31,15:18:47,"""CNR3407762""",Completed,"""CID3873253""",Premier Sedan,Basai Dhankot,Sikanderpur,2.9,32.6,,,,,,,396.0,34.78,3.4,4.4,Credit Card
2024-05-19,13:52:12,"""CNR9694992""",Completed,"""CID7915045""",Auto,Pragati Maidan,Dilshad Garden,4.7,17.0,,,,,,,656.0,25.01,4.1,4.6,Cash
2024-04-20,12:40:59,"""CNR4515947""",Cancelled by Customer,"""CID8455965""",Go Mini,IIT Delhi,Pitampura,7.1,,1.0,Driver is not moving towards pickup location,,,,,,,,,
2024-08-10,00:05:34,"""CNR3630919""",Cancelled by Driver,"""CID9981748""",Bike,Mansarovar Park,Gwal Pahari,10.7,,,,1.0,Personal & Car related issues,,,,,,,
2024-06-07,19:06:17,"""CNR3315071""",Completed,"""CID5375347""",Go Sedan,Netaji Subhash Place,Inderlok,2.4,24.3,,,,,,,488.0,27.2,4.6,4.1,Cash
2024-06-01,01:00:21,"""CNR6259705""",Completed,"""CID3861818""",Go Mini,Lok Kalyan Marg,Inderlok,5.8,28.6,,,,,,,345.0,5.02,3.7,3.3,Uber Wallet
2024-05-27,21:12:23,"""CNR3145290""",Completed,"""CID6027195""",Bike,Qutub Minar,Sarojini Nagar,6.7,20.6,,,,,,,749.0,35.39,4.1,4.2,UPI
2024-03-31,10:46:15,"""CNR9692594""",Completed,"""CID5892009""",Go Mini,Sultanpur,Huda City Centre,10.2,44.8,,,,,,,498.0,29.87,4.6,4.5,Credit Card
2024-07-19,19:36:22,"""CNR2071791""",Cancelled by Driver,"""CID6266226""",Premier Sedan,Mundka,Ghitorni Village,9.4,,,,1.0,The customer was coughing/sick,,,,,,,
2024-11-01,01:49:43,"""CNR2813576""",Completed,"""CID7655309""",Bike,Tis Hazari,Chandni Chowk,2.7,38.5,,,,,,,891.0,31.71,4.5,4.4,UPI
2024-11-08,10:40:32,"""CNR1562881""",Completed,"""CID5363326""",Go Mini,Welcome,IFFCO Chowk,11.0,37.5,,,,,,,1201.0,45.95,4.6,3.2,UPI
2024-11-11,21:50:11,"""CNR9314973""",Completed,"""CID3428891""",eBike,Mansarovar Park,Punjabi Bagh,11.2,15.2,,,,,,,607.0,32.56,4.0,4.3,UPI
2024-02-16,21:55:32,"""CNR1507748""",Completed,"""CID8440688""",Go Sedan,Kadarpur,Satguru Ram Singh Marg,3.3,29.2,,,,,,,291.0,20.34,3.9,4.2,Cash
2024-05-27,14:10:18,"""CNR4803668""",Completed,"""CID6706490""",Go Sedan,Dwarka Mor,Nirman Vihar,5.0,26.9,,,,,,,543.0,47.53,4.2,4.2,Uber Wallet
2024-07-05,21:20:03,"""CNR4538583""",Cancelled by Driver,"""CID9721661""",eBike,Cyber Hub,Nawada,3.3,,,,1.0,Customer related issue,,,,,,,
2024-12-25,17:45:27,"""CNR8347633""",Completed,"""CID6429344""",Bike,Ghaziabad,Chhatarpur,8.1,15.6,,,,,,,145.0,49.65,4.6,4.5,Debit Card
2024-11-19,17:02:08,"""CNR6650999""",Cancelled by Driver,"""CID1649583""",Auto,Kherki Daula Toll,Sarojini Nagar,11.4,,,,1.0,Customer related issue,,,,,,,
2024-07-13,04:34:28,"""CNR5421483""",Completed,"""CID4224554""",Premier Sedan,Nawada,Delhi Gate,7.3,33.5,,,,,,,232.0,39.27,4.1,3.8,Uber Wallet
2024-10-30,19:18:23,"""CNR9552968""",No Driver Found,"""CID4762793""",Go Mini,Green Park,Manesar,,,,,,,,,,,,,
2024-04-16,07:24:33,"""CNR2424770""",Cancelled by Driver,"""CID3866296""",Go Sedan,Moolchand,Model Town,5.8,,,,1.0,More than permitted people in there,,,,,,,
2024-08-30,21:33:44,"""CNR3779983""",Completed,"""CID9582649""",eBike,Anand Vihar,Ashok Vihar,6.5,17.6,,,,,,,180.0,44.03,4.0,4.2,UPI
2024-04-03,16:21:21,"""CNR8442406""",Cancelled by Driver,"""CID9324380""",Premier Sedan,Udyog Vihar,Arjangarh,9.0,,,,1.0,The customer was coughing/sick,,,,,,,
2024-04-07,01:25:54,"""CNR3777144""",Completed,"""CID4118601""",Go Sedan,Rajiv Chowk,Rohini East,5.1,26.5,,,,,,,979.0,37.45,4.4,4.6,UPI
2024-07-05,09:26:56,"""CNR7368382""",No Driver Found,"""CID3838358""",Go Sedan,Kanhaiya Nagar,Netaji Subhash Place,,,,,,,,,,,,,
2024-12-19,17:42:10,"""CNR2271456""",Completed,"""CID1840781""",Auto,Tilak Nagar,Seelampur,10.7,24.5,,,,,,,148.0,6.5,4.6,4.9,Credit Card
2024-07-05,06:49:38,"""CNR9063495""",Cancelled by Driver,"""CID5620199""",Go Sedan,Jama Masjid,Kashmere Gate ISBT,7.0,,,,1.0,Customer related issue,,,,,,,
2024-04-17,19:47:22,"""CNR5116264""",Cancelled by Customer,"""CID2502946""",Go Mini,Bahadurgarh,Samaypur Badli,5.9,,1.0,Wrong Address,,,,,,,,,
2024-05-12,16:43:34,"""CNR3790004""",Incomplete,"""CID3070654""",Premier Sedan,Noida Sector 62,Akshardham,2.1,24.6,,,,,1.0,Customer Demand,131.0,3.31,,,UPI
2024-12-07,11:22:15,"""CNR2901705""",No Driver Found,"""CID4198696""",Bike,Preet Vihar,Green Park,,,,,,,,,,,,,
2024-04-15,20:32:11,"""CNR1171168""",Completed,"""CID7968414""",Premier Sedan,Yamuna Bank,Ramesh Nagar,14.0,40.0,,,,,,,1397.0,46.62,4.2,4.5,UPI
2024-04-15,21:33:53,"""CNR8057728""",Cancelled by Driver,"""CID3800141""",Premier Sedan,Jahangirpuri,Ambience Mall,9.4,,,,1.0,More than permitted people in there,,,,,,,
2024-04-10,17:03:14,"""CNR3049301""",No Driver Found,"""CID2357670""",Go Mini,Gwal Pahari,Hero Honda Chowk,,,,,,,,,,,,,
2024-12-30,15:45:02,"""CNR9796253""",Completed,"""CID9574975""",Go Sedan,DLF Phase 3,Chandni Chowk,10.5,40.4,,,,,,,98.0,34.77,4.1,4.2,Cash
2024-07-23,11:35:20,"""CNR8478704""",Completed,"""CID7933275""",Go Mini,Noida Film City,Chhatarpur,12.9,29.9,,,,,,,872.0,5.67,4.2,4.9,UPI
2024-12-06,08:27:22,"""CNR1312882""",Cancelled by Driver,"""CID9780428""",Auto,Shastri Park,Civil Lines Gurgaon,7.6,,,,1.0,Customer related issue,,,,,,,
2024-10-18,16:11:29,"""CNR7364981""",No Driver Found,"""CID1634427""",Go Mini,Raj Nagar Extension,IMT Manesar,,,,,,,,,,,,,
2024-05-07,08:11:11,"""CNR1923322""",Completed,"""CID3506744""",Bike,Subhash Chowk,Jahangirpuri,3.0,23.8,,,,,,,567.0,8.49,3.8,4.7,UPI
2024-09-06,18:16:04,"""CNR8374726""",Cancelled by Customer,"""CID8935874""",Go Sedan,Panipat,Peeragarhi,5.3,,1.0,Change of plans,,,,,,,,,
2024-05-22,22:41:17,"""CNR1011823""",Completed,"""CID6421353""",Premier Sedan,Dilshad Garden,Karol Bagh,13.0,35.8,,,,,,,72.0,44.24,4.7,4.5,Cash
2024-09-13,22:32:42,"""CNR4688004""",Completed,"""CID6879388""",Go Sedan,Hero Honda Chowk,DLF City Court,12.4,37.8,,,,,,,210.0,10.45,4.2,4.8,UPI
2024-01-24,09:58:17,"""CNR1643502""",Incomplete,"""CID5477512""",Go Mini,Indirapuram,Janakpuri,3.4,12.3,,,,,1.0,Customer Demand,350.0,17.89,,,Credit Card
2024-06-29,18:24:17,"""CNR7773910""",Completed,"""CID1150782""",Go Mini,Huda City Centre,Old Gurgaon,4.3,42.6,,,,,,,1426.0,13.48,4.9,5.0,Debit Card
2024-06-19,16:38:27,"""CNR6010886""",No Driver Found,"""CID8347846""",eBike,Tilak Nagar,Kherki Daula Toll,,,,,,,,,,,,,
2024-11-07,12:47:26,"""CNR2524214""",Completed,"""CID4012425""",Go Mini,Vinobapuri,Shivaji Park,14.8,19.1,,,,,,,248.0,2.94,4.3,4.7,Credit Card
2024-09-22,08:30:27,"""CNR3035408""",Completed,"""CID3015321""",Go Sedan,Chandni Chowk,Panipat,2.8,42.8,,,,,,,1193.0,15.16,4.6,4.5,UPI
2024-10-26,15:52:04,"""CNR7897968""",Completed,"""CID7674203""",Go Sedan,IFFCO Chowk,Jor Bagh,11.6,38.3,,,,,,,589.0,40.99,4.7,4.4,Cash
2024-06-29,08:05:55,"""CNR4104251""",Completed,"""CID5337027""",Auto,Green Park,Udyog Vihar Phase 4,2.1,26.8,,,,,,,728.0,11.57,4.2,5.0,UPI
2024-06-25,10:20:49,"""CNR6640490""",Cancelled by Customer,"""CID5086008""",Auto,Jhilmil,Sohna Road,11.7,,1.0,Change of plans,,,,,,,,,
2024-04-03,12:51:11,"""CNR5055305""",Cancelled by Customer,"""CID1190243""",Go Sedan,ITO,Ashok Vihar,13.1,,1.0,Wrong Address,,,,,,,,,
2024-08-28,10:13:38,"""CNR4121086""",Cancelled by Customer,"""CID9859398""",Go Sedan,Chhatarpur,Moolchand,8.6,,1.0,Change of plans,,,,,,,,,
2024-07-24,09:02:02,"""CNR8545930""",Cancelled by Driver,"""CID9292094""",Auto,Ashram,Khan Market,6.4,,,,1.0,Personal & Car related issues,,,,,,,
2024-04-30,14:28:57,"""CNR5925807""",No Driver Found,"""CID1515128""",Go Mini,Seelampur,Ghitorni,,,,,,,,,,,,,
2024-03-08,15:06:18,"""CNR2242707""",Completed,"""CID1172531""",Auto,Vaishali,New Colony,4.5,30.8,,,,,,,282.0,6.77,3.1,4.1,Uber Wallet
2024-04-27,10:54:47,"""CNR4254100""",Completed,"""CID7609858""",Uber XL,Kirti Nagar,Badshahpur,2.3,29.7,,,,,,,521.0,33.44,3.9,4.4,UPI
2024-05-24,09:32:53,"""CNR4365871""",Completed,"""CID5537855""",Auto,Patel Chowk,Hero Honda Chowk,2.5,23.7,,,,,,,959.0,13.66,4.4,4.8,Cash
2024-05-27,20:07:42,"""CNR4355766""",No Driver Found,"""CID1844437""",eBike,IFFCO Chowk,Maidan Garhi,,,,,,,,,,,,,
2024-06-22,14:13:56,"""CNR3101684""",No Driver Found,"""CID8678658""",Premier Sedan,Bhikaji Cama Place,Ashram,,,,,,,,,,,,,
2024-06-17,00:28:05,"""CNR1433938""",Completed,"""CID6249343""",Bike,Pulbangash,Greater Kailash,8.9,22.0,,,,,,,235.0,4.18,3.9,4.4,UPI
2024-03-07,08:36:04,"""CNR7736750""",Completed,"""CID2636114""",Go Sedan,Shastri Park,Pitampura,8.6,26.0,,,,,,,348.0,37.28,3.8,4.3,UPI
2024-06-20,07:10:06,"""CNR6711225""",Completed,"""CID6529163""",Premier Sedan,Bhiwadi,Anand Vihar,13.1,41.2,,,,,,,143.0,42.76,4.2,4.3,Cash
2024-04-11,18:32:06,"""CNR7259252""",Completed,"""CID3795295""",Bike,Kashmere Gate ISBT,Pitampura,9.3,31.0,,,,,,,86.0,14.22,4.1,4.2,UPI
2024-03-06,17:48:20,"""CNR8652324""",Completed,"""CID8855472""",Go Mini,Meerut,Ashok Park Main,2.3,19.6,,,,,,,159.0,26.35,3.0,4.3,UPI
2024-11-03,13:50:23,"""CNR2402689""",Cancelled by Customer,"""CID3172151""",Auto,South Extension,Mandi House,8.7,,1.0,Change of plans,,,,,,,,,
2024-10-12,14:58:47,"""CNR2910615""",Completed,"""CID2947508""",Premier Sedan,Rohini West,Maidan Garhi,4.0,24.7,,,,,,,688.0,28.5,4.3,4.5,Debit Card
2024-09-05,11:30:48,"""CNR1514499""",Completed,"""CID6126779""",Go Mini,Civil Lines Gurgaon,Keshav Puram,13.7,17.0,,,,,,,281.0,17.48,4.3,4.7,UPI
2024-10-21,09:53:30,"""CNR3648111""",Completed,"""CID4317653""",Bike,Ashok Park Main,Udyog Bhawan,3.8,33.6,,,,,,,1982.0,20.86,4.2,4.2,Cash
2024-01-18,21:15:50,"""CNR8683019""",Cancelled by Driver,"""CID2188654""",eBike,Yamuna Bank,Greater Noida,3.7,,,,1.0,Customer related issue,,,,,,,
2024-12-06,19:22:21,"""CNR5955390""",Completed,"""CID4203980""",Go Mini,Lajpat Nagar,Satguru Ram Singh Marg,13.5,31.9,,,,,,,748.0,17.44,3.9,4.3,Uber Wallet
2024-01-01,21:02:47,"""CNR3304916""",Completed,"""CID5725493""",Auto,Janakpuri,Sikanderpur,11.8,35.9,,,,,,,354.0,46.26,4.6,4.7,Uber Wallet
2024-07-05,13:11:17,"""CNR3074653""",Completed,"""CID2085557""",Go Mini,Nehru Place,Chhatarpur,6.5,19.4,,,,,,,85.0,27.92,4.5,4.2,Cash
2024-09-14,15:49:03,"""CNR1125529""",No Driver Found,"""CID4078170""",Go Mini,Shivaji Park,Ramesh Nagar,,,,,,,,,,,,,
2024-06-18,11:58:19,"""CNR8580151""",Completed,"""CID7062792""",Auto,Ambience Mall,Sarojini Nagar,5.9,18.5,,,,,,,689.0,41.7,4.4,3.1,Uber Wallet
2024-06-07,07:28:43,"""CNR4051611""",Incomplete,"""CID9961932""",Auto,Rohini West,Nawada,9.6,14.1,,,,,1.0,Customer Demand,498.0,3.92,,,Cash
2024-06-29,09:16:04,"""CNR9056994""",Completed,"""CID7144157""",Premier Sedan,Khandsa,New Colony,12.8,40.9,,,,,,,327.0,6.52,4.2,4.7,Uber Wallet
2024-01-26,22:27:37,"""CNR4496645""",Incomplete,"""CID4979379""",Premier Sedan,Hauz Rani,GTB Nagar,9.1,17.0,,,,,1.0,Vehicle Breakdown,300.0,10.29,,,Credit Card
2024-10-16,07:57:41,"""CNR7348316""",Cancelled by Driver,"""CID6259916""",Go Mini,Saket A Block,Sushant Lok,10.7,,,,1.0,The customer was coughing/sick,,,,,,,
2024-05-07,19:28:03,"""CNR7818028""",Cancelled by Driver,"""CID4865688""",Go Sedan,New Colony,Vasant Kunj,4.1,,,,1.0,Customer related issue,,,,,,,
2024-04-02,09:37:33,"""CNR9590996""",Completed,"""CID3594915""",Bike,Badarpur,Munirka,5.0,39.6,,,,,,,207.0,36.55,4.3,4.9,Credit Card
2024-08-27,05:17:39,"""CNR9788161""",Cancelled by Driver,"""CID8847172""",eBike,Munirka,INA Market,5.5,,,,1.0,More than permitted people in there,,,,,,,
2024-10-16,21:41:49,"""CNR7055394""",Completed,"""CID2038556""",Go Mini,Shastri Park,Tagore Garden,13.7,19.5,,,,,,,312.0,42.27,4.5,5.0,UPI
2024-04-01,08:23:34,"""CNR5909422""",Completed,"""CID7038757""",Premier Sedan,Mansarovar Park,Shastri Nagar,4.7,37.0,,,,,,,84.0,36.34,4.2,3.2,Cash
2024-09-13,06:35:02,"""CNR3696783""",Completed,"""CID7493786""",Go Mini,Kalkaji,Mayur Vihar,14.9,44.6,,,,,,,491.0,18.13,4.3,4.4,Cash
2024-11-08,08:03:35,"""CNR6244144""",Completed,"""CID9291108""",eBike,Central Secretariat,Model Town,11.9,29.7,,,,,,,683.0,22.57,3.5,4.9,Cash
2024-02-13,18:34:08,"""CNR9216968""",Completed,"""CID1732407""",Go Sedan,Vidhan Sabha,Rohini,12.4,39.1,,,,,,,61.0,13.02,4.3,4.3,Debit Card
2024-10-02,14:43:19,"""CNR7423786""",Completed,"""CID1014442""",Auto,Satguru Ram Singh Marg,IGI Airport,2.9,40.5,,,,,,,126.0,43.43,4.7,5.0,UPI
2024-12-19,19:40:47,"""CNR4652465""",Incomplete,"""CID7002829""",Uber XL,Central Secretariat,Rohini,2.6,17.3,,,,,1.0,Customer Demand,241.0,7.23,,,Debit Card
2024-08-20,17:57:02,"""CNR1879134""",Cancelled by Driver,"""CID9144527""",Auto,Narsinghpur,Indirapuram,7.9,,,,1.0,Personal & Car related issues,,,,,,,
2024-12-04,18:44:49,"""CNR4686586""",Cancelled by Customer,"""CID5619671""",Auto,Punjabi Bagh,DLF Phase 3,16.3,,1.0,Driver asked to cancel,,,,,,,,,
2024-07-22,15:12:50,"""CNR2948891""",Completed,"""CID6842990""",Premier Sedan,Meerut,Hauz Rani,12.2,44.5,,,,,,,355.0,27.94,4.1,4.7,UPI
2024-07-29,15:29:57,"""CNR6618765""",Cancelled by Driver,"""CID4692578""",Go Sedan,Rithala,Uttam Nagar,3.4,,,,1.0,The customer was coughing/sick,,,,,,,
2024-11-09,15:03:21,"""CNR8563158""",Completed,"""CID7480383""",Premier Sedan,Patel Chowk,Subhash Nagar,4.1,31.2,,,,,,,868.0,19.74,3.3,4.5,Credit Card
2024-05-18,11:35:01,"""CNR6393629""",Cancelled by Driver,"""CID7969565""",Bike,Central Secretariat,Dilshad Garden,11.0,,,,1.0,The customer was coughing/sick,,,,,,,
2024-01-28,17:22:47,"""CNR4697033""",Incomplete,"""CID2008996""",Go Mini,Central Secretariat,Mansarovar Park,2.2,10.6,,,,,1.0,Other Issue,412.0,9.08,,,UPI
2024-08-11,15:28:57,"""CNR9303272""",Cancelled by Driver,"""CID4922974""",Uber XL,Mehrauli,Noida Sector 62,11.6,,,,1.0,More than permitted people in there,,,,,,,
2024-09-16,12:15:52,"""CNR9912661""",Completed,"""CID6886482""",Go Mini,MG Road,Qutub Minar,14.9,38.9,,,,,,,802.0,33.17,4.2,4.1,Uber Wallet
2024-12-27,18:47:11,"""CNR5688519""",Completed,"""CID9668149""",Auto,Barakhamba Road,Satguru Ram Singh Marg,6.4,15.1,,,,,,,770.0,32.0,5.0,4.1,Credit Card
2024-07-09,20:42:33,"""CNR9435193""",Completed,"""CID4492772""",Auto,Bahadurgarh,Udyog Bhawan,7.2,18.9,,,,,,,290.0,13.28,4.2,4.8,UPI
2024-02-17,11:50:49,"""CNR6649884""",Completed,"""CID5347075""",Bike,Pulbangash,Saidulajab,5.6,25.2,,,,,,,509.0,9.18,3.1,3.7,Debit Card
2024-07-02,17:40:49,"""CNR8532956""",No Driver Found,"""CID7467197""",Go Mini,Welcome,Gurgaon Sector 29,,,,,,,,,,,,,
2024-06-27,12:29:42,"""CNR6896978""",Cancelled by Driver,"""CID4707402""",Go Sedan,Kashmere Gate ISBT,Old Gurgaon,8.3,,,,1.0,More than permitted people in there,,,,,,,
2024-10-20,15:29:43,"""CNR5851905""",Completed,"""CID1273615""",Go Mini,Delhi Gate,Rajiv Nagar,9.5,18.2,,,,,,,438.0,4.29,3.9,4.3,Debit Card
2024-04-30,12:32:43,"""CNR1191786""",Completed,"""CID2262216""",Premier Sedan,Shastri Park,South Extension,12.1,42.7,,,,,,,132.0,40.26,4.6,4.8,Cash
2024-05-03,16:26:01,"""CNR2320052""",Completed,"""CID5241705""",Bike,Samaypur Badli,Adarsh Nagar,4.6,25.3,,,,,,,638.0,18.18,4.2,4.3,Uber Wallet
2024-06-30,21:18:34,"""CNR3430994""",Cancelled by Driver,"""CID2038266""",Go Sedan,Qutub Minar,Karol Bagh,11.4,,,,1.0,Personal & Car related issues,,,,,,,
2024-02-05,14:32:30,"""CNR4574110""",No Driver Found,"""CID8385142""",Premier Sedan,Gurgaon Sector 56,Saidulajab,,,,,,,,,,,,,
2024-12-28,15:40:08,"""CNR9672365""",Cancelled by Driver,"""CID8913469""",Auto,Lajpat Nagar,INA Market,10.7,,,,1.0,The customer was coughing/sick,,,,,,,
2024-05-28,16:38:10,"""CNR9745874""",Completed,"""CID9397180""",Go Mini,Green Park,Qutub Minar,3.7,31.9,,,,,,,181.0,11.56,4.3,4.9,Cash
2024-02-05,08:41:18,"""CNR2551897""",Completed,"""CID1960402""",Go Sedan,AIIMS,Dwarka Sector 21,6.1,26.1,,,,,,,116.0,37.84,3.4,4.6,Cash
2024-10-28,06:10:01,"""CNR7610414""",Completed,"""CID4991771""",eBike,Vaishali,Netaji Subhash Place,2.9,34.2,,,,,,,432.0,36.55,4.2,3.7,Cash
2024-04-15,09:03:12,"""CNR4255801""",Incomplete,"""CID5778711""",Go Mini,Kashmere Gate ISBT,Barakhamba Road,7.0,24.3,,,,,1.0,Vehicle Breakdown,68.0,18.31,,,UPI
2024-11-22,19:01:59,"""CNR2177753""",Cancelled by Driver,"""CID2944646""",Auto,Tis Hazari,Bhikaji Cama Place,8.0,,,,1.0,Customer related issue,,,,,,,
2024-06-22,13:57:33,"""CNR1565641""",Cancelled by Driver,"""CID6106151""",Bike,Sarojini Nagar,Faridabad Sector 15,10.9,,,,1.0,More than permitted people in there,,,,,,,
2024-08-01,14:31:17,"""CNR1109662""",Completed,"""CID2903490""",Go Mini,Shastri Nagar,Sushant Lok,3.4,35.1,,,,,,,202.0,8.98,4.7,4.2,Cash
2024-06-20,11:34:09,"""CNR9154108""",Completed,"""CID7990974""",Premier Sedan,Noida Film City,Tilak Nagar,4.3,33.1,,,,,,,480.0,40.38,4.2,3.7,Cash
2024-05-18,19:13:09,"""CNR1569061""",Completed,"""CID8698070""",Go Sedan,MG Road,Bahadurgarh,7.2,22.0,,,,,,,250.0,33.02,4.2,4.7,UPI
2024-02-10,13:18:37,"""CNR7044116""",Completed,"""CID2912835""",Go Mini,Raj Nagar Extension,Gurgaon Sector 56,2.3,33.7,,,,,,,211.0,9.04,4.2,4.2,Debit Card
2024-10-10,11:01:41,"""CNR6541092""",Completed,"""CID8151414""",Go Sedan,Preet Vihar,Chanakyapuri,3.8,20.0,,,,,,,492.0,30.94,4.3,5.0,UPI
2024-02-07,20:59:44,"""CNR9300483""",Completed,"""CID3535855""",Premier Sedan,Netaji Subhash Place,Ghitorni Village,12.2,38.4,,,,,,,436.0,16.42,3.4,4.0,Debit Card
2024-10-29,10:22:51,"""CNR9023045""",Cancelled by Driver,"""CID1419770""",Auto,Ashram,Sushant Lok,11.8,,,,1.0,More than permitted people in there,,,,,,,
2024-11-11,15:02:57,"""CNR4380786""",Completed,"""CID8861969""",Premier Sedan,Rohini West,Shastri Nagar,5.3,43.2,,,,,,,375.0,30.67,3.7,4.2,Cash
2024-07-24,16:10:58,"""CNR7416509""",Cancelled by Customer,"""CID2983256""",Bike,IGNOU Road,Preet Vihar,7.9,,1.0,Change of plans,,,,,,,,,
2024-11-18,04:49:25,"""CNR4763595""",Completed,"""CID4755306""",eBike,Hauz Rani,Chanakyapuri,2.8,34.9,,,,,,,449.0,27.08,4.3,4.5,UPI
2024-08-30,22:17:30,"""CNR7403766""",Completed,"""CID2156476""",Go Sedan,Meerut,Laxmi Nagar,13.3,31.7,,,,,,,390.0,20.09,3.5,4.5,Cash
2024-10-17,15:06:06,"""CNR9186627""",Completed,"""CID1374169""",Premier Sedan,Noida Film City,Greater Kailash,5.9,21.2,,,,,,,134.0,49.29,4.7,4.5,Uber Wallet
2024-06-04,17:37:03,"""CNR6596442""",Completed,"""CID4912401""",Go Sedan,Hero Honda Chowk,Punjabi Bagh,10.4,17.2,,,,,,,564.0,13.85,5.0,4.7,Cash
2024-02-16,21:01:58,"""CNR1839126""",Completed,"""CID3731683""",Auto,Old Gurgaon,Akshardham,9.4,44.2,,,,,,,583.0,24.25,4.4,4.4,Cash
2024-12-24,15:12:05,"""CNR3136086""",Completed,"""CID3338683""",Bike,Mundka,Delhi Gate,14.3,33.1,,,,,,,337.0,36.38,4.2,4.4,Cash
2024-12-15,15:44:05,"""CNR6722259""",Incomplete,"""CID5701735""",Auto,Paharganj,Subhash Chowk,4.6,10.5,,,,,1.0,Customer Demand,528.0,14.38,,,UPI
2024-06-27,11:18:57,"""CNR8101276""",Cancelled by Driver,"""CID6196335""",Go Mini,RK Puram,Seelampur,4.8,,,,1.0,More than permitted people in there,,,,,,,
2024-03-17,14:45:49,"""CNR9132304""",No Driver Found,"""CID1936345""",Auto,MG Road,Aya Nagar,,,,,,,,,,,,,
2024-01-31,16:56:02,"""CNR9236987""",Completed,"""CID8927980""",Premier Sedan,Noida Sector 62,Aya Nagar,14.7,22.9,,,,,,,173.0,37.93,4.1,4.5,UPI
2024-02-02,10:36:30,"""CNR3200860""",Cancelled by Driver,"""CID2739820""",Premier Sedan,Gurgaon Railway Station,Ghitorni,6.5,,,,1.0,Personal & Car related issues,,,,,,,
2024-11-26,17:15:32,"""CNR8963971""",Cancelled by Driver,"""CID3842416""",Bike,Ghitorni,Green Park,11.4,,,,1.0,Personal & Car related issues,,,,,,,
2024-12-12,17:40:22,"""CNR4108417""",Completed,"""CID1578964""",Bike,Botanical Garden,Khandsa,6.3,16.4,,,,,,,996.0,5.16,3.3,4.1,Cash
2024-11-10,13:59:25,"""CNR5203920""",Completed,"""CID5419014""",Bike,Jhilmil,Rohini East,3.4,38.8,,,,,,,457.0,29.41,4.6,4.6,Cash
2024-07-04,11:40:34,"""CNR6291980""",Cancelled by Customer,"""CID3541472""",Go Mini,IFFCO Chowk,Anand Vihar,8.3,,1.0,Wrong Address,,,,,,,,,
2024-11-01,10:29:17,"""CNR2472585""",Completed,"""CID8182583""",Go Sedan,Anand Vihar ISBT,Lok Kalyan Marg,10.6,22.1,,,,,,,232.0,10.15,4.9,4.1,UPI
2024-01-12,17:38:59,"""CNR1102717""",Completed,"""CID3074594""",Premier Sedan,Greater Noida,Chandni Chowk,13.5,19.6,,,,,,,396.0,13.77,3.9,3.6,Debit Card
2024-10-30,03:45:56,"""CNR4223002""",Completed,"""CID1008640""",Premier Sedan,Nirman Vihar,Mansarovar Park,3.1,20.6,,,,,,,496.0,18.14,3.8,5.0,UPI
2024-03-16,20:27:01,"""CNR7331324""",Completed,"""CID4973919""",Bike,Rajouri Garden,Narsinghpur,11.1,23.9,,,,,,,1063.0,47.22,3.7,3.0,Debit Card
2024-08-10,11:32:22,"""CNR9159034""",Completed,"""CID2999384""",Auto,Subhash Chowk,Huda City Centre,12.6,39.9,,,,,,,1131.0,48.77,3.7,4.2,Debit Card
2024-03-18,14:08:45,"""CNR8486763""",Completed,"""CID9688189""",Go Sedan,Bhikaji Cama Place,Ghitorni Village,5.4,30.9,,,,,,,308.0,45.83,4.9,4.4,UPI
2024-04-03,16:47:18,"""CNR8702528""",Completed,"""CID2314244""",Auto,Ashok Park Main,Gwal Pahari,5.6,24.2,,,,,,,337.0,37.53,3.7,4.3,Cash
2024-10-28,19:14:51,"""CNR5435967""",Completed,"""CID4679056""",Go Mini,Gwal Pahari,Tagore Garden,13.3,17.9,,,,,,,107.0,28.86,4.0,4.7,UPI
2024-04-28,11:16:53,"""CNR6766747""",Incomplete,"""CID4852965""",Go Mini,Barakhamba Road,Khandsa,5.2,10.3,,,,,1.0,Vehicle Breakdown,101.0,5.91,,,Cash
2024-04-04,07:05:00,"""CNR1613274""",Completed,"""CID8193560""",Go Sedan,New Delhi Railway Station,Udyog Bhawan,9.7,17.9,,,,,,,372.0,8.72,4.3,4.5,UPI
2024-10-16,11:57:54,"""CNR1005541""",Completed,"""CID1971982""",Go Mini,Central Secretariat,Kashmere Gate,11.0,39.4,,,,,,,639.0,16.06,4.2,3.9,Cash
2024-02-17,19:46:45,"""CNR3740884""",Completed,"""CID2126554""",Premier Sedan,Welcome,Sikanderpur,6.3,17.8,,,,,,,380.0,37.37,4.8,4.4,UPI
2024-06-04,07:22:35,"""CNR9709835""",No Driver Found,"""CID2382726""",Premier Sedan,Munirka,Janakpuri,,,,,,,,,,,,,
2024-11-28,16:46:13,"""CNR5351827""",Cancelled by Driver,"""CID5942643""",Bike,Inderlok,South Extension,3.8,,,,1.0,Customer related issue,,,,,,,
2024-02-11,17:58:11,"""CNR6050932""",Completed,"""CID2205572""",Auto,Pulbangash,Noida Film City,14.3,28.2,,,,,,,1063.0,37.55,4.5,4.8,Credit Card
2024-08-11,19:05:46,"""CNR8733995""",Completed,"""CID6340352""",Auto,Punjabi Bagh,IGNOU Road,9.6,32.3,,,,,,,1289.0,30.45,4.1,3.4,UPI
2024-07-29,19:14:13,"""CNR8792611""",Completed,"""CID8864704""",Auto,Keshav Puram,Greater Kailash,6.4,20.8,,,,,,,380.0,28.25,4.7,4.6,UPI
2024-05-18,19:10:56,"""CNR5755900""",Cancelled by Customer,"""CID9492232""",Go Sedan,IGI Airport,Malviya Nagar,10.6,,1.0,AC is not working,,,,,,,,,
2024-05-09,11:58:18,"""CNR2835974""",No Driver Found,"""CID7452748""",Uber XL,Bahadurgarh,Tagore Garden,,,,,,,,,,,,,
2024-07-18,09:44:26,"""CNR5080100""",Completed,"""CID3504679""",Bike,Sushant Lok,Maidan Garhi,2.4,20.3,,,,,,,450.0,49.34,4.4,4.8,Credit Card
2024-08-12,15:39:55,"""CNR5154358""",Completed,"""CID3035372""",Uber XL,Gurgaon Sector 29,Mansarovar Park,10.5,32.4,,,,,,,458.0,4.67,4.3,4.3,UPI
2024-11-01,18:12:58,"""CNR9504330""",Completed,"""CID1567085""",eBike,RK Puram,Madipur,14.5,22.7,,,,,,,904.0,19.19,4.6,4.3,Cash
2024-03-20,12:33:07,"""CNR7209738""",Completed,"""CID7042892""",Go Sedan,Aya Nagar,Preet Vihar,11.6,39.4,,,,,,,350.0,42.64,4.9,4.7,UPI
2024-08-11,18:38:01,"""CNR4996431""",Completed,"""CID7880512""",Go Mini,Ghitorni,Nehru Place,2.6,29.7,,,,,,,453.0,13.04,3.7,5.0,UPI
2024-06-05,17:36:18,"""CNR7639678""",Completed,"""CID9281708""",eBike,Seelampur,Pulbangash,11.3,41.0,,,,,,,269.0,6.6,3.4,4.2,Cash
2024-11-23,17:39:59,"""CNR4627272""",Completed,"""CID8905862""",Go Sedan,Raj Nagar Extension,Udyog Vihar,8.0,25.4,,,,,,,342.0,20.2,4.5,3.2,Credit Card
2024-12-08,17:44:25,"""CNR5842236""",Cancelled by Customer,"""CID1569899""",Go Mini,Rithala,Central Secretariat,16.7,,1.0,Driver asked to cancel,,,,,,,,,
2024-11-26,09:07:22,"""CNR1468469""",Completed,"""CID8031426""",Premier Sedan,Kadarpur,Chirag Delhi,12.7,30.7,,,,,,,398.0,48.5,3.2,4.6,Uber Wallet
2024-03-13,18:31:19,"""CNR1865422""",Completed,"""CID1356719""",Go Sedan,Sikanderpur,Greater Noida,5.5,43.3,,,,,,,562.0,5.89,4.6,4.9,UPI
2024-02-02,17:07:28,"""CNR8829896""",Completed,"""CID1474677""",Premier Sedan,Ramesh Nagar,Malviya Nagar,11.9,15.9,,,,,,,1081.0,35.72,4.6,5.0,Cash
2024-04-02,14:33:20,"""CNR7192375""",Cancelled by Driver,"""CID9246412""",Go Sedan,Subhash Nagar,Pragati Maidan,8.9,,,,1.0,Customer related issue,,,,,,,
2024-06-02,21:01:52,"""CNR2385020""",Cancelled by Driver,"""CID5146332""",Auto,Panipat,DLF Phase 3,4.4,,,,1.0,Personal & Car related issues,,,,,,,
2024-04-25,21:25:33,"""CNR6127719""",Completed,"""CID5179537""",Auto,Rithala,Lajpat Nagar,9.8,39.0,,,,,,,418.0,28.49,4.6,4.8,Debit Card
2024-10-03,14:53:11,"""CNR6795362""",Completed,"""CID3790162""",Auto,Chandni Chowk,Pulbangash,14.1,44.8,,,,,,,211.0,32.19,4.6,4.0,UPI
2024-04-21,21:21:31,"""CNR5331105""",Completed,"""CID6508045""",Auto,Tilak Nagar,Noida Extension,4.1,15.6,,,,,,,586.0,18.14,3.2,3.7,Debit Card
2024-02-17,18:40:49,"""CNR3329036""",Completed,"""CID2816896""",Premier Sedan,Ambience Mall,Sadar Bazar Gurgaon,6.3,35.0,,,,,,,97.0,36.21,3.4,4.6,UPI
2024-06-06,13:37:48,"""CNR2850441""",Completed,"""CID7791893""",Go Mini,Jama Masjid,New Colony,11.1,18.6,,,,,,,349.0,27.87,4.2,4.5,UPI
2024-02-29,17:23:06,"""CNR4045394""",Completed,"""CID3744162""",Premier Sedan,Golf Course Road,Saidulajab,3.3,42.9,,,,,,,594.0,2.71,4.2,4.3,Credit Card
2024-04-29,17:01:58,"""CNR3172918""",Cancelled by Driver,"""CID1470598""",Auto,Noida Extension,Sarai Kale Khan,10.1,,,,1.0,The customer was coughing/sick,,,,,,,
2024-08-20,01:50:54,"""CNR1195834""",Cancelled by Customer,"""CID2186770""",Bike,Narsinghpur,Kaushambi,7.4,,1.0,Change of plans,,,,,,,,,
2024-03-13,01:30:43,"""CNR8745851""",Completed,"""CID6056471""",Go Sedan,Moti Nagar,Anand Vihar,2.1,18.9,,,,,,,435.0,23.15,4.9,4.5,UPI
2024-11-11,05:26:31,"""CNR3748781""",Cancelled by Driver,"""CID9347353""",Go Sedan,Rohini,Basai Dhankot,8.5,,,,1.0,Customer related issue,,,,,,,
2024-09-21,08:57:36,"""CNR6622180""",Cancelled by Driver,"""CID9304402""",Go Mini,Khan Market,Bahadurgarh,10.8,,,,1.0,The customer was coughing/sick,,,,,,,
2024-06-04,21:14:30,"""CNR6909513""",Completed,"""CID4822466""",Premier Sedan,New Delhi Railway Station,Shastri Nagar,10.7,17.0,,,,,,,82.0,36.08,3.6,4.6,UPI
2024-02-13,11:41:45,"""CNR6638466""",Completed,"""CID8546030""",Uber XL,Subhash Nagar,Narsinghpur,9.8,42.7,,,,,,,217.0,39.93,4.9,4.2,UPI
2024-08-17,21:19:54,"""CNR2009528""",Completed,"""CID2468723""",Go Sedan,Nirman Vihar,AIIMS,2.5,35.5,,,,,,,450.0,21.53,4.9,4.3,Debit Card
2024-04-07,11:20:31,"""CNR2017503""",Completed,"""CID7437456""",Go Sedan,Satguru Ram Singh Marg,Paharganj,4.3,26.3,,,,,,,1368.0,7.42,3.8,4.9,UPI
2024-06-19,16:19:41,"""CNR6851549""",Incomplete,"""CID9560489""",Go Sedan,Satguru Ram Singh Marg,Punjabi Bagh,8.9,15.6,,,,,1.0,Customer Demand,282.0,11.81,,,UPI
2024-02-13,17:52:49,"""CNR6628213""",Cancelled by Driver,"""CID2187267""",Auto,IIT Delhi,Pragati Maidan,9.6,,,,1.0,Personal & Car related issues,,,,,,,
2024-07-05,06:24:00,"""CNR3072726""",Completed,"""CID1546696""",Bike,Nawada,Manesar,5.5,43.2,,,,,,,492.0,38.23,4.2,3.9,UPI
2024-05-08,22:39:26,"""CNR1949033""",Completed,"""CID7711960""",Premier Sedan,India Gate,Mehrauli,12.5,27.2,,,,,,,989.0,47.81,4.2,4.9,Cash
2024-01-14,18:49:46,"""CNR4647455""",Cancelled by Driver,"""CID5812641""",Auto,Badshahpur,Barakhamba Road,4.6,,,,1.0,Customer related issue,,,,,,,
2024-05-20,22:36:14,"""CNR9073916""",Completed,"""CID3722603""",Bike,Noida Sector 62,Tughlakabad,9.7,37.9,,,,,,,465.0,46.89,4.3,3.9,UPI
2024-08-12,06:54:43,"""CNR6057334""",Completed,"""CID4128754""",Bike,Kirti Nagar,Meerut,7.6,32.8,,,,,,,190.0,29.4,3.3,4.8,Debit Card
2024-12-18,11:26:20,"""CNR4884329""",No Driver Found,"""CID3449148""",eBike,Satguru Ram Singh Marg,Cyber Hub,,,,,,,,,,,,,
2024-08-17,11:27:05,"""CNR9594783""",Cancelled by Driver,"""CID6362841""",Go Sedan,GTB Nagar,Lal Quila,3.1,,,,1.0,Personal & Car related issues,,,,,,,
2024-11-25,08:14:21,"""CNR8730293""",Cancelled by Customer,"""CID4467449""",Go Sedan,Model Town,Saket A Block,9.1,,1.0,Driver is not moving towards pickup location,,,,,,,,,
2024-10-13,16:33:27,"""CNR2498150""",Completed,"""CID7576030""",Auto,Rajiv Chowk,Tagore Garden,5.9,20.7,,,,,,,497.0,41.15,4.3,4.3,Debit Card
2024-04-27,17:36:00,"""CNR9497204""",Completed,"""CID9135765""",Auto,Ardee City,MG Road,12.0,23.8,,,,,,,236.0,47.85,4.2,4.6,Debit Card
2024-01-25,12:43:29,"""CNR5063944""",Completed,"""CID4457774""",Premier Sedan,Panchsheel Park,Bhiwadi,3.7,43.1,,,,,,,1909.0,44.49,4.2,4.4,UPI
2024-05-12,18:02:32,"""CNR2718215""",Completed,"""CID5263449""",Premier Sedan,Noida Film City,INA Market,6.8,36.4,,,,,,,235.0,32.8,3.9,4.3,Cash
2024-04-06,00:58:12,"""CNR7400348""",Completed,"""CID8195811""",Go Sedan,IFFCO Chowk,IIT Delhi,7.0,34.0,,,,,,,740.0,46.21,4.3,4.9,Cash
2024-12-07,14:19:04,"""CNR5603997""",Completed,"""CID3412071""",Bike,Patel Chowk,Dwarka Mor,5.8,28.3,,,,,,,163.0,13.87,4.6,3.0,Cash
2024-02-29,21:43:07,"""CNR1768691""",Cancelled by Driver,"""CID2877126""",Auto,Adarsh Nagar,Jahangirpuri,6.9,,,,1.0,The customer was coughing/sick,,,,,,,
2024-01-19,12:07:47,"""CNR4456057""",Cancelled by Driver,"""CID9888323""",Auto,Meerut,Hero Honda Chowk,9.4,,,,1.0,The customer was coughing/sick,,,,,,,
2024-07-24,11:21:28,"""CNR3923180""",Incomplete,"""CID8560376""",Go Mini,Kaushambi,Nehru Place,6.4,18.3,,,,,1.0,Other Issue,284.0,15.82,,,UPI
2024-07-11,11:20:18,"""CNR9068075""",Cancelled by Driver,"""CID2739660""",eBike,Ashok Park Main,Kherki Daula Toll,7.9,,,,1.0,The customer was coughing/sick,,,,,,,
2024-03-02,23:57:24,"""CNR7661955""",Cancelled by Driver,"""CID8034791""",Go Mini,India Gate,Vinobapuri,7.2,,,,1.0,The customer was coughing/sick,,,,,,,
2024-05-20,19:21:08,"""CNR5932746""",Completed,"""CID1454800""",Uber XL,Rajiv Nagar,Saket,14.1,30.5,,,,,,,128.0,3.93,4.1,4.8,Credit Card
2024-06-18,19:06:22,"""CNR6039654""",Cancelled by Driver,"""CID5297214""",Go Sedan,Mayur Vihar,Dilshad Garden,8.9,,,,1.0,More than permitted people in there,,,,,,,
2024-12-06,12:32:47,"""CNR7439782""",No Driver Found,"""CID5613722""",Go Sedan,Chirag Delhi,Jama Masjid,,,,,,,,,,,,,
2024-03-26,20:32:05,"""CNR9779610""",Completed,"""CID4365494""",Uber XL,DLF City Court,Udyog Vihar Phase 4,10.2,15.1,,,,,,,367.0,41.67,4.3,3.6,UPI
2024-08-23,18:09:39,"""CNR9799983""",Incomplete,"""CID2633564""",Go Mini,Pitampura,Mayur Vihar,6.6,10.8,,,,,1.0,Other Issue,814.0,9.27,,,Uber Wallet
2024-10-13,05:20:13,"""CNR7015434""",Completed,"""CID7525452""",Bike,Govindpuri,Jahangirpuri,9.3,28.2,,,,,,,1250.0,49.62,4.3,4.7,UPI
2024-12-16,17:28:11,"""CNR9960216""",Cancelled by Driver,"""CID9767282""",Bike,Aya Nagar,Madipur,4.1,,,,1.0,Personal & Car related issues,,,,,,,
2024-11-22,19:56:45,"""CNR8301872""",Incomplete,"""CID6069361""",Go Sedan,IIT Delhi,AIIMS,6.2,11.6,,,,,1.0,Vehicle Breakdown,816.0,1.28,,,UPI
2024-02-29,22:09:41,"""CNR1921816""",No Driver Found,"""CID9268671""",Premier Sedan,Anand Vihar,MG Road,,,,,,,,,,,,,
2024-01-06,01:16:35,"""CNR2371103""",Incomplete,"""CID8752941""",Go Sedan,Vatika Chowk,Kalkaji,6.7,28.0,,,,,1.0,Customer Demand,104.0,2.78,,,Cash
2024-02-10,00:29:00,"""CNR4951587""",Completed,"""CID8903042""",Go Mini,Kalkaji,Dwarka Mor,11.6,17.5,,,,,,,177.0,34.79,3.9,4.3,Cash
2024-03-29,18:47:55,"""CNR2601915""",Completed,"""CID3359126""",eBike,Okhla,Moti Nagar,13.7,19.6,,,,,,,686.0,47.0,4.3,4.9,UPI
2024-12-28,16:57:29,"""CNR6536562""",Completed,"""CID7007486""",eBike,Samaypur Badli,Rohini East,13.8,28.8,,,,,,,1698.0,28.7,4.7,4.9,Cash
2024-06-05,20:08:41,"""CNR2162260""",Completed,"""CID9183663""",eBike,RK Puram,Sonipat,11.4,34.0,,,,,,,392.0,7.82,4.5,4.3,UPI
2024-05-31,05:34:16,"""CNR4364382""",Cancelled by Driver,"""CID1669174""",Bike,Rohini East,Kadarpur,4.6,,,,1.0,Personal & Car related issues,,,,,,,
2024-10-08,07:33:24,"""CNR8014390""",Incomplete,"""CID1792280""",Bike,Ashram,Udyog Vihar Phase 4,8.8,18.9,,,,,1.0,Vehicle Breakdown,152.0,9.94,,,UPI
2024-05-19,10:20:13,"""CNR5089055""",Completed,"""CID7592629""",Go Mini,Paschim Vihar,Gurgaon Sector 29,4.5,37.5,,,,,,,936.0,37.14,4.2,4.6,Uber Wallet
2024-10-12,06:04:39,"""CNR8626164""",Completed,"""CID5183354""",Go Mini,Ashram,Vatika Chowk,12.1,16.7,,,,,,,953.0,19.98,4.2,3.4,UPI
2024-08-23,15:32:33,"""CNR5169781""",Completed,"""CID3079881""",Bike,Khandsa,New Colony,13.7,20.3,,,,,,,253.0,4.07,4.6,3.8,Cash
2024-12-10,16:42:49,"""CNR1381278""",Completed,"""CID6637873""",Auto,Bhiwadi,DLF City Court,10.1,19.4,,,,,,,202.0,12.19,4.2,4.2,Cash
2024-10-15,13:20:24,"""CNR3598965""",Completed,"""CID7754717""",Go Mini,Manesar,Sarai Kale Khan,4.4,31.1,,,,,,,315.0,4.9,3.8,4.7,UPI
2024-09-26,18:42:26,"""CNR1342932""",Cancelled by Customer,"""CID7188245""",Go Sedan,Cyber Hub,Jahangirpuri,11.5,,1.0,AC is not working,,,,,,,,,
2024-05-23,17:28:58,"""CNR6652644""",Completed,"""CID1559789""",Go Mini,Raj Nagar Extension,Karkarduma,13.8,23.4,,,,,,,495.0,13.56,3.3,4.7,Cash
2024-08-05,20:37:31,"""CNR1612648""",No Driver Found,"""CID2924340""",Uber XL,Mandi House,Uttam Nagar,,,,,,,,,,,,,
2024-04-09,15:04:09,"""CNR2242669""",Completed,"""CID1305087""",Premier Sedan,Pulbangash,Jor Bagh,14.0,37.4,,,,,,,406.0,17.32,4.3,4.1,Cash
2024-04-27,08:25:41,"""CNR9381920""",Completed,"""CID1942031""",Go Mini,Kadarpur,Rohini West,14.0,17.7,,,,,,,508.0,28.73,3.8,4.2,Uber Wallet
2024-12-18,07:13:57,"""CNR5397574""",Cancelled by Driver,"""CID9228967""",Go Mini,Nehru Place,Kirti Nagar,11.2,,,,1.0,More than permitted people in there,,,,,,,
2024-06-07,20:10:42,"""CNR7103421""",Completed,"""CID2339403""",Bike,DLF City Court,New Colony,5.8,15.4,,,,,,,333.0,35.01,4.3,3.0,Credit Card
2024-01-15,07:31:28,"""CNR8181792""",No Driver Found,"""CID8546221""",Bike,Kashmere Gate,Pataudi Chowk,,,,,,,,,,,,,
2024-02-05,17:59:28,"""CNR7475987""",Completed,"""CID8695866""",Bike,Indraprastha,Chanakyapuri,12.4,40.1,,,,,,,334.0,12.87,4.2,5.0,Cash
2024-08-13,14:55:58,"""CNR1574836""",Completed,"""CID4428491""",Go Mini,Delhi Gate,Model Town,11.9,44.7,,,,,,,154.0,23.17,4.2,4.7,UPI
2024-08-31,07:50:34,"""CNR4315194""",Completed,"""CID1670860""",Auto,Saket,Inderlok,5.0,36.3,,,,,,,155.0,32.93,4.3,4.9,Cash
2024-06-03,17:05:42,"""CNR2121980""",Incomplete,"""CID1435372""",Bike,Hauz Rani,Vasant Kunj,7.2,19.2,,,,,1.0,Customer Demand,975.0,4.87,,,UPI
2024-11-16,15:33:23,"""CNR5197027""",Completed,"""CID2697808""",Go Mini,Vatika Chowk,New Colony,13.1,40.2,,,,,,,1329.0,24.45,4.3,4.2,Cash
2024-06-29,10:44:16,"""CNR7618031""",Incomplete,"""CID1637202""",Auto,Hero Honda Chowk,Huda City Centre,6.4,20.0,,,,,1.0,Customer Demand,1097.0,3.71,,,Cash
2024-12-24,19:03:45,"""CNR6026886""",Cancelled by Driver,"""CID2909058""",Uber XL,New Colony,Old Gurgaon,3.5,,,,1.0,Customer related issue,,,,,,,
2024-10-16,10:32:40,"""CNR2535034""",Completed,"""CID1149900""",Go Mini,GTB Nagar,Chirag Delhi,9.4,20.6,,,,,,,483.0,4.72,4.1,3.5,Cash
2024-05-31,18:34:51,"""CNR3931162""",Completed,"""CID9485053""",eBike,Sushant Lok,Ardee City,5.0,27.6,,,,,,,280.0,27.43,4.8,5.0,UPI
2024-07-09,12:31:20,"""CNR1432368""",Completed,"""CID3061385""",Auto,Sonipat,Kaushambi,2.7,43.4,,,,,,,242.0,35.35,5.0,4.4,UPI
2024-05-27,11:45:10,"""CNR8697843""",Cancelled by Driver,"""CID6665952""",Go Mini,Dilshad Garden,Bahadurgarh,10.7,,,,1.0,Personal & Car related issues,,,,,,,
2024-01-31,16:56:07,"""CNR1878452""",Completed,"""CID6350629""",Auto,Patel Chowk,Gwal Pahari,2.6,32.0,,,,,,,196.0,22.29,4.7,4.9,UPI
2024-11-27,09:11:20,"""CNR6255988""",Completed,"""CID1527201""",Auto,Kaushambi,Mandi House,11.6,25.1,,,,,,,536.0,37.85,4.9,4.2,Debit Card
2024-08-17,10:40:07,"""CNR5141874""",Cancelled by Customer,"""CID4170014""",Go Sedan,Ardee City,Vishwavidyalaya,5.4,,1.0,Change of plans,,,,,,,,,
2024-11-21,19:16:02,"""CNR7267163""",Completed,"""CID3407161""",eBike,Mayur Vihar,GTB Nagar,12.1,32.4,,,,,,,480.0,23.11,4.0,3.6,UPI
2024-03-12,05:59:07,"""CNR6416680""",Incomplete,"""CID9750668""",Go Sedan,Tis Hazari,RK Puram,5.3,24.4,,,,,1.0,Other Issue,784.0,9.35,,,Uber Wallet
2024-11-29,14:19:40,"""CNR6453146""",Completed,"""CID5860764""",Premier Sedan,New Delhi Railway Station,Kashmere Gate ISBT,4.1,24.3,,,,,,,201.0,34.13,4.9,4.6,UPI
2024-11-27,16:50:49,"""CNR8689491""",Completed,"""CID4593244""",eBike,Uttam Nagar,Chandni Chowk,9.2,20.4,,,,,,,196.0,17.7,4.3,4.1,Cash
2024-11-05,07:06:07,"""CNR6564519""",Completed,"""CID4199514""",Auto,Vishwavidyalaya,Udyog Bhawan,8.8,17.3,,,,,,,693.0,19.69,4.4,4.9,UPI
2024-02-15,18:27:29,"""CNR5203625""",Completed,"""CID4787021""",Auto,Chanakyapuri,Shastri Park,10.4,25.0,,,,,,,555.0,13.82,4.3,4.4,UPI
2024-04-01,11:58:11,"""CNR4495494""",Completed,"""CID7432006""",Go Mini,Panchsheel Park,INA Market,13.1,30.2,,,,,,,488.0,12.09,3.6,4.7,Cash
2024-02-29,12:08:40,"""CNR1194590""",Completed,"""CID2586773""",eBike,Dwarka Sector 21,Nirman Vihar,5.2,15.6,,,,,,,763.0,48.94,4.4,4.2,UPI
2024-06-10,09:48:02,"""CNR1576719""",Completed,"""CID6341839""",Auto,Kalkaji,Ghaziabad,11.7,36.8,,,,,,,914.0,32.94,4.3,4.6,Credit Card
2024-01-20,16:44:13,"""CNR9603714""",Completed,"""CID8630707""",Go Mini,Tilak Nagar,Rohini East,12.5,24.1,,,,,,,413.0,48.41,4.7,4.4,Uber Wallet
2024-03-24,14:24:50,"""CNR6891940""",Completed,"""CID1340029""",Go Mini,Jama Masjid,Gurgaon Sector 29,6.7,31.6,,,,,,,852.0,5.61,4.3,4.7,Credit Card
2024-03-28,14:04:21,"""CNR3400008""",Completed,"""CID6123284""",Uber XL,Okhla,Nawada,8.4,33.1,,,,,,,81.0,15.87,4.0,5.0,UPI
2024-09-08,13:48:52,"""CNR8470371""",No Driver Found,"""CID8453424""",Bike,Delhi Gate,Tilak Nagar,,,,,,,,,,,,,
2024-06-17,23:01:33,"""CNR5113465""",Completed,"""CID3233670""",Auto,Noida Sector 18,Golf Course Road,12.4,31.2,,,,,,,347.0,18.49,4.5,4.7,Uber Wallet
2024-06-17,21:19:30,"""CNR3870784""",Completed,"""CID6416906""",Go Mini,Dilshad Garden,Paschim Vihar,12.3,40.1,,,,,,,1923.0,41.29,3.7,4.7,UPI
2024-10-31,16:07:20,"""CNR8242454""",Completed,"""CID2481144""",Premier Sedan,Pragati Maidan,Vasant Kunj,6.5,42.8,,,,,,,2826.0,33.64,4.4,4.7,Cash
2024-03-30,20:30:16,"""CNR1393229""",Completed,"""CID5695437""",Auto,New Colony,Keshav Puram,5.0,44.4,,,,,,,103.0,22.63,4.0,4.3,UPI
2024-04-18,13:38:45,"""CNR1361921""",Cancelled by Driver,"""CID5571198""",Auto,Ghaziabad,Dwarka Sector 21,9.8,,,,1.0,More than permitted people in there,,,,,,,
2024-06-08,08:49:00,"""CNR2242223""",Cancelled by Customer,"""CID7249014""",Auto,Khandsa,Shastri Park,17.0,,1.0,Driver is not moving towards pickup location,,,,,,,,,
2024-03-02,22:10:49,"""CNR7534406""",Completed,"""CID2872674""",Auto,Ashram,Keshav Puram,4.5,32.8,,,,,,,615.0,10.2,4.4,4.8,UPI
2024-01-29,17:46:56,"""CNR8609317""",Incomplete,"""CID8944424""",Go Sedan,Saket,Ghaziabad,4.7,17.7,,,,,1.0,Vehicle Breakdown,886.0,10.25,,,UPI
2024-12-24,20:19:24,"""CNR2197116""",Completed,"""CID8243079""",Premier Sedan,Noida Extension,New Delhi Railway Station,11.1,20.7,,,,,,,993.0,17.99,4.5,3.3,Uber Wallet
2024-05-04,17:47:58,"""CNR1706970""",Completed,"""CID4767238""",Auto,Seelampur,Dilshad Garden,6.0,35.1,,,,,,,561.0,48.13,4.5,4.4,UPI
2024-11-10,12:09:26,"""CNR2661018""",Completed,"""CID2230736""",Go Mini,IFFCO Chowk,Lok Kalyan Marg,4.7,23.2,,,,,,,532.0,38.48,3.9,4.6,UPI
2024-04-11,20:23:20,"""CNR5633776""",Completed,"""CID8375606""",Go Mini,IMT Manesar,Shastri Park,3.4,35.4,,,,,,,781.0,31.33,4.0,4.4,Credit Card
2024-08-08,10:34:30,"""CNR4826055""",Completed,"""CID6053872""",Auto,Greater Noida,Tughlakabad,2.9,42.8,,,,,,,230.0,14.82,3.1,4.1,UPI
2024-09-03,17:02:40,"""CNR9664452""",Cancelled by Driver,"""CID7332724""",Bike,Gurgaon Railway Station,Manesar,9.9,,,,1.0,More than permitted people in there,,,,,,,
2024-11-07,07:29:20,"""CNR1668689""",Cancelled by Customer,"""CID7990237""",Go Sedan,Mayur Vihar,Janakpuri,17.0,,1.0,Change of plans,,,,,,,,,
2024-01-22,22:48:46,"""CNR5671378""",Cancelled by Driver,"""CID5577917""",Go Sedan,Connaught Place,RK Puram,3.1,,,,1.0,Personal & Car related issues,,,,,,,
2024-04-21,10:28:08,"""CNR8205249""",Completed,"""CID6090932""",Auto,Netaji Subhash Place,Shastri Park,9.0,26.0,,,,,,,607.0,10.85,3.9,4.2,UPI
2024-08-10,09:56:47,"""CNR4685699""",Cancelled by Customer,"""CID1496080""",eBike,Connaught Place,Civil Lines Gurgaon,10.3,,1.0,Driver is not moving towards pickup location,,,,,,,,,
2024-06-04,12:46:24,"""CNR5538075""",Completed,"""CID3134717""",Go Mini,Faridabad Sector 15,Dwarka Mor,6.2,33.1,,,,,,,154.0,18.06,4.1,4.4,Uber Wallet
2024-05-11,11:03:53,"""CNR2054680""",No Driver Found,"""CID8566692""",Premier Sedan,Akshardham,Kherki Daula Toll,,,,,,,,,,,,,
2024-10-01,18:55:57,"""CNR6483034""",Cancelled by Driver,"""CID8425575""",Premier Sedan,Aya Nagar,Mundka,3.2,,,,1.0,Personal & Car related issues,,,,,,,
2024-04-16,16:13:06,"""CNR9391413""",Completed,"""CID7125444""",eBike,Sikanderpur,Rohini West,7.6,15.6,,,,,,,173.0,19.31,4.2,4.2,Uber Wallet
2024-08-30,11:12:45,"""CNR5012133""",Completed,"""CID7057056""",Auto,IGI Airport,Panipat,12.7,39.3,,,,,,,279.0,18.77,4.9,5.0,UPI
2024-10-31,10:04:17,"""CNR4857102""",No Driver Found,"""CID3050934""",Go Sedan,Manesar,Maidan Garhi,,,,,,,,,,,,,
2024-03-06,21:18:19,"""CNR1460364""",Cancelled by Driver,"""CID6479641""",Go Mini,Udyog Vihar Phase 4,Tughlakabad,8.0,,,,1.0,Personal & Car related issues,,,,,,,
2024-07-21,14:03:59,"""CNR8401530""",Completed,"""CID2867798""",Go Mini,Civil Lines Gurgaon,Moti Nagar,13.3,32.6,,,,,,,602.0,9.29,4.4,4.3,UPI
2024-08-14,18:52:20,"""CNR6466308""",Completed,"""CID8503200""",Go Sedan,Botanical Garden,Ghitorni Village,9.2,39.0,,,,,,,271.0,11.22,4.3,3.9,UPI
2024-06-14,18:44:43,"""CNR1905891""",Completed,"""CID2596952""",Go Sedan,Vatika Chowk,Paharganj,10.9,32.4,,,,,,,486.0,27.38,4.3,4.7,UPI
2024-05-14,02:09:21,"""CNR1247477""",Incomplete,"""CID5188990""",Go Mini,Vatika Chowk,Golf Course Road,2.3,28.9,,,,,1.0,Vehicle Breakdown,247.0,18.2,,,Uber Wallet
2024-03-15,21:33:29,"""CNR1700965""",Completed,"""CID4314785""",Go Sedan,Subhash Chowk,Karkarduma,14.9,40.3,,,,,,,965.0,17.91,4.2,3.7,Uber Wallet
2024-05-25,09:44:09,"""CNR6163526""",Completed,"""CID7155055""",Go Sedan,Yamuna Bank,Central Secretariat,2.1,21.0,,,,,,,518.0,49.92,3.2,4.3,UPI
2024-08-07,12:44:21,"""CNR1706901""",Completed,"""CID8350664""",Premier Sedan,Mundka,Kaushambi,5.0,40.2,,,,,,,133.0,34.47,3.6,3.3,Debit Card
2024-12-20,18:23:52,"""CNR9355129""",Completed,"""CID4307426""",Go Mini,Golf Course Road,Vatika Chowk,5.4,40.4,,,,,,,313.0,23.93,3.9,3.5,Debit Card
2024-09-16,12:35:05,"""CNR4939648""",Completed,"""CID4797040""",Auto,Meerut,Rajouri Garden,13.8,20.3,,,,,,,951.0,7.9,3.9,4.2,Debit Card
2024-11-04,22:37:44,"""CNR7136401""",Incomplete,"""CID9586120""",Uber XL,Khan Market,Nirman Vihar,5.2,23.5,,,,,1.0,Other Issue,292.0,6.2,,,Cash
2024-01-15,19:36:22,"""CNR5150887""",Completed,"""CID7988063""",Auto,Satguru Ram Singh Marg,Tagore Garden,10.7,35.0,,,,,,,676.0,5.94,4.9,4.9,Cash
2024-12-19,18:00:47,"""CNR1196051""",Completed,"""CID2230817""",Go Sedan,Jahangirpuri,Shastri Nagar,8.3,15.3,,,,,,,469.0,19.48,4.3,4.6,Cash
2024-01-18,11:41:21,"""CNR7987521""",No Driver Found,"""CID9181483""",Go Mini,Gurgaon Sector 29,Inderlok,,,,,,,,,,,,,
2024-11-16,20:42:39,"""CNR7841042""",Cancelled by Driver,"""CID7279315""",Auto,Chanakyapuri,AIIMS,8.5,,,,1.0,Customer related issue,,,,,,,
2024-06-01,16:05:11,"""CNR1566137""",Completed,"""CID6095976""",Go Sedan,Ashok Park Main,Indraprastha,11.8,16.2,,,,,,,348.0,48.45,4.5,4.5,Cash
2024-05-17,08:43:10,"""CNR2082376""",Cancelled by Driver,"""CID1747401""",Auto,Chandni Chowk,Sarojini Nagar,7.6,,,,1.0,The customer was coughing/sick,,,,,,,
2024-09-20,08:36:28,"""CNR5712990""",Cancelled by Driver,"""CID6528825""",Auto,Kashmere Gate,Keshav Puram,6.1,,,,1.0,Customer related issue,,,,,,,
2024-04-23,13:44:48,"""CNR7405071""",Completed,"""CID9803644""",Auto,Panchsheel Park,Ambience Mall,9.2,28.3,,,,,,,179.0,22.56,4.6,3.3,UPI
2024-10-12,14:50:28,"""CNR3617268""",Completed,"""CID5635808""",Go Sedan,Tagore Garden,Bhikaji Cama Place,4.4,23.0,,,,,,,417.0,4.13,3.8,4.8,Cash
2024-10-18,08:26:47,"""CNR3293889""",Completed,"""CID5227850""",Premier Sedan,IMT Manesar,Mandi House,9.0,35.6,,,,,,,414.0,33.26,4.4,3.2,Credit Card
2024-03-05,18:40:29,"""CNR6660911""",Cancelled by Customer,"""CID2181569""",Bike,Jama Masjid,Khan Market,8.2,,1.0,Driver is not moving towards pickup location,,,,,,,,,
2024-05-30,16:53:27,"""CNR8499430""",Cancelled by Customer,"""CID9303584""",Go Mini,Nirman Vihar,Munirka,6.3,,1.0,AC is not working,,,,,,,,,
2024-04-23,20:20:40,"""CNR5621256""",Cancelled by Customer,"""CID1198135""",Go Mini,Shahdara,Greater Noida,19.9,,1.0,Change of plans,,,,,,,,,
2024-11-18,09:02:39,"""CNR6497665""",Cancelled by Driver,"""CID8659472""",Go Sedan,Huda City Centre,Khandsa,8.5,,,,1.0,Customer related issue,,,,,,,
2024-11-03,09:09:44,"""CNR6054053""",Cancelled by Driver,"""CID8611576""",Go Mini,Dwarka Sector 21,Kashmere Gate ISBT,5.1,,,,1.0,Personal & Car related issues,,,,,,,
2024-12-15,19:05:04,"""CNR6953658""",No Driver Found,"""CID3871869""",Auto,Chanakyapuri,Patel Chowk,,,,,,,,,,,,,
2024-12-24,11:03:17,"""CNR2925824""",Completed,"""CID7615538""",Uber XL,Moolchand,Civil Lines Gurgaon,12.3,24.5,,,,,,,206.0,2.76,4.2,4.6,UPI
2024-10-02,16:55:54,"""CNR3253442""",Cancelled by Driver,"""CID8239451""",Bike,Shivaji Park,Greater Kailash,11.6,,,,1.0,Personal & Car related issues,,,,,,,
2024-01-12,04:50:00,"""CNR9270270""",Completed,"""CID9878475""",Go Sedan,Samaypur Badli,Welcome,13.3,42.8,,,,,,,71.0,36.54,4.9,4.5,Cash
2024-02-13,21:52:22,"""CNR2190446""",Completed,"""CID4506956""",eBike,Jahangirpuri,Gurgaon Railway Station,5.3,38.4,,,,,,,282.0,19.89,4.7,4.9,Cash
2024-10-30,19:12:33,"""CNR2645161""",Completed,"""CID8521126""",Bike,Indirapuram,Preet Vihar,9.9,18.6,,,,,,,397.0,8.16,3.0,4.4,UPI
2024-10-08,20:44:35,"""CNR9476965""",Completed,"""CID6102510""",Auto,IMT Manesar,Tis Hazari,11.5,29.7,,,,,,,381.0,36.7,4.8,5.0,UPI
2024-10-02,17:57:38,"""CNR6044266""",Incomplete,"""CID1904926""",Premier Sedan,Rohini East,New Delhi Railway Station,6.2,26.3,,,,,1.0,Customer Demand,164.0,1.85,,,Uber Wallet
2024-09-26,20:06:08,"""CNR3820015""",Cancelled by Driver,"""CID4328278""",Auto,Saket A Block,Huda City Centre,8.4,,,,1.0,Personal & Car related issues,,,,,,,
2024-12-11,21:45:21,"""CNR3493452""",Completed,"""CID1265815""",Uber XL,Ashram,Jor Bagh,3.9,36.6,,,,,,,424.0,41.04,4.4,5.0,UPI
2024-02-21,14:41:13,"""CNR2729897""",No Driver Found,"""CID5113206""",Auto,Kaushambi,Badshahpur,,,,,,,,,,,,,
2024-07-23,12:18:34,"""CNR1227642""",Completed,"""CID1642413""",Go Sedan,ITO,Nehru Place,10.4,28.2,,,,,,,482.0,13.13,4.2,4.9,UPI
2024-03-30,16:54:57,"""CNR2519603""",Completed,"""CID3192891""",Go Sedan,Vinobapuri,South Extension,5.2,38.6,,,,,,,651.0,4.19,4.6,3.0,UPI
2024-09-08,17:27:50,"""CNR4895416""",Completed,"""CID3594465""",Bike,GTB Nagar,Tughlakabad,7.6,38.9,,,,,,,182.0,4.46,3.7,4.5,UPI
2024-03-02,14:54:30,"""CNR5463055""",Completed,"""CID7014064""",Auto,Kanhaiya Nagar,Tis Hazari,10.1,37.3,,,,,,,1217.0,46.21,3.1,4.6,Credit Card
2024-04-07,23:34:37,"""CNR9736765""",Completed,"""CID9575173""",Auto,Kashmere Gate ISBT,Narsinghpur,5.9,43.8,,,,,,,752.0,6.35,4.3,4.6,Uber Wallet
2024-06-16,02:29:46,"""CNR4400829""",Completed,"""CID1960216""",Go Sedan,Green Park,Arjangarh,4.1,41.4,,,,,,,364.0,38.01,4.2,4.9,UPI
2024-04-27,12:50:16,"""CNR9218363""",Completed,"""CID9844106""",Bike,Anand Vihar,Saidulajab,6.0,29.7,,,,,,,425.0,30.29,4.4,4.2,Credit Card
2024-08-21,20:15:21,"""CNR3095168""",Completed,"""CID3208215""",Go Sedan,Saket,Rajiv Chowk,11.3,33.3,,,,,,,488.0,42.22,4.9,4.3,UPI
2024-11-03,11:34:47,"""CNR6281565""",Completed,"""CID5247826""",eBike,Pataudi Chowk,Azadpur,8.7,21.1,,,,,,,239.0,31.82,4.6,4.2,Cash
2024-07-09,11:02:01,"""CNR6187716""",Completed,"""CID1949869""",Go Sedan,Punjabi Bagh,Ghaziabad,3.0,17.7,,,,,,,389.0,19.35,4.6,4.7,UPI
2024-09-14,10:10:14,"""CNR2168939""",Cancelled by Customer,"""CID2654776""",Auto,Botanical Garden,Palam Vihar,8.6,,1.0,Driver is not moving towards pickup location,,,,,,,,,
2024-04-03,21:23:53,"""CNR4116004""",Completed,"""CID6671486""",eBike,Adarsh Nagar,Punjabi Bagh,5.6,36.4,,,,,,,372.0,48.11,4.4,3.1,UPI
2024-01-04,12:15:45,"""CNR9875443""",Completed,"""CID9583496""",Premier Sedan,Badshahpur,Delhi Gate,3.2,32.2,,,,,,,2068.0,28.58,4.3,4.5,Cash
2024-07-05,07:34:51,"""CNR1986683""",Completed,"""CID8872514""",Bike,Pataudi Chowk,Bhiwadi,2.3,15.2,,,,,,,834.0,9.95,3.6,3.7,Cash
2024-02-08,20:10:48,"""CNR7488343""",No Driver Found,"""CID3271791""",Bike,Mehrauli,Dilshad Garden,,,,,,,,,,,,,
2024-09-24,22:19:59,"""CNR4606278""",Completed,"""CID4923993""",eBike,Rohini West,Noida Sector 62,6.1,25.7,,,,,,,960.0,22.57,3.9,4.2,UPI
2024-04-02,15:53:48,"""CNR1192128""",Completed,"""CID8023419""",Go Sedan,Shahdara,Azadpur,4.6,39.4,,,,,,,351.0,5.7,4.2,4.6,UPI
2024-06-29,22:27:11,"""CNR1685941""",Completed,"""CID8494870""",Auto,Peeragarhi,Anand Vihar,14.6,42.1,,,,,,,254.0,16.36,4.2,4.3,Uber Wallet
2024-11-15,17:58:40,"""CNR4642000""",Completed,"""CID4120938""",Auto,AIIMS,INA Market,7.1,35.2,,,,,,,1207.0,38.27,4.3,3.8,Debit Card
2024-11-21,19:17:25,"""CNR4781549""",Completed,"""CID2536598""",Auto,Rajiv Chowk,Noida Film City,12.6,28.6,,,,,,,198.0,36.16,4.1,4.1,UPI
2024-03-07,17:45:02,"""CNR8982010""",Completed,"""CID1991289""",Premier Sedan,IFFCO Chowk,Old Gurgaon,5.4,34.9,,,,,,,227.0,29.25,4.2,4.6,Debit Card
2024-04-08,16:36:28,"""CNR8206594""",Completed,"""CID6715176""",Auto,India Gate,Rajiv Chowk,6.4,24.6,,,,,,,673.0,24.49,4.2,4.6,UPI
2024-01-06,17:12:58,"""CNR6815907""",Incomplete,"""CID5724573""",Auto,Akshardham,Samaypur Badli,3.5,10.6,,,,,1.0,Customer Demand,430.0,17.2,,,Debit Card
2024-07-28,06:25:10,"""CNR6121217""",No Driver Found,"""CID8777658""",Go Mini,Ashok Vihar,Panipat,,,,,,,,,,,,,
2024-03-04,18:25:24,"""CNR8442449""",Cancelled by Driver,"""CID2751795""",Auto,Pitampura,Mehrauli,4.9,,,,1.0,Customer related issue,,,,,,,
2024-10-05,20:38:53,"""CNR4938474""",Cancelled by Driver,"""CID4544921""",Bike,Saidulajab,Arjangarh,6.0,,,,1.0,Customer related issue,,,,,,,
2024-06-25,08:03:15,"""CNR3556033""",Incomplete,"""CID6955568""",Go Sedan,ITO,Khan Market,4.2,16.6,,,,,1.0,Vehicle Breakdown,224.0,1.76,,,Debit Card
2024-09-19,09:21:01,"""CNR1201090""",Cancelled by Customer,"""CID1199928""",Go Mini,Rohini West,Noida Sector 62,12.5,,1.0,Driver asked to cancel,,,,,,,,,
2024-10-20,20:11:55,"""CNR6816345""",Cancelled by Customer,"""CID3733104""",Go Mini,Govindpuri,Pitampura,15.2,,1.0,Change of plans,,,,,,,,,
2024-03-14,11:47:16,"""CNR4574781""",Completed,"""CID9851447""",Auto,Ghitorni Village,Tughlakabad,12.3,39.6,,,,,,,449.0,27.92,4.9,4.6,UPI
2024-09-11,20:00:53,"""CNR9483991""",Cancelled by Driver,"""CID6448029""",Premier Sedan,Malviya Nagar,IIT Delhi,10.8,,,,1.0,Personal & Car related issues,,,,,,,
2024-12-01,08:26:17,"""CNR9097201""",Completed,"""CID6570391""",Auto,Anand Vihar ISBT,Mansarovar Park,7.4,37.8,,,,,,,740.0,47.44,4.6,4.2,UPI
2024-11-25,19:10:09,"""CNR1835479""",Completed,"""CID7839382""",Premier Sedan,Lal Quila,Noida Sector 62,9.3,30.3,,,,,,,833.0,43.31,4.2,4.2,Uber Wallet
2024-08-16,13:20:55,"""CNR9333963""",Cancelled by Driver,"""CID2064765""",Bike,Peeragarhi,Basai Dhankot,6.8,,,,1.0,More than permitted people in there,,,,,,,
2024-03-27,07:40:44,"""CNR3422582""",No Driver Found,"""CID7169802""",Go Mini,Barakhamba Road,Cyber Hub,,,,,,,,,,,,,
2024-10-04,09:46:16,"""CNR7183966""",Incomplete,"""CID4669950""",Go Mini,New Delhi Railway Station,Rohini,3.7,14.0,,,,,1.0,Other Issue,691.0,2.61,,,UPI
2024-09-10,14:57:03,"""CNR5441745""",Cancelled by Driver,"""CID7984925""",Bike,Saket A Block,Kalkaji,11.9,,,,1.0,Personal & Car related issues,,,,,,,
2024-04-26,14:30:04,"""CNR9129938""",Incomplete,"""CID2378122""",eBike,Kaushambi,Delhi Gate,3.5,19.8,,,,,1.0,Other Issue,412.0,9.29,,,UPI
2024-03-03,11:50:28,"""CNR5419610""",Cancelled by Driver,"""CID6798323""",Bike,Mansarovar Park,Noida Film City,10.6,,,,1.0,Personal & Car related issues,,,,,,,
2024-02-14,16:30:55,"""CNR9120542""",Completed,"""CID3920510""",Go Sedan,Karkarduma,Paschim Vihar,8.9,31.8,,,,,,,608.0,45.52,4.6,4.1,UPI
2024-02-07,21:52:08,"""CNR3643495""",Cancelled by Driver,"""CID3072962""",Bike,Laxmi Nagar,ITO,6.8,,,,1.0,The customer was coughing/sick,,,,,,,
2024-01-20,17:46:58,"""CNR3468753""",Incomplete,"""CID2391139""",Go Sedan,Keshav Puram,Sarojini Nagar,6.1,22.9,,,,,1.0,Other Issue,100.0,6.03,,,Debit Card
2024-10-16,17:29:41,"""CNR8169658""",Completed,"""CID4482222""",Bike,Keshav Puram,Gurgaon Sector 29,10.2,40.2,,,,,,,114.0,44.66,4.6,3.2,UPI
2024-08-03,14:36:55,"""CNR7614043""",Completed,"""CID3093231""",Go Mini,Janakpuri,Green Park,12.9,35.1,,,,,,,375.0,38.5,3.2,4.9,Credit Card
2024-08-31,01:20:18,"""CNR7727487""",No Driver Found,"""CID3800794""",Auto,India Gate,Rohini West,,,,,,,,,,,,,
2024-08-28,21:54:35,"""CNR3431110""",Completed,"""CID3302717""",eBike,Rohini,Kirti Nagar,5.3,43.8,,,,,,,703.0,11.61,4.8,4.0,UPI
2024-06-03,07:41:28,"""CNR9438290""",Cancelled by Driver,"""CID2317640""",Uber XL,Kaushambi,Chandni Chowk,11.6,,,,1.0,Personal & Car related issues,,,,,,,
2024-08-30,18:49:03,"""CNR2045762""",Completed,"""CID3153470""",Premier Sedan,Ambience Mall,Samaypur Badli,12.8,32.5,,,,,,,488.0,48.74,4.1,4.8,Credit Card
2024-06-01,10:18:26,"""CNR7016247""",Completed,"""CID1955541""",Go Mini,Maidan Garhi,Chirag Delhi,13.9,34.1,,,,,,,227.0,9.88,4.6,4.8,Credit Card
2024-06-25,08:38:36,"""CNR4540906""",Completed,"""CID5955909""",eBike,Pulbangash,Vidhan Sabha,8.2,31.7,,,,,,,303.0,43.61,5.0,4.8,UPI
2024-11-13,12:30:33,"""CNR8752372""",Completed,"""CID2154148""",Go Mini,MG Road,Rohini,5.1,21.0,,,,,,,625.0,25.77,4.3,4.5,Cash
2024-06-22,04:28:27,"""CNR2202558""",Completed,"""CID3220056""",Auto,Civil Lines Gurgaon,Vishwavidyalaya,4.7,16.3,,,,,,,560.0,16.59,4.2,4.8,Debit Card
2024-03-10,19:40:50,"""CNR1376770""",Completed,"""CID9199889""",Auto,Ghaziabad,Noida Extension,10.6,15.9,,,,,,,1292.0,25.72,4.5,4.9,Cash
2024-04-01,05:27:10,"""CNR8855388""",Completed,"""CID3453917""",Go Sedan,Ghaziabad,Model Town,10.7,38.7,,,,,,,186.0,16.98,4.6,4.3,Cash
2024-06-14,18:49:04,"""CNR9823215""",Completed,"""CID7513302""",Bike,Kherki Daula Toll,IMT Manesar,12.9,24.5,,,,,,,494.0,49.22,4.3,4.9,UPI
2024-06-08,18:08:39,"""CNR1537593""",Cancelled by Driver,"""CID7295938""",eBike,Tis Hazari,Mandi House,10.9,,,,1.0,The customer was coughing/sick,,,,,,,
2024-02-22,08:34:11,"""CNR1412768""",Completed,"""CID6865121""",Auto,Rithala,Dwarka Mor,5.7,15.7,,,,,,,871.0,25.67,4.9,4.9,UPI
2024-07-09,18:54:45,"""CNR6867777""",Cancelled by Driver,"""CID9635100""",Bike,Noida Extension,Ashok Park Main,4.6,,,,1.0,The customer was coughing/sick,,,,,,,
2024-09-04,21:22:39,"""CNR2665480""",Completed,"""CID3380877""",Go Sedan,Kalkaji,Lok Kalyan Marg,11.9,21.5,,,,,,,499.0,18.91,4.6,4.9,UPI
2024-06-13,10:24:04,"""CNR3287026""",Completed,"""CID4001580""",Go Mini,DLF City Court,INA Market,9.5,42.3,,,,,,,463.0,7.33,4.5,3.1,UPI
2024-07-29,11:01:52,"""CNR7096036""",Completed,"""CID6883381""",Premier Sedan,Golf Course Road,Udyog Vihar,6.1,37.9,,,,,,,422.0,27.72,4.1,4.1,UPI
2024-09-30,17:57:46,"""CNR9692237""",Completed,"""CID2664796""",Auto,Punjabi Bagh,Patel Chowk,4.4,18.1,,,,,,,189.0,46.15,4.6,3.7,Cash
2024-03-11,08:38:43,"""CNR5392845""",Completed,"""CID2626719""",Bike,Ghitorni,Mandi House,9.7,37.2,,,,,,,993.0,37.82,3.6,4.8,Cash
2024-02-16,20:45:25,"""CNR3563094""",Cancelled by Driver,"""CID8234630""",Auto,Nirman Vihar,Azadpur,9.8,,,,1.0,More than permitted people in there,,,,,,,
2024-11-11,14:40:12,"""CNR4257751""",Cancelled by Driver,"""CID9072837""",Go Sedan,INA Market,New Colony,8.5,,,,1.0,The customer was coughing/sick,,,,,,,
2024-05-15,14:16:56,"""CNR1193143""",Incomplete,"""CID8913495""",Bike,Yamuna Bank,Qutub Minar,3.1,15.0,,,,,1.0,Customer Demand,978.0,4.81,,,Debit Card
2024-12-14,17:34:45,"""CNR2252307""",Completed,"""CID1868481""",Bike,Pitampura,IMT Manesar,10.7,36.1,,,,,,,552.0,37.56,4.6,4.2,Uber Wallet
2024-02-24,20:42:26,"""CNR3484877""",Completed,"""CID4215239""",Go Sedan,Adarsh Nagar,Nawada,10.7,38.9,,,,,,,1029.0,49.79,4.3,4.7,Cash
2024-05-06,12:42:42,"""CNR3311822""",Completed,"""CID6428137""",Auto,Saket A Block,Raj Nagar Extension,5.6,32.6,,,,,,,322.0,39.47,3.9,4.9,UPI
2024-09-09,11:38:01,"""CNR7398144""",Cancelled by Driver,"""CID7367243""",Auto,Rithala,Punjabi Bagh,7.1,,,,1.0,More than permitted people in there,,,,,,,
2024-10-02,18:36:17,"""CNR6754178""",Completed,"""CID3327685""",Premier Sedan,Nirman Vihar,Jahangirpuri,5.9,17.3,,,,,,,162.0,37.67,3.3,4.6,Uber Wallet
2024-12-09,10:15:04,"""CNR4444143""",Incomplete,"""CID6320385""",Premier Sedan,Okhla,South Extension,6.0,19.5,,,,,1.0,Customer Demand,981.0,2.85,,,Debit Card
2024-03-24,12:23:44,"""CNR6019625""",Cancelled by Driver,"""CID2765464""",Go Mini,Gurgaon Sector 56,RK Puram,7.5,,,,1.0,The customer was coughing/sick,,,,,,,
2024-06-19,08:54:25,"""CNR7653461""",Completed,"""CID6629138""",Bike,Udyog Bhawan,Paschim Vihar,4.2,31.5,,,,,,,124.0,14.33,3.4,4.9,Cash
2024-01-01,10:13:12,"""CNR6923359""",Completed,"""CID6389153""",Go Sedan,Jhilmil,Tagore Garden,3.1,26.7,,,,,,,899.0,26.92,4.3,4.3,UPI
2024-02-28,12:17:56,"""CNR6763272""",Completed,"""CID6551581""",Go Mini,Hauz Rani,Rohini West,10.6,29.1,,,,,,,316.0,30.24,4.0,4.2,UPI
2024-11-06,10:34:17,"""CNR5878161""",Completed,"""CID7678002""",Auto,Saket A Block,Panchsheel Park,12.1,27.4,,,,,,,558.0,24.99,4.9,4.6,Cash
2024-10-02,18:16:36,"""CNR4492061""",Completed,"""CID6863314""",Go Mini,Noida Film City,Uttam Nagar,2.6,23.4,,,,,,,491.0,14.01,3.9,4.6,Cash
2024-03-02,15:34:41,"""CNR9196478""",No Driver Found,"""CID4158319""",eBike,Central Secretariat,Yamuna Bank,,,,,,,,,,,,,
2024-08-13,08:43:46,"""CNR9554886""",Completed,"""CID2714401""",Premier Sedan,Nirman Vihar,Pataudi Chowk,11.0,25.5,,,,,,,455.0,41.86,3.2,4.8,Cash
2024-04-08,21:30:08,"""CNR7830196""",Completed,"""CID9988353""",Auto,Pataudi Chowk,Anand Vihar,14.4,21.8,,,,,,,435.0,29.55,4.9,4.6,Cash
2024-04-03,14:43:24,"""CNR1557664""",Cancelled by Driver,"""CID5266583""",Auto,Faridabad Sector 15,Nehru Place,11.1,,,,1.0,More than permitted people in there,,,,,,,
2024-10-16,17:57:30,"""CNR3969385""",Completed,"""CID9929751""",Bike,Rajouri Garden,Janakpuri,7.1,20.2,,,,,,,55.0,47.24,4.2,4.6,Cash
2024-05-12,13:39:08,"""CNR5329378""",Completed,"""CID3556860""",Auto,Faridabad Sector 15,Sonipat,8.0,42.7,,,,,,,407.0,18.5,3.7,4.1,Debit Card
2024-06-15,18:07:22,"""CNR6402674""",No Driver Found,"""CID4354319""",Premier Sedan,Mehrauli,Barakhamba Road,,,,,,,,,,,,,
2024-02-06,14:40:28,"""CNR3188685""",Completed,"""CID4098738""",Auto,Jahangirpuri,Lok Kalyan Marg,3.2,24.7,,,,,,,207.0,24.92,3.1,4.4,Uber Wallet
2024-03-18,15:40:31,"""CNR9244402""",Cancelled by Driver,"""CID5468528""",eBike,IMT Manesar,Kashmere Gate ISBT,4.9,,,,1.0,Customer related issue,,,,,,,
2024-04-10,21:44:39,"""CNR3200064""",Incomplete,"""CID1972292""",Go Mini,Jama Masjid,Ramesh Nagar,8.1,27.7,,,,,1.0,Other Issue,484.0,7.95,,,Credit Card
2024-08-29,22:01:31,"""CNR2176039""",Completed,"""CID4487944""",Go Sedan,Central Secretariat,Bhiwadi,11.7,41.7,,,,,,,762.0,29.26,4.6,4.8,Credit Card
2024-05-19,03:17:59,"""CNR2788133""",Incomplete,"""CID6834585""",Auto,Mayur Vihar,Pataudi Chowk,8.4,11.4,,,,,1.0,Vehicle Breakdown,1089.0,13.66,,,UPI
2024-08-28,14:49:41,"""CNR4863075""",Incomplete,"""CID2019810""",Auto,DLF City Court,Jhilmil,5.5,23.8,,,,,1.0,Other Issue,122.0,8.95,,,Uber Wallet
2024-10-06,19:57:42,"""CNR2846517""",Completed,"""CID4879238""",Go Mini,Chandni Chowk,Ghitorni Village,13.7,28.7,,,,,,,344.0,30.53,3.9,4.9,Cash
2024-01-11,19:48:29,"""CNR7772578""",Incomplete,"""CID4616438""",Go Mini,Rajiv Chowk,Kanhaiya Nagar,4.5,10.4,,,,,1.0,Vehicle Breakdown,662.0,6.28,,,UPI
2024-09-12,13:05:33,"""CNR3794122""",Completed,"""CID9814054""",Auto,Tilak Nagar,Chanakyapuri,6.8,34.9,,,,,,,200.0,41.72,3.2,4.6,UPI
2024-04-03,09:50:07,"""CNR1896824""",Completed,"""CID2971572""",Bike,Gurgaon Sector 29,Greater Noida,5.3,26.2,,,,,,,979.0,25.75,4.3,4.3,UPI
2024-09-17,15:03:49,"""CNR2206578""",Cancelled by Driver,"""CID2125632""",Go Sedan,IIT Delhi,Shastri Nagar,11.8,,,,1.0,The customer was coughing/sick,,,,,,,
2024-02-21,21:13:41,"""CNR1264261""",Completed,"""CID6788753""",Premier Sedan,Vasant Kunj,Aya Nagar,4.0,21.7,,,,,,,322.0,21.66,4.2,4.3,UPI
2024-04-14,21:53:53,"""CNR1897181""",Cancelled by Driver,"""CID8113359""",Go Mini,Bhikaji Cama Place,Karkarduma,6.3,,,,1.0,Customer related issue,,,,,,,
2024-07-04,17:33:30,"""CNR8554634""",Completed,"""CID5244486""",Bike,Green Park,Jor Bagh,8.2,39.2,,,,,,,361.0,42.91,5.0,4.3,Debit Card
2024-02-19,13:13:54,"""CNR8949431""",Completed,"""CID8021932""",Go Sedan,Madipur,Saidulajab,7.6,38.0,,,,,,,232.0,44.67,4.3,4.5,UPI
2024-08-14,07:35:13,"""CNR8583813""",Cancelled by Driver,"""CID8979573""",Auto,Vishwavidyalaya,India Gate,3.8,,,,1.0,More than permitted people in there,,,,,,,
2024-06-29,09:46:58,"""CNR1637599""",Cancelled by Driver,"""CID3192678""",Auto,Malviya Nagar,Shahdara,6.7,,,,1.0,Customer related issue,,,,,,,
2024-05-18,07:17:38,"""CNR3306769""",Completed,"""CID3693978""",Premier Sedan,GTB Nagar,Badshahpur,9.1,39.8,,,,,,,318.0,7.59,4.4,5.0,UPI
2024-05-12,12:52:20,"""CNR2405550""",Cancelled by Driver,"""CID9280201""",Bike,Shahdara,Vaishali,5.1,,,,1.0,Personal & Car related issues,,,,,,,
2024-11-15,18:46:55,"""CNR6823624""",Completed,"""CID9206744""",eBike,Anand Vihar ISBT,Narsinghpur,14.1,31.7,,,,,,,1323.0,32.74,4.2,4.2,Credit Card
2024-04-18,04:31:56,"""CNR6778599""",Completed,"""CID1852002""",Auto,Tilak Nagar,Palam Vihar,12.2,30.6,,,,,,,972.0,30.24,3.8,4.9,UPI
2024-10-21,20:20:35,"""CNR5523123""",Completed,"""CID5742840""",Go Sedan,Rohini East,Panchsheel Park,5.8,42.4,,,,,,,295.0,29.8,4.1,4.7,UPI
2024-12-22,20:32:07,"""CNR1449297""",Incomplete,"""CID3930252""",Go Sedan,Maidan Garhi,Noida Sector 18,9.4,23.1,,,,,1.0,Vehicle Breakdown,1020.0,4.76,,,Cash
2024-12-28,10:41:13,"""CNR5460112""",Cancelled by Customer,"""CID5789165""",Bike,Yamuna Bank,Vaishali,13.1,,1.0,Change of plans,,,,,,,,,
2024-11-14,17:01:54,"""CNR8322349""",Completed,"""CID5673569""",Go Mini,Ardee City,Rohini,11.6,26.8,,,,,,,190.0,4.3,4.7,3.2,Uber Wallet
2024-01-01,19:56:25,"""CNR3914591""",Completed,"""CID3217781""",Bike,Pragati Maidan,Vasant Kunj,2.2,21.7,,,,,,,147.0,31.04,4.2,4.6,UPI
2024-07-27,17:22:27,"""CNR2403407""",Completed,"""CID2679883""",Go Mini,AIIMS,Panipat,3.4,41.7,,,,,,,400.0,20.44,3.8,4.2,UPI
2024-05-20,22:54:01,"""CNR3019947""",Incomplete,"""CID9650970""",Go Sedan,Botanical Garden,Bhiwadi,7.3,23.1,,,,,1.0,Other Issue,1812.0,2.65,,,Cash
2024-04-17,07:10:03,"""CNR5205732""",Completed,"""CID6169469""",Bike,Nawada,Kashmere Gate ISBT,8.9,25.4,,,,,,,321.0,26.73,3.9,4.3,UPI
2024-04-24,16:15:05,"""CNR8471057""",No Driver Found,"""CID5713989""",Go Mini,Netaji Subhash Place,Kaushambi,,,,,,,,,,,,,
2024-12-12,23:44:16,"""CNR2416041""",Completed,"""CID7961562""",Go Mini,Qutub Minar,Nawada,4.4,34.5,,,,,,,447.0,33.03,4.6,3.9,Cash
2024-02-19,05:50:05,"""CNR5320904""",Completed,"""CID6136364""",Premier Sedan,Connaught Place,Narsinghpur,14.5,20.8,,,,,,,386.0,4.28,3.4,4.7,Credit Card
2024-10-29,16:46:58,"""CNR2825121""",Completed,"""CID4540429""",Go Mini,Jhilmil,Ghitorni Village,12.1,44.5,,,,,,,289.0,32.35,4.6,4.9,UPI
2024-04-02,10:02:47,"""CNR4744765""",Completed,"""CID8511605""",Auto,Botanical Garden,Udyog Vihar Phase 4,13.0,42.1,,,,,,,831.0,3.65,4.4,4.4,UPI
2024-12-19,11:18:54,"""CNR6225525""",Completed,"""CID5866677""",Go Mini,Karkarduma,Hauz Rani,5.1,24.7,,,,,,,787.0,8.92,4.9,3.8,UPI
2024-12-27,02:44:12,"""CNR3802266""",No Driver Found,"""CID7974891""",Go Sedan,Nirman Vihar,IFFCO Chowk,,,,,,,,,,,,,
2024-02-16,18:28:44,"""CNR4070215""",No Driver Found,"""CID6184321""",eBike,Vatika Chowk,Model Town,,,,,,,,,,,,,
2024-06-04,20:54:41,"""CNR1959086""",Incomplete,"""CID5525214""",Go Sedan,Peeragarhi,Gurgaon Railway Station,2.3,30.0,,,,,1.0,Other Issue,358.0,14.49,,,Cash
2024-02-19,06:33:47,"""CNR8729615""",Incomplete,"""CID7384205""",Go Sedan,Mehrauli,Jor Bagh,5.8,23.7,,,,,1.0,Customer Demand,577.0,11.51,,,Uber Wallet
2024-05-26,11:55:12,"""CNR9169915""",Cancelled by Driver,"""CID8326316""",Premier Sedan,Tilak Nagar,Ghitorni,8.2,,,,1.0,The customer was coughing/sick,,,,,,,
2024-03-20,09:36:29,"""CNR9782243""",Completed,"""CID8663933""",Bike,Akshardham,Munirka,2.2,28.8,,,,,,,429.0,38.43,4.6,4.2,UPI
2024-02-20,19:04:55,"""CNR9925565""",No Driver Found,"""CID4589975""",Premier Sedan,Botanical Garden,Faridabad Sector 15,,,,,,,,,,,,,
2024-05-01,21:45:41,"""CNR1635880""",Completed,"""CID7707239""",Premier Sedan,Pulbangash,Rohini West,12.5,32.3,,,,,,,2411.0,13.72,4.4,4.4,Debit Card
2024-09-11,08:44:37,"""CNR7012877""",Completed,"""CID1488092""",Bike,Okhla,Badshahpur,11.2,38.7,,,,,,,72.0,42.54,4.9,4.8,Credit Card
2024-12-15,12:54:34,"""CNR3204828""",Cancelled by Driver,"""CID2142290""",Auto,Khandsa,Welcome,3.9,,,,1.0,More than permitted people in there,,,,,,,
2024-01-04,22:52:54,"""CNR8405546""",Cancelled by Driver,"""CID5034109""",Go Sedan,Mayur Vihar,Vidhan Sabha,5.1,,,,1.0,The customer was coughing/sick,,,,,,,
2024-10-18,16:49:33,"""CNR3208669""",Completed,"""CID1664990""",Premier Sedan,Tughlakabad,Badarpur,9.1,40.2,,,,,,,54.0,19.9,4.6,4.2,Uber Wallet
2024-08-27,18:28:50,"""CNR1046422""",Cancelled by Customer,"""CID8111278""",Auto,Mundka,IIT Delhi,11.2,,1.0,Wrong Address,,,,,,,,,
2024-06-27,13:51:51,"""CNR8392529""",Cancelled by Driver,"""CID3200210""",Go Sedan,Khan Market,Subhash Chowk,3.1,,,,1.0,The customer was coughing/sick,,,,,,,
2024-05-06,18:20:47,"""CNR4102052""",Completed,"""CID2661831""",Premier Sedan,Vatika Chowk,Jor Bagh,10.2,20.6,,,,,,,249.0,49.21,3.5,3.6,Debit Card
2024-02-11,19:52:39,"""CNR5489697""",Cancelled by Driver,"""CID3814650""",eBike,Mundka,Sikanderpur,3.3,,,,1.0,The customer was coughing/sick,,,,,,,
2024-06-18,16:14:37,"""CNR9799972""",Incomplete,"""CID6135841""",Go Mini,Mehrauli,Rohini,8.3,23.9,,,,,1.0,Other Issue,171.0,2.65,,,Cash
2024-02-04,21:24:48,"""CNR9197564""",Cancelled by Driver,"""CID5994611""",Premier Sedan,Lok Kalyan Marg,Faridabad Sector 15,7.1,,,,1.0,More than permitted people in there,,,,,,,
2024-12-15,00:18:14,"""CNR9448010""",Completed,"""CID7906624""",Premier Sedan,Punjabi Bagh,Rajiv Nagar,11.2,35.1,,,,,,,1471.0,13.9,4.4,4.9,UPI
2024-08-24,22:26:15,"""CNR9653546""",Cancelled by Driver,"""CID1555201""",Go Sedan,MG Road,Udyog Vihar Phase 4,8.8,,,,1.0,Customer related issue,,,,,,,
2024-12-08,19:38:06,"""CNR7436503""",Cancelled by Customer,"""CID2404591""",Auto,Noida Extension,Kirti Nagar,18.6,,1.0,Change of plans,,,,,,,,,
2024-03-16,18:49:38,"""CNR3127359""",Incomplete,"""CID4039411""",Bike,Sadar Bazar Gurgaon,Saket,5.9,29.0,,,,,1.0,Customer Demand,699.0,15.81,,,UPI
2024-04-29,05:30:49,"""CNR2479171""",Completed,"""CID9755877""",Auto,Kherki Daula Toll,Janakpuri,10.2,19.1,,,,,,,901.0,6.98,4.9,4.6,Credit Card
2024-05-08,11:04:30,"""CNR3683368""",No Driver Found,"""CID7073211""",Bike,Lok Kalyan Marg,Mansarovar Park,,,,,,,,,,,,,
2024-05-28,15:45:30,"""CNR7187011""",Incomplete,"""CID9807186""",Auto,Sohna Road,Badshahpur,9.1,22.0,,,,,1.0,Other Issue,539.0,1.05,,,UPI
2024-08-15,20:40:09,"""CNR4524743""",Completed,"""CID7090340""",Auto,Keshav Puram,Green Park,2.8,32.1,,,,,,,246.0,49.37,4.2,4.9,Credit Card
2024-10-03,19:20:58,"""CNR8228124""",Completed,"""CID9741638""",Bike,Golf Course Road,Ashram,10.4,44.6,,,,,,,873.0,49.54,4.5,4.6,UPI
2024-09-13,08:31:17,"""CNR4981528""",Completed,"""CID7554715""",Auto,Vasant Kunj,Moolchand,4.2,39.5,,,,,,,675.0,3.1,3.1,4.7,UPI
2024-01-31,16:28:31,"""CNR4013170""",Completed,"""CID2294598""",Auto,Vidhan Sabha,Basai Dhankot,3.0,23.4,,,,,,,449.0,4.7,4.2,4.0,Debit Card
2024-05-21,06:24:22,"""CNR4208443""",Cancelled by Driver,"""CID8985601""",eBike,Kirti Nagar,Shivaji Park,5.5,,,,1.0,Customer related issue,,,,,,,
2024-06-29,21:02:34,"""CNR5151548""",Completed,"""CID4417777""",Auto,Gwal Pahari,Badshahpur,7.6,34.7,,,,,,,692.0,49.34,4.1,4.1,UPI
2024-07-19,09:37:46,"""CNR7805442""",Cancelled by Driver,"""CID5681459""",eBike,Kirti Nagar,Green Park,3.1,,,,1.0,More than permitted people in there,,,,,,,
2024-09-28,17:54:56,"""CNR9176169""",Cancelled by Customer,"""CID9799054""",Go Sedan,Udyog Vihar Phase 4,Raj Nagar Extension,7.5,,1.0,Driver is not moving towards pickup location,,,,,,,,,
2024-06-15,13:17:05,"""CNR6548266""",Completed,"""CID4417162""",Go Sedan,Nirman Vihar,Kanhaiya Nagar,3.6,26.8,,,,,,,1378.0,4.11,4.3,4.7,Credit Card
2024-05-23,09:28:06,"""CNR1238288""",Completed,"""CID9527381""",Go Sedan,Narsinghpur,Green Park,9.7,40.1,,,,,,,400.0,26.26,4.2,3.9,Credit Card
2024-03-18,10:55:35,"""CNR2129682""",Completed,"""CID4628509""",Go Sedan,Ghitorni,Chandni Chowk,8.3,29.0,,,,,,,775.0,39.87,4.1,4.4,Cash
2024-11-29,05:54:06,"""CNR9913271""",Cancelled by Driver,"""CID4513857""",Uber XL,Karkarduma,Udyog Vihar Phase 4,11.0,,,,1.0,Personal & Car related issues,,,,,,,
2024-05-03,17:15:14,"""CNR5960903""",No Driver Found,"""CID2652228""",Go Sedan,Madipur,Maidan Garhi,,,,,,,,,,,,,
2024-01-24,19:40:48,"""CNR5889163""",Completed,"""CID7332741""",Auto,Kashmere Gate ISBT,Model Town,11.8,39.1,,,,,,,269.0,5.97,4.1,4.3,Uber Wallet
2024-09-27,05:33:28,"""CNR6699788""",Completed,"""CID7805104""",Go Sedan,Welcome,Mandi House,13.3,40.0,,,,,,,389.0,39.04,4.0,3.9,UPI
2024-10-15,12:55:55,"""CNR8215975""",Completed,"""CID5040214""",Premier Sedan,Sikanderpur,Delhi Gate,3.1,44.6,,,,,,,222.0,20.55,4.1,4.4,Cash
2024-08-10,18:43:53,"""CNR5152186""",Cancelled by Customer,"""CID6449188""",Auto,India Gate,Huda City Centre,6.7,,1.0,Change of plans,,,,,,,,,
2024-10-28,18:36:05,"""CNR7740546""",Completed,"""CID1995726""",Auto,Rohini,Bahadurgarh,12.2,43.0,,,,,,,307.0,17.04,4.3,4.6,Cash
2024-02-24,10:53:59,"""CNR8992017""",Incomplete,"""CID1358739""",Bike,Shastri Park,Kashmere Gate ISBT,7.4,21.3,,,,,1.0,Vehicle Breakdown,1641.0,12.23,,,Credit Card
2024-12-15,12:40:33,"""CNR8277303""",Cancelled by Driver,"""CID1865011""",Go Sedan,Green Park,Samaypur Badli,4.9,,,,1.0,More than permitted people in there,,,,,,,
2024-03-23,10:50:10,"""CNR9198246""",Incomplete,"""CID1645844""",Go Mini,Mandi House,Malviya Nagar,3.7,18.8,,,,,1.0,Vehicle Breakdown,498.0,18.55,,,UPI
2024-08-26,10:51:09,"""CNR5999019""",Completed,"""CID8167076""",Go Mini,Noida Extension,Akshardham,8.3,28.2,,,,,,,545.0,47.94,4.1,3.7,Cash
2024-07-08,08:40:35,"""CNR8008808""",Completed,"""CID4878235""",Bike,Pitampura,Delhi Gate,5.7,20.5,,,,,,,878.0,38.33,4.3,3.9,UPI
2024-09-05,14:33:05,"""CNR4756303""",Completed,"""CID8075673""",Go Mini,Ashok Vihar,Arjangarh,7.8,31.7,,,,,,,174.0,16.18,3.6,4.6,UPI
2024-12-22,16:47:54,"""CNR5161638""",Completed,"""CID4337785""",Premier Sedan,Janakpuri,Kadarpur,5.6,25.7,,,,,,,1468.0,43.79,4.1,5.0,Cash
2024-05-05,21:22:39,"""CNR3908312""",Completed,"""CID8787746""",Bike,Okhla,Netaji Subhash Place,8.1,37.3,,,,,,,633.0,17.34,4.5,4.9,Credit Card
2024-03-16,19:13:25,"""CNR4283139""",Completed,"""CID9905215""",Auto,Tagore Garden,Faridabad Sector 15,14.9,22.9,,,,,,,1505.0,7.25,4.5,4.9,Cash
2024-12-01,07:32:35,"""CNR6552044""",Cancelled by Driver,"""CID1821101""",Auto,Vishwavidyalaya,Vidhan Sabha,11.0,,,,1.0,Personal & Car related issues,,,,,,,
2024-08-25,19:28:59,"""CNR4721482""",Completed,"""CID8682093""",Bike,Pitampura,Malviya Nagar,13.8,32.1,,,,,,,126.0,47.67,3.7,4.9,Credit Card
2024-10-28,08:27:52,"""CNR9799556""",Cancelled by Driver,"""CID9984487""",Go Sedan,Nehru Place,Indraprastha,7.0,,,,1.0,More than permitted people in there,,,,,,,
2024-10-29,21:21:32,"""CNR4601693""",Cancelled by Driver,"""CID6708224""",eBike,Vidhan Sabha,Paschim Vihar,6.3,,,,1.0,Customer related issue,,,,,,,
2024-09-10,13:38:54,"""CNR1875537""",Incomplete,"""CID5800267""",Auto,MG Road,Kashmere Gate,4.6,18.8,,,,,1.0,Customer Demand,239.0,16.58,,,Debit Card
2024-07-07,07:26:03,"""CNR8376816""",Completed,"""CID4406312""",Auto,Ghitorni,Rohini West,14.2,26.8,,,,,,,397.0,25.82,4.4,3.7,Debit Card
2024-06-14,13:53:59,"""CNR9194211""",Completed,"""CID9758189""",Bike,Vatika Chowk,Faridabad Sector 15,4.4,41.7,,,,,,,199.0,36.88,4.9,4.9,Cash
2024-08-27,21:10:27,"""CNR1301311""",Cancelled by Driver,"""CID2939738""",Premier Sedan,MG Road,Qutub Minar,9.3,,,,1.0,Personal & Car related issues,,,,,,,
2024-07-16,20:31:29,"""CNR7124446""",Cancelled by Customer,"""CID3245632""",Go Sedan,Karkarduma,Greater Kailash,16.8,,1.0,Change of plans,,,,,,,,,
2024-12-25,20:56:07,"""CNR9311635""",Completed,"""CID1055613""",Uber XL,Sonipat,Pitampura,2.5,32.3,,,,,,,840.0,29.41,4.2,4.5,Uber Wallet
2024-07-01,04:57:13,"""CNR5114485""",Incomplete,"""CID3255196""",Premier Sedan,Sultanpur,Sarojini Nagar,3.1,11.7,,,,,1.0,Vehicle Breakdown,890.0,10.35,,,Uber Wallet
2024-07-20,11:54:50,"""CNR4359805""",Cancelled by Driver,"""CID7015602""",Go Mini,Tagore Garden,Gurgaon Railway Station,8.4,,,,1.0,The customer was coughing/sick,,,,,,,
2024-01-13,16:20:09,"""CNR6641835""",Cancelled by Driver,"""CID1307688""",Bike,IGI Airport,Paharganj,3.7,,,,1.0,More than permitted people in there,,,,,,,
2024-08-09,07:53:58,"""CNR7793614""",Cancelled by Customer,"""CID7941484""",Auto,Aya Nagar,Panipat,13.8,,1.0,Driver is not moving towards pickup location,,,,,,,,,
2024-11-17,04:10:08,"""CNR6536072""",Completed,"""CID8313582""",Auto,Nawada,Meerut,3.3,36.1,,,,,,,161.0,14.99,4.9,3.9,Cash
2024-11-09,11:27:04,"""CNR2332289""",Cancelled by Driver,"""CID2834828""",Go Mini,Jhilmil,Lajpat Nagar,3.9,,,,1.0,Customer related issue,,,,,,,
2024-11-16,05:44:58,"""CNR3578253""",Completed,"""CID2458793""",Go Sedan,Netaji Subhash Place,IFFCO Chowk,13.8,35.4,,,,,,,363.0,9.16,4.3,4.9,Uber Wallet
2024-05-21,16:40:30,"""CNR7728708""",Completed,"""CID6287592""",Uber XL,Indirapuram,Udyog Vihar,12.1,39.8,,,,,,,372.0,40.95,4.4,4.9,Cash
2024-04-12,17:55:04,"""CNR9981349""",No Driver Found,"""CID3691336""",eBike,Lal Quila,Netaji Subhash Place,,,,,,,,,,,,,
2024-05-21,09:13:43,"""CNR7271050""",Completed,"""CID3043858""",Go Sedan,Moti Nagar,Chanakyapuri,3.9,25.9,,,,,,,197.0,7.51,4.3,4.2,Credit Card
2024-06-14,19:45:49,"""CNR1855612""",Cancelled by Driver,"""CID1993655""",Auto,Akshardham,IGNOU Road,4.1,,,,1.0,Personal & Car related issues,,,,,,,
2024-11-30,09:31:30,"""CNR4373728""",Completed,"""CID3725514""",eBike,Indirapuram,Anand Vihar ISBT,14.3,30.3,,,,,,,266.0,14.36,4.6,4.6,Cash
2024-10-19,19:34:33,"""CNR1800296""",Cancelled by Driver,"""CID1574088""",Go Sedan,Preet Vihar,Welcome,9.1,,,,1.0,Personal & Car related issues,,,,,,,
2024-02-15,08:36:04,"""CNR9114845""",Completed,"""CID5339878""",Go Mini,DLF City Court,Azadpur,13.8,26.0,,,,,,,352.0,20.7,4.3,4.9,Uber Wallet
2024-12-04,20:54:14,"""CNR6144039""",Cancelled by Customer,"""CID7896732""",Uber XL,Aya Nagar,Kashmere Gate ISBT,8.0,,1.0,AC is not working,,,,,,,,,
2024-01-19,20:47:12,"""CNR9302344""",Completed,"""CID2952327""",Auto,Patel Chowk,Saket,3.6,38.3,,,,,,,929.0,40.3,4.6,3.7,UPI
2024-02-14,15:24:19,"""CNR8518152""",No Driver Found,"""CID9724615""",Go Sedan,Vinobapuri,Tughlakabad,,,,,,,,,,,,,
2024-06-19,09:51:54,"""CNR9446026""",Cancelled by Customer,"""CID6859210""",Go Sedan,Sarojini Nagar,Anand Vihar ISBT,8.1,,1.0,Driver is not moving towards pickup location,,,,,,,,,
2024-12-25,17:10:04,"""CNR8070147""",No Driver Found,"""CID9798619""",Go Sedan,Seelampur,Peeragarhi,,,,,,,,,,,,,
2024-02-14,20:38:29,"""CNR9486900""",Incomplete,"""CID8715957""",Premier Sedan,Subhash Chowk,Moti Nagar,9.0,26.7,,,,,1.0,Other Issue,237.0,13.53,,,UPI
2024-02-16,19:13:54,"""CNR3635357""",Completed,"""CID3315040""",Bike,Shivaji Park,Arjangarh,2.2,23.2,,,,,,,930.0,38.01,3.9,4.2,Cash
2024-10-14,10:00:02,"""CNR8529993""",Completed,"""CID9099920""",Auto,Kaushambi,Lajpat Nagar,6.0,16.2,,,,,,,361.0,49.26,4.1,5.0,Debit Card
2024-09-05,18:48:16,"""CNR2694868""",Completed,"""CID6402893""",Auto,Ghitorni Village,Palam Vihar,11.0,38.9,,,,,,,903.0,18.94,4.3,4.6,Uber Wallet
2024-01-03,19:16:43,"""CNR7047791""",Cancelled by Driver,"""CID1732209""",Auto,Cyber Hub,Kalkaji,11.8,,,,1.0,More than permitted people in there,,,,,,,
2024-04-03,20:59:58,"""CNR6243226""",Cancelled by Driver,"""CID5619254""",Go Mini,Sarojini Nagar,Jor Bagh,6.6,,,,1.0,Personal & Car related issues,,,,,,,
2024-04-03,22:51:46,"""CNR9108711""",Completed,"""CID4073018""",Go Mini,Chhatarpur,Ghaziabad,13.6,29.4,,,,,,,178.0,34.82,4.6,4.9,Debit Card
2024-08-17,18:57:03,"""CNR5952577""",Completed,"""CID3661512""",Go Mini,Pataudi Chowk,Jahangirpuri,11.0,33.9,,,,,,,363.0,26.39,3.9,4.6,Cash
2024-03-11,09:04:58,"""CNR6268045""",Completed,"""CID8050043""",Auto,Nehru Place,Bahadurgarh,5.7,24.7,,,,,,,757.0,40.71,4.6,4.9,UPI
2024-01-31,19:30:50,"""CNR4786153""",Completed,"""CID7359688""",Go Sedan,Anand Vihar,Kanhaiya Nagar,13.9,41.4,,,,,,,104.0,37.0,4.3,4.2,UPI
2024-11-11,06:19:36,"""CNR7061765""",Completed,"""CID8107330""",Auto,Laxmi Nagar,Uttam Nagar,5.6,34.8,,,,,,,870.0,24.36,4.7,4.1,UPI
2024-04-08,17:57:36,"""CNR1825662""",Cancelled by Driver,"""CID5436383""",Premier Sedan,ITO,Tughlakabad,10.9,,,,1.0,Customer related issue,,,,,,,
2024-05-19,19:03:51,"""CNR5187301""",Completed,"""CID8301905""",Go Sedan,Ramesh Nagar,Vidhan Sabha,10.3,27.6,,,,,,,594.0,7.57,4.6,4.6,Debit Card
2024-01-24,10:05:50,"""CNR5905337""",No Driver Found,"""CID7931491""",eBike,Panchsheel Park,Cyber Hub,,,,,,,,,,,,,
2024-07-13,09:28:45,"""CNR5111561""",Completed,"""CID2306622""",Bike,Uttam Nagar,Greater Kailash,2.9,18.1,,,,,,,523.0,36.73,4.9,4.1,UPI
2024-03-28,20:01:02,"""CNR1846759""",Completed,"""CID5360938""",Auto,Moolchand,Noida Film City,14.6,21.1,,,,,,,329.0,14.39,4.3,4.9,UPI
2024-05-10,14:37:51,"""CNR7194087""",Completed,"""CID8817113""",Uber XL,Old Gurgaon,Ghitorni Village,8.5,35.3,,,,,,,471.0,37.35,3.2,4.9,Cash
2024-09-19,21:01:48,"""CNR2571150""",Completed,"""CID5936173""",Bike,Nehru Place,Badshahpur,10.2,41.6,,,,,,,400.0,37.3,4.5,4.9,UPI
2024-10-12,12:54:06,"""CNR1382806""",Completed,"""CID4144203""",Go Mini,Sonipat,Vatika Chowk,7.5,26.3,,,,,,,1062.0,4.4,4.3,4.7,Uber Wallet
2024-05-12,15:12:36,"""CNR1467939""",Completed,"""CID7729004""",Go Mini,Hero Honda Chowk,Kaushambi,9.7,39.8,,,,,,,1349.0,27.29,4.9,4.9,Cash
2024-01-22,07:10:02,"""CNR9133941""",Completed,"""CID1520146""",Auto,Vasant Kunj,Welcome,13.0,22.1,,,,,,,701.0,21.23,4.4,4.3,UPI
2024-03-09,11:58:02,"""CNR7958338""",Completed,"""CID1656732""",Bike,Anand Vihar,Indirapuram,14.6,42.3,,,,,,,932.0,41.68,4.6,4.4,UPI
2024-04-06,06:46:36,"""CNR3232353""",Cancelled by Driver,"""CID9420767""",Go Mini,Chhatarpur,Greater Kailash,6.3,,,,1.0,The customer was coughing/sick,,,,,,,
2024-10-29,10:57:30,"""CNR7926145""",No Driver Found,"""CID9721610""",Go Sedan,Khandsa,Kalkaji,,,,,,,,,,,,,
2024-03-12,09:31:08,"""CNR7280123""",Completed,"""CID9774716""",Premier Sedan,Yamuna Bank,Gurgaon Sector 29,3.6,44.8,,,,,,,53.0,48.75,3.9,4.4,Cash
2024-11-09,17:20:31,"""CNR7079726""",Cancelled by Customer,"""CID7210469""",Go Mini,Chandni Chowk,Bhikaji Cama Place,15.0,,1.0,AC is not working,,,,,,,,,
2024-09-06,16:29:07,"""CNR9605471""",Completed,"""CID6334888""",Premier Sedan,Ramesh Nagar,Tagore Garden,5.7,20.5,,,,,,,104.0,46.21,4.9,4.2,Credit Card
2024-02-29,08:43:16,"""CNR4385312""",Cancelled by Driver,"""CID4960100""",Go Mini,Laxmi Nagar,Hauz Khas,9.9,,,,1.0,The customer was coughing/sick,,,,,,,
2024-09-08,20:36:27,"""CNR8714089""",Completed,"""CID5891065""",eBike,Panchsheel Park,Tughlakabad,5.6,44.5,,,,,,,1193.0,31.71,3.6,4.5,Uber Wallet
2024-05-01,19:46:16,"""CNR2951413""",Completed,"""CID1551649""",Go Mini,Sarai Kale Khan,Panchsheel Park,5.2,29.9,,,,,,,374.0,46.4,3.3,4.2,Credit Card
2024-09-21,07:17:55,"""CNR1901011""",Completed,"""CID5491366""",Bike,Meerut,IFFCO Chowk,7.8,19.7,,,,,,,749.0,17.76,4.0,4.3,Credit Card
2024-03-09,20:31:04,"""CNR8862788""",Completed,"""CID9055545""",eBike,Sadar Bazar Gurgaon,Chirag Delhi,14.7,38.7,,,,,,,402.0,21.53,4.6,4.2,Cash
2024-02-24,19:54:58,"""CNR9482252""",Completed,"""CID1436993""",Auto,Vaishali,Lajpat Nagar,8.2,18.5,,,,,,,616.0,16.56,4.1,4.4,UPI
2024-08-02,20:18:39,"""CNR7893288""",Completed,"""CID5363413""",Bike,Shastri Park,Adarsh Nagar,7.2,36.8,,,,,,,233.0,9.06,4.2,4.5,Credit Card
2024-03-11,22:19:54,"""CNR4696144""",Completed,"""CID1468717""",Bike,Kashmere Gate ISBT,Jahangirpuri,11.2,34.3,,,,,,,345.0,2.37,4.3,4.6,Cash
2024-09-13,21:56:08,"""CNR3243024""",Completed,"""CID9184617""",eBike,Mandi House,Vishwavidyalaya,8.8,39.5,,,,,,,776.0,24.61,4.7,4.3,UPI
2024-09-15,07:49:18,"""CNR9326422""",Incomplete,"""CID3425805""",Bike,Bhiwadi,Shastri Nagar,9.6,10.5,,,,,1.0,Other Issue,336.0,8.75,,,Uber Wallet
2024-07-23,08:19:33,"""CNR7352665""",Completed,"""CID1240771""",Premier Sedan,Jasola,Patel Chowk,6.2,36.0,,,,,,,852.0,24.33,4.0,4.3,UPI
2024-09-24,16:20:59,"""CNR2989777""",Completed,"""CID1628093""",Bike,Basai Dhankot,Civil Lines Gurgaon,10.4,17.4,,,,,,,457.0,19.94,4.1,3.5,UPI
2024-02-06,15:30:14,"""CNR4460377""",Completed,"""CID2407050""",Go Sedan,Shastri Nagar,Panchsheel Park,13.2,39.8,,,,,,,294.0,38.95,3.3,4.3,UPI
2024-02-05,07:23:28,"""CNR1676665""",Completed,"""CID9253199""",Bike,Tis Hazari,Model Town,8.5,38.1,,,,,,,162.0,18.78,4.3,4.3,UPI
2024-08-07,10:37:12,"""CNR5874233""",Completed,"""CID9449916""",Go Mini,Hauz Rani,Indraprastha,3.2,36.8,,,,,,,236.0,27.31,4.2,4.8,UPI
2024-12-21,09:52:14,"""CNR2985229""",Cancelled by Driver,"""CID4816380""",Premier Sedan,Indirapuram,Raj Nagar Extension,10.7,,,,1.0,Customer related issue,,,,,,,
2024-03-28,17:19:13,"""CNR3600063""",Cancelled by Customer,"""CID3054397""",Go Mini,Central Secretariat,IIT Delhi,10.8,,1.0,AC is not working,,,,,,,,,
2024-04-02,17:32:34,"""CNR1213177""",Completed,"""CID8180169""",Auto,Okhla,Badarpur,5.2,34.4,,,,,,,877.0,41.31,4.4,4.2,Cash
2024-05-18,10:57:45,"""CNR8307726""",No Driver Found,"""CID5691528""",Premier Sedan,Lajpat Nagar,Udyog Vihar Phase 4,,,,,,,,,,,,,
2024-01-23,14:47:05,"""CNR6544306""",Completed,"""CID1978067""",Go Sedan,Akshardham,Sarojini Nagar,2.9,44.0,,,,,,,409.0,15.69,4.5,4.4,Uber Wallet
2024-05-15,13:59:39,"""CNR5607785""",Completed,"""CID9694859""",Go Sedan,Jahangirpuri,Indraprastha,12.1,31.4,,,,,,,506.0,3.18,3.4,4.8,UPI
2024-10-17,14:57:12,"""CNR8490508""",No Driver Found,"""CID7121716""",Bike,Tis Hazari,Greater Kailash,,,,,,,,,,,,,
2024-07-03,11:11:31,"""CNR1365970""",Completed,"""CID9786139""",Go Mini,India Gate,Rohini,14.7,21.0,,,,,,,509.0,32.82,4.6,3.8,UPI
2024-02-01,21:06:37,"""CNR1275028""",Completed,"""CID4637485""",Bike,Nirman Vihar,Gurgaon Sector 56,3.6,17.4,,,,,,,486.0,37.9,4.1,4.6,UPI
2024-09-21,13:51:39,"""CNR7654383""",No Driver Found,"""CID3267858""",Premier Sedan,Badarpur,Gurgaon Sector 56,,,,,,,,,,,,,
2024-09-20,20:24:36,"""CNR4799992""",Completed,"""CID5286187""",Go Sedan,South Extension,Sadar Bazar Gurgaon,11.8,15.1,,,,,,,67.0,30.0,4.4,4.9,UPI
2024-08-28,19:18:59,"""CNR5868981""",Incomplete,"""CID8791589""",Go Mini,Ramesh Nagar,Anand Vihar ISBT,5.9,12.6,,,,,1.0,Customer Demand,71.0,2.32,,,Cash
2024-09-30,18:14:24,"""CNR4732720""",Completed,"""CID9578202""",Go Mini,India Gate,Tilak Nagar,5.7,17.4,,,,,,,188.0,28.3,4.3,4.4,UPI
2024-09-16,16:44:42,"""CNR2440937""",Completed,"""CID4628406""",Go Sedan,ITO,Rithala,10.9,16.8,,,,,,,123.0,32.17,4.7,4.6,Credit Card
2024-04-24,07:08:13,"""CNR5861111""",Incomplete,"""CID4686644""",eBike,Badarpur,Saket,2.5,28.4,,,,,1.0,Other Issue,589.0,14.16,,,Cash
2024-04-10,15:47:58,"""CNR4260765""",Completed,"""CID1564871""",Auto,Rajiv Nagar,Yamuna Bank,12.1,15.2,,,,,,,363.0,19.74,4.1,3.3,UPI
2024-12-15,16:44:33,"""CNR3137977""",Cancelled by Customer,"""CID7979330""",Bike,Ambience Mall,Subhash Chowk,20.0,,1.0,Wrong Address,,,,,,,,,
2024-11-18,14:38:30,"""CNR5194450""",Completed,"""CID2640379""",Bike,AIIMS,Saidulajab,14.8,41.1,,,,,,,725.0,8.26,3.8,4.6,UPI
2024-03-23,10:02:43,"""CNR1534011""",Completed,"""CID1403720""",Bike,Pitampura,Ghitorni Village,3.4,37.6,,,,,,,220.0,8.73,4.3,3.2,Cash
2024-04-13,17:27:39,"""CNR6328367""",Completed,"""CID3961001""",eBike,Samaypur Badli,Pragati Maidan,11.6,27.3,,,,,,,916.0,30.18,4.2,4.1,UPI
2024-05-03,16:03:34,"""CNR3405889""",Completed,"""CID8909999""",Auto,INA Market,Rajiv Chowk,7.6,44.0,,,,,,,169.0,46.18,3.6,4.7,UPI
2024-05-06,19:01:12,"""CNR6020218""",Completed,"""CID6046770""",Auto,Anand Vihar ISBT,Gurgaon Railway Station,4.8,31.6,,,,,,,67.0,43.83,3.4,4.2,Credit Card
2024-12-04,21:30:23,"""CNR2659539""",Incomplete,"""CID7973797""",Auto,Samaypur Badli,Ashok Park Main,5.2,28.6,,,,,1.0,Customer Demand,454.0,10.5,,,UPI
2024-09-21,11:21:12,"""CNR6676405""",Completed,"""CID6178835""",Bike,Tughlakabad,Shivaji Park,3.4,38.1,,,,,,,705.0,42.58,4.9,4.3,Debit Card
2024-07-22,22:33:46,"""CNR3598153""",Cancelled by Driver,"""CID7978908""",Go Sedan,Manesar,Rajiv Chowk,12.0,,,,1.0,Personal & Car related issues,,,,,,,
2024-09-29,19:41:15,"""CNR6935426""",Incomplete,"""CID3860354""",Auto,Chandni Chowk,Ashok Vihar,3.1,29.3,,,,,1.0,Other Issue,552.0,7.0,,,UPI
2024-07-25,14:22:11,"""CNR9360705""",Incomplete,"""CID8827635""",Go Sedan,Dilshad Garden,Noida Sector 18,7.5,14.7,,,,,1.0,Customer Demand,54.0,2.06,,,UPI
2024-06-25,17:56:24,"""CNR5386050""",Completed,"""CID1542376""",Bike,Kashmere Gate,Rajiv Chowk,13.0,39.0,,,,,,,216.0,23.01,4.2,4.5,Cash
2024-01-26,12:55:05,"""CNR2372939""",Completed,"""CID4404784""",eBike,Anand Vihar,Mansarovar Park,9.0,15.7,,,,,,,415.0,16.56,3.7,4.5,UPI
2024-04-26,16:10:20,"""CNR6953912""",Completed,"""CID6316040""",Premier Sedan,Connaught Place,Rajiv Nagar,5.9,37.7,,,,,,,318.0,39.67,4.3,4.2,UPI
2024-11-03,02:07:25,"""CNR9787701""",Completed,"""CID7720232""",Go Mini,Govindpuri,Green Park,5.5,29.7,,,,,,,624.0,8.52,4.9,4.4,Cash
2024-11-01,11:05:04,"""CNR1403249""",Completed,"""CID3026631""",Go Sedan,Kadarpur,Chandni Chowk,7.2,35.2,,,,,,,267.0,49.32,4.0,3.4,Cash
2024-10-24,21:16:32,"""CNR8932073""",Cancelled by Driver,"""CID1683662""",Go Mini,Sarai Kale Khan,Golf Course Road,4.9,,,,1.0,The customer was coughing/sick,,,,,,,
2024-10-01,14:14:16,"""CNR6513939""",Completed,"""CID3630605""",Premier Sedan,Ghaziabad,Greater Kailash,12.3,15.2,,,,,,,586.0,37.56,4.6,4.6,Uber Wallet
2024-06-11,09:51:34,"""CNR3896908""",Incomplete,"""CID6439669""",Auto,Greater Noida,Samaypur Badli,3.9,13.1,,,,,1.0,Vehicle Breakdown,526.0,6.5,,,Cash
2024-01-15,08:49:04,"""CNR2948221""",Completed,"""CID9897255""",Go Sedan,Sadar Bazar Gurgaon,Sarai Kale Khan,10.5,19.5,,,,,,,543.0,27.36,5.0,4.9,Uber Wallet
2024-05-29,21:48:31,"""CNR4099121""",Completed,"""CID8921805""",Go Sedan,IGNOU Road,Civil Lines Gurgaon,13.2,19.0,,,,,,,331.0,37.7,3.7,4.3,Cash
2024-06-23,20:15:26,"""CNR9595945""",Completed,"""CID8067058""",eBike,Mandi House,Dwarka Sector 21,3.9,36.8,,,,,,,1523.0,6.26,4.2,4.8,UPI
2024-03-02,15:28:24,"""CNR4727780""",No Driver Found,"""CID2944336""",Auto,Chandni Chowk,Rajiv Chowk,,,,,,,,,,,,,
2024-04-06,16:08:40,"""CNR3597199""",Cancelled by Driver,"""CID6167539""",Go Mini,Ghitorni Village,Bhikaji Cama Place,4.2,,,,1.0,Customer related issue,,,,,,,
2024-07-14,21:36:49,"""CNR7143036""",Cancelled by Driver,"""CID3336995""",Auto,Seelampur,Sarojini Nagar,5.6,,,,1.0,Customer related issue,,,,,,,
2024-06-04,17:26:55,"""CNR7055544""",Completed,"""CID6538283""",eBike,Panipat,Palam Vihar,10.9,30.6,,,,,,,468.0,22.53,3.4,4.6,UPI
2024-11-05,06:11:41,"""CNR9522601""",Completed,"""CID7316650""",Go Sedan,Greater Noida,Saidulajab,13.1,35.5,,,,,,,116.0,5.52,4.8,3.8,Uber Wallet
2024-12-15,18:04:49,"""CNR4262978""",Cancelled by Driver,"""CID4617664""",Premier Sedan,Gurgaon Sector 29,Cyber Hub,5.7,,,,1.0,The customer was coughing/sick,,,,,,,
2024-01-14,10:42:01,"""CNR4270269""",Completed,"""CID7025657""",Bike,Hero Honda Chowk,Badshahpur,3.7,19.3,,,,,,,662.0,31.64,3.2,4.8,Cash
2024-10-12,10:40:50,"""CNR7064464""",Completed,"""CID6564011""",Bike,Kirti Nagar,Pulbangash,7.9,33.2,,,,,,,418.0,7.44,3.4,4.6,UPI
2024-01-21,12:49:26,"""CNR7673420""",Completed,"""CID3337393""",Bike,IGNOU Road,Gurgaon Railway Station,13.7,44.1,,,,,,,206.0,26.34,4.6,4.6,Cash
2024-05-31,03:55:58,"""CNR9324666""",Completed,"""CID9033516""",Go Sedan,Gurgaon Sector 29,Jhilmil,2.8,26.7,,,,,,,433.0,45.48,4.4,4.2,Cash
2024-08-15,18:09:48,"""CNR3794660""",Completed,"""CID7864399""",eBike,RK Puram,Subhash Nagar,4.3,43.7,,,,,,,364.0,6.95,3.7,5.0,UPI
2024-02-22,16:08:50,"""CNR9652330""",Completed,"""CID7251588""",Auto,Ghitorni,DLF City Court,11.4,28.6,,,,,,,315.0,20.51,4.7,5.0,Uber Wallet
2024-12-17,20:45:46,"""CNR5729022""",Completed,"""CID1908544""",Go Sedan,Samaypur Badli,Indirapuram,5.4,16.9,,,,,,,430.0,9.88,4.2,4.2,UPI
2024-08-04,12:31:53,"""CNR9693146""",Cancelled by Driver,"""CID3128313""",Go Sedan,IFFCO Chowk,Azadpur,5.4,,,,1.0,The customer was coughing/sick,,,,,,,
2024-03-28,17:19:04,"""CNR9526993""",Completed,"""CID2471413""",Go Sedan,Malviya Nagar,Dilshad Garden,9.3,25.6,,,,,,,494.0,25.57,4.6,4.7,UPI
2024-11-26,21:14:32,"""CNR3367700""",Completed,"""CID7951943""",Premier Sedan,Gwal Pahari,Mehrauli,10.9,28.7,,,,,,,976.0,4.77,4.2,4.8,UPI
2024-12-16,06:29:34,"""CNR5124710""",Completed,"""CID6034005""",Go Mini,IFFCO Chowk,Kadarpur,3.5,22.2,,,,,,,634.0,31.16,4.2,4.5,UPI
2024-05-04,00:32:39,"""CNR6094681""",Completed,"""CID9107876""",Bike,Inderlok,Rajiv Chowk,13.9,38.9,,,,,,,367.0,25.61,4.7,4.4,Cash
2024-01-24,16:45:55,"""CNR2765436""",No Driver Found,"""CID3673256""",Go Sedan,Karol Bagh,Seelampur,,,,,,,,,,,,,
2024-02-09,14:12:00,"""CNR5600859""",Completed,"""CID1786978""",Go Mini,Hauz Khas,Pataudi Chowk,14.5,28.2,,,,,,,956.0,41.32,4.2,4.6,UPI
2024-10-21,12:34:33,"""CNR5593744""",Cancelled by Customer,"""CID8579767""",Bike,Jhilmil,Sikanderpur,6.0,,1.0,Driver asked to cancel,,,,,,,,,
2024-09-04,17:45:57,"""CNR9925011""",Cancelled by Driver,"""CID7965161""",Auto,Rithala,Nirman Vihar,8.1,,,,1.0,Personal & Car related issues,,,,,,,
2024-02-07,17:29:32,"""CNR9429692""",Cancelled by Driver,"""CID6097051""",Premier Sedan,Vaishali,Udyog Vihar,3.7,,,,1.0,Personal & Car related issues,,,,,,,
2024-01-07,13:37:34,"""CNR8538741""",No Driver Found,"""CID4113635""",Premier Sedan,Ghitorni,Kalkaji,,,,,,,,,,,,,
2024-05-22,11:12:43,"""CNR9880926""",Completed,"""CID6504310""",Bike,Sikanderpur,Delhi Gate,4.7,19.8,,,,,,,88.0,44.91,4.2,4.1,Credit Card
2024-03-23,20:15:05,"""CNR9644883""",Completed,"""CID9424446""",Bike,Hero Honda Chowk,IIT Delhi,14.3,32.0,,,,,,,483.0,44.44,3.1,4.6,Cash
2024-10-29,18:57:57,"""CNR6156678""",Completed,"""CID1648723""",Auto,Ramesh Nagar,Punjabi Bagh,6.6,31.9,,,,,,,447.0,35.83,4.6,4.9,UPI
2024-02-29,17:50:42,"""CNR2290774""",Completed,"""CID1575644""",Auto,Subhash Chowk,Tughlakabad,14.0,24.6,,,,,,,314.0,25.13,4.4,4.4,Cash
2024-06-03,18:32:27,"""CNR6636069""",Completed,"""CID2735668""",Go Mini,Netaji Subhash Place,Noida Sector 62,4.7,17.0,,,,,,,725.0,42.9,4.4,4.2,UPI
2024-01-09,10:42:39,"""CNR7355516""",Completed,"""CID9571652""",Auto,Sadar Bazar Gurgaon,Faridabad Sector 15,14.5,16.8,,,,,,,293.0,41.53,4.2,4.6,UPI
2024-09-17,06:13:51,"""CNR8423860""",Cancelled by Driver,"""CID4425975""",eBike,Mandi House,Punjabi Bagh,6.3,,,,1.0,Customer related issue,,,,,,,
2024-01-05,07:31:28,"""CNR1284208""",Cancelled by Customer,"""CID3985725""",Premier Sedan,New Delhi Railway Station,Gurgaon Railway Station,18.2,,1.0,Driver is not moving towards pickup location,,,,,,,,,
2024-06-28,16:19:19,"""CNR7460055""",Cancelled by Driver,"""CID6604104""",Premier Sedan,Lal Quila,Sushant Lok,5.5,,,,1.0,Customer related issue,,,,,,,
2024-05-23,09:02:44,"""CNR2798683""",Completed,"""CID5648449""",Go Mini,Noida Sector 18,Ashram,4.9,35.5,,,,,,,195.0,26.71,4.3,4.1,UPI
2024-06-28,22:35:55,"""CNR2438928""",Completed,"""CID3505137""",Auto,Udyog Vihar Phase 4,Arjangarh,13.5,32.7,,,,,,,227.0,5.32,3.6,4.2,Debit Card
2024-05-26,11:46:53,"""CNR2050418""",Completed,"""CID1079291""",Go Mini,Gurgaon Railway Station,Pulbangash,5.9,15.7,,,,,,,327.0,20.48,4.4,4.6,UPI
2024-06-17,05:21:03,"""CNR6498990""",Cancelled by Driver,"""CID8539635""",Go Sedan,Aya Nagar,Raj Nagar Extension,7.1,,,,1.0,Customer related issue,,,,,,,
2024-07-16,18:52:34,"""CNR7072605""",Completed,"""CID3355984""",Go Sedan,Narsinghpur,Aya Nagar,3.9,39.2,,,,,,,117.0,15.06,3.7,5.0,Credit Card
2024-12-07,10:57:46,"""CNR4856181""",Completed,"""CID6862637""",Go Sedan,Netaji Subhash Place,Chirag Delhi,7.1,33.4,,,,,,,1006.0,6.16,4.2,4.2,Cash
2024-07-09,23:40:22,"""CNR6564879""",Incomplete,"""CID3400311""",Go Mini,Madipur,Kherki Daula Toll,9.5,23.6,,,,,1.0,Other Issue,218.0,10.08,,,UPI
2024-12-09,17:59:47,"""CNR6145567""",Incomplete,"""CID4660696""",Go Mini,Adarsh Nagar,Sohna Road,5.8,13.5,,,,,1.0,Vehicle Breakdown,152.0,7.96,,,Cash
2024-03-08,15:31:19,"""CNR6782133""",Completed,"""CID5176655""",Auto,Mandi House,Chandni Chowk,8.6,19.5,,,,,,,690.0,38.68,4.2,4.4,UPI
2024-04-15,09:24:40,"""CNR3762569""",Completed,"""CID1341496""",Bike,Seelampur,Sultanpur,12.8,25.0,,,,,,,105.0,37.98,4.2,4.6,Cash
2024-01-05,18:12:22,"""CNR5718814""",Completed,"""CID7183429""",Go Sedan,Pitampura,Indirapuram,12.6,18.2,,,,,,,237.0,37.79,3.8,4.8,Debit Card
2024-06-22,11:12:49,"""CNR3126260""",Cancelled by Driver,"""CID5183933""",Auto,Vishwavidyalaya,Shahdara,7.9,,,,1.0,Personal & Car related issues,,,,,,,
2024-02-20,22:37:40,"""CNR5952833""",Completed,"""CID4589207""",Go Mini,Udyog Vihar Phase 4,Chanakyapuri,12.5,17.6,,,,,,,607.0,26.81,4.2,4.3,Cash
2024-09-15,22:04:27,"""CNR2086835""",Completed,"""CID2274453""",Auto,MG Road,Hauz Rani,5.5,24.0,,,,,,,1380.0,6.94,4.5,4.9,UPI
2024-03-12,22:43:01,"""CNR6649681""",Completed,"""CID9573701""",Auto,Ghaziabad,Kadarpur,6.7,36.6,,,,,,,439.0,46.08,4.6,4.4,UPI
2024-08-29,18:54:33,"""CNR9967257""",Cancelled by Driver,"""CID6672849""",Auto,IIT Delhi,Civil Lines Gurgaon,3.6,,,,1.0,Personal & Car related issues,,,,,,,
2024-10-16,09:17:43,"""CNR2864895""",Completed,"""CID2768896""",Go Mini,Kaushambi,Model Town,7.8,44.0,,,,,,,715.0,8.79,4.6,4.9,UPI
2024-10-24,15:17:02,"""CNR2744997""",Completed,"""CID3223288""",Bike,Qutub Minar,Pitampura,6.1,32.5,,,,,,,426.0,2.68,4.4,4.6,UPI
2024-09-18,04:21:09,"""CNR7878970""",Completed,"""CID6591834""",Go Sedan,GTB Nagar,Vasant Kunj,12.5,40.1,,,,,,,457.0,3.13,4.7,4.2,Uber Wallet
2024-08-24,17:07:31,"""CNR7651916""",No Driver Found,"""CID3977902""",Go Sedan,Kadarpur,Uttam Nagar,,,,,,,,,,,,,
2024-11-06,20:29:01,"""CNR8800607""",Completed,"""CID6358430""",Auto,Paharganj,Hauz Rani,3.3,22.7,,,,,,,305.0,41.99,4.6,4.9,UPI
2024-06-05,10:28:14,"""CNR6598759""",Completed,"""CID3912739""",Bike,Chhatarpur,Netaji Subhash Place,8.1,26.5,,,,,,,82.0,13.88,3.1,4.6,UPI
2024-05-18,16:29:05,"""CNR4455496""",Completed,"""CID5120399""",eBike,Noida Extension,Vatika Chowk,10.5,34.5,,,,,,,170.0,47.58,4.3,4.7,Cash
2024-10-17,20:44:33,"""CNR5339990""",Cancelled by Customer,"""CID6992532""",Premier Sedan,Noida Sector 62,Vaishali,9.2,,1.0,Driver asked to cancel,,,,,,,,,
2024-10-24,17:06:25,"""CNR2392897""",Completed,"""CID6030474""",Uber XL,Subhash Nagar,Sonipat,11.4,21.3,,,,,,,495.0,49.51,4.5,4.2,Cash
2024-07-30,15:13:17,"""CNR8835185""",Incomplete,"""CID8236004""",Auto,Bhiwadi,Keshav Puram,7.7,29.4,,,,,1.0,Vehicle Breakdown,147.0,16.7,,,UPI
2024-07-04,14:04:41,"""CNR4636893""",Completed,"""CID8408489""",Auto,Green Park,Azadpur,2.8,24.3,,,,,,,864.0,4.26,4.3,4.8,UPI
2024-02-25,20:56:28,"""CNR2495782""",Completed,"""CID5735958""",Auto,Badarpur,Arjangarh,3.0,36.5,,,,,,,398.0,48.91,4.5,3.2,UPI
2024-05-06,13:47:51,"""CNR3717582""",Completed,"""CID5885692""",Go Mini,Hauz Khas,Bahadurgarh,6.9,27.3,,,,,,,889.0,6.33,4.4,4.4,Cash
2024-03-24,10:58:40,"""CNR7455019""",Completed,"""CID7928521""",Go Sedan,Sarai Kale Khan,Gurgaon Sector 56,7.5,32.9,,,,,,,3126.0,48.79,4.3,4.3,UPI
2024-09-01,08:01:53,"""CNR2621320""",Completed,"""CID2278160""",Go Mini,Meerut,Ashok Vihar,7.7,15.4,,,,,,,411.0,14.2,4.3,4.9,Debit Card
2024-05-05,11:09:14,"""CNR4446247""",Completed,"""CID4773691""",Premier Sedan,ITO,Kalkaji,2.5,24.7,,,,,,,434.0,3.34,3.1,4.5,UPI
2024-01-24,03:24:04,"""CNR7362287""",Incomplete,"""CID6324352""",Go Sedan,Karkarduma,Chandni Chowk,3.3,19.9,,,,,1.0,Other Issue,898.0,4.63,,,UPI
2024-09-08,17:40:47,"""CNR2011460""",Incomplete,"""CID7920452""",Bike,Samaypur Badli,Kaushambi,9.7,12.4,,,,,1.0,Vehicle Breakdown,427.0,6.43,,,UPI
2024-04-01,01:13:27,"""CNR2971843""",Completed,"""CID7488275""",Go Mini,Hauz Rani,Central Secretariat,11.0,18.0,,,,,,,142.0,6.59,4.3,4.9,Cash
2024-06-21,18:17:49,"""CNR2864958""",Completed,"""CID3128607""",Auto,Hero Honda Chowk,Sarai Kale Khan,13.2,22.4,,,,,,,765.0,8.05,4.4,4.9,Cash
2024-06-19,09:38:39,"""CNR8439500""",Cancelled by Customer,"""CID3747698""",Auto,Sadar Bazar Gurgaon,Noida Sector 18,6.0,,1.0,Change of plans,,,,,,,,,
2024-08-20,16:55:00,"""CNR8919528""",Completed,"""CID8945856""",Premier Sedan,Greater Kailash,Subhash Nagar,7.9,41.4,,,,,,,311.0,40.55,3.7,4.6,Cash
2024-10-28,16:02:33,"""CNR1053472""",Completed,"""CID4651159""",Auto,Shahdara,Lok Kalyan Marg,11.2,34.2,,,,,,,129.0,4.64,4.3,4.7,UPI
2024-11-30,05:48:11,"""CNR5200756""",Incomplete,"""CID3008627""",Bike,Raj Nagar Extension,Noida Film City,7.1,22.6,,,,,1.0,Other Issue,297.0,7.94,,,Cash
2024-10-05,17:08:02,"""CNR8448219""",Cancelled by Driver,"""CID9480767""",Go Sedan,Saidulajab,Rohini East,8.2,,,,1.0,Customer related issue,,,,,,,
2024-02-04,17:48:48,"""CNR6927372""",Completed,"""CID8472128""",Premier Sedan,Nawada,Karkarduma,9.7,37.5,,,,,,,330.0,46.14,4.2,4.1,UPI
2024-12-18,14:28:54,"""CNR7896587""",Completed,"""CID6749094""",Go Sedan,Central Secretariat,Badarpur,13.6,29.1,,,,,,,922.0,23.76,4.3,4.2,Cash
2024-11-19,23:13:55,"""CNR7804662""",Cancelled by Driver,"""CID3257696""",Go Sedan,Vinobapuri,Rohini West,5.4,,,,1.0,The customer was coughing/sick,,,,,,,
2024-05-31,07:43:39,"""CNR7139694""",Completed,"""CID7593415""",Auto,Mansarovar Park,Preet Vihar,4.2,35.7,,,,,,,54.0,16.94,3.9,4.8,UPI
2024-07-19,14:16:36,"""CNR8389770""",Incomplete,"""CID7373978""",Go Mini,Satguru Ram Singh Marg,Anand Vihar ISBT,4.5,14.6,,,,,1.0,Other Issue,438.0,6.6,,,UPI
2024-01-29,20:22:32,"""CNR4174067""",Cancelled by Customer,"""CID5628530""",Premier Sedan,Golf Course Road,Saidulajab,10.6,,1.0,AC is not working,,,,,,,,,
2024-07-08,19:34:31,"""CNR1073821""",Cancelled by Driver,"""CID9723895""",Go Sedan,Greater Kailash,Shahdara,11.3,,,,1.0,The customer was coughing/sick,,,,,,,
2024-02-14,20:50:06,"""CNR4716530""",Completed,"""CID6001137""",Auto,Madipur,Preet Vihar,3.6,37.0,,,,,,,271.0,46.29,3.3,4.5,UPI
2024-05-07,14:21:54,"""CNR1642115""",Completed,"""CID4389418""",Bike,Ashok Park Main,Ghitorni Village,4.9,34.6,,,,,,,80.0,20.06,4.2,3.0,UPI
2024-10-30,13:35:15,"""CNR8350698""",Completed,"""CID5497791""",Go Mini,ITO,Welcome,14.6,16.7,,,,,,,329.0,17.22,4.3,4.9,UPI
2024-07-24,17:38:16,"""CNR1224836""",Completed,"""CID7906761""",Go Mini,Hauz Khas,Jama Masjid,3.9,34.8,,,,,,,233.0,44.22,4.3,4.7,UPI
2024-10-08,19:06:40,"""CNR9178507""",No Driver Found,"""CID7186354""",Bike,Faridabad Sector 15,Badarpur,,,,,,,,,,,,,
2024-08-04,13:03:51,"""CNR2799580""",Completed,"""CID2338147""",Auto,Seelampur,Old Gurgaon,2.5,17.1,,,,,,,768.0,49.36,4.2,4.3,Credit Card
2024-01-31,20:27:47,"""CNR5263771""",Completed,"""CID3980975""",Auto,AIIMS,Connaught Place,2.3,16.9,,,,,,,397.0,21.95,4.2,4.2,UPI
2024-07-11,16:14:22,"""CNR9072952""",Completed,"""CID2522785""",Premier Sedan,Paschim Vihar,Nehru Place,3.7,24.3,,,,,,,152.0,6.57,4.2,4.7,Uber Wallet
2024-02-29,19:44:48,"""CNR4689478""",Cancelled by Driver,"""CID2666322""",Go Sedan,Hauz Rani,Shastri Nagar,7.8,,,,1.0,The customer was coughing/sick,,,,,,,
2024-08-12,15:32:08,"""CNR9117860""",Completed,"""CID5294926""",eBike,Jahangirpuri,Anand Vihar,13.9,41.8,,,,,,,627.0,37.79,4.1,4.8,Cash
2024-11-11,21:39:21,"""CNR2873066""",No Driver Found,"""CID2935486""",eBike,Maidan Garhi,Akshardham,,,,,,,,,,,,,
2024-04-25,21:52:27,"""CNR3212327""",Completed,"""CID5130076""",Go Mini,Jama Masjid,IIT Delhi,4.8,17.7,,,,,,,423.0,6.38,3.9,4.4,UPI
2024-07-18,17:25:41,"""CNR8233855""",Completed,"""CID5722563""",Auto,Mehrauli,Mandi House,4.6,41.4,,,,,,,145.0,29.69,4.1,5.0,UPI
2024-04-22,13:59:55,"""CNR2320087""",Completed,"""CID7740433""",Auto,Badarpur,Ashok Vihar,5.9,26.9,,,,,,,2308.0,14.93,4.1,5.0,Cash
2024-05-16,10:41:25,"""CNR8914116""",Completed,"""CID7633156""",Go Mini,Udyog Bhawan,Vidhan Sabha,2.8,40.9,,,,,,,365.0,4.56,4.4,4.5,Credit Card
2024-07-09,11:20:04,"""CNR6200831""",Cancelled by Driver,"""CID8240546""",Go Mini,Narsinghpur,Govindpuri,4.2,,,,1.0,More than permitted people in there,,,,,,,
2024-03-14,21:00:00,"""CNR3333098""",Completed,"""CID9566063""",Uber XL,Kirti Nagar,Model Town,7.6,15.9,,,,,,,673.0,10.62,4.2,3.6,UPI
2024-02-23,16:17:08,"""CNR3966448""",Completed,"""CID4889324""",Auto,Samaypur Badli,Okhla,2.3,44.6,,,,,,,439.0,37.85,4.9,4.6,Cash
2024-11-20,18:14:54,"""CNR5928918""",Cancelled by Customer,"""CID4406567""",Go Mini,Kashmere Gate,Delhi Gate,11.0,,1.0,AC is not working,,,,,,,,,
2024-04-18,15:32:37,"""CNR5433041""",Cancelled by Customer,"""CID6891391""",Go Mini,Peeragarhi,Mehrauli,8.0,,1.0,Driver asked to cancel,,,,,,,,,
2024-08-11,19:34:38,"""CNR2049669""",Completed,"""CID2992183""",Bike,Keshav Puram,Subhash Chowk,12.7,25.9,,,,,,,567.0,44.29,3.3,3.8,Uber Wallet
2024-09-22,16:34:24,"""CNR7577503""",Completed,"""CID6937152""",Bike,Rohini East,Tagore Garden,13.6,38.3,,,,,,,1563.0,48.5,4.3,3.8,UPI
2024-03-30,11:24:11,"""CNR2105815""",Completed,"""CID5202439""",Bike,Kanhaiya Nagar,Greater Kailash,6.8,20.4,,,,,,,1160.0,10.9,3.9,4.3,UPI
2024-12-28,20:44:19,"""CNR3886367""",Completed,"""CID3315636""",Auto,Malviya Nagar,Vatika Chowk,10.2,19.1,,,,,,,551.0,27.58,4.3,4.6,Credit Card
2024-07-06,20:21:16,"""CNR5836170""",Cancelled by Driver,"""CID7079920""",Go Sedan,Kirti Nagar,Gurgaon Sector 29,6.6,,,,1.0,Customer related issue,,,,,,,
2024-04-11,12:14:58,"""CNR7638892""",Completed,"""CID6877189""",Auto,Azadpur,Subhash Nagar,2.0,32.4,,,,,,,57.0,21.7,4.2,4.4,UPI
2024-03-20,04:53:41,"""CNR8440556""",Completed,"""CID6681458""",Auto,Gwal Pahari,Ashok Park Main,12.4,28.6,,,,,,,693.0,37.13,4.2,4.9,Cash
2024-05-18,12:59:41,"""CNR8451808""",Completed,"""CID5519252""",Go Sedan,Kashmere Gate,Ashok Park Main,5.4,22.8,,,,,,,495.0,40.86,3.8,4.9,UPI
2024-07-30,10:20:21,"""CNR6534088""",Completed,"""CID1742806""",Go Sedan,Sohna Road,Noida Sector 62,10.1,27.2,,,,,,,379.0,2.46,4.2,4.4,UPI
2024-07-17,20:17:53,"""CNR4728373""",Completed,"""CID5001277""",Go Mini,Mayur Vihar,Kaushambi,11.4,38.2,,,,,,,120.0,12.6,4.8,4.2,Uber Wallet
2024-05-18,18:39:31,"""CNR9733434""",Completed,"""CID1638110""",Auto,Noida Film City,Ashok Park Main,10.1,18.6,,,,,,,661.0,13.44,4.9,4.2,UPI
2024-08-10,11:05:10,"""CNR8637616""",Completed,"""CID3217637""",Go Sedan,Ashram,Jhilmil,12.0,18.3,,,,,,,513.0,26.14,4.1,4.9,UPI
2024-12-11,18:07:15,"""CNR6818023""",Cancelled by Driver,"""CID6755972""",Go Sedan,Ramesh Nagar,Madipur,11.4,,,,1.0,The customer was coughing/sick,,,,,,,
2024-03-08,20:32:00,"""CNR2319691""",Completed,"""CID6857497""",Premier Sedan,Model Town,Aya Nagar,2.1,23.2,,,,,,,205.0,40.79,3.1,4.9,Cash
2024-05-12,13:58:31,"""CNR5440257""",Cancelled by Driver,"""CID9268360""",Go Mini,Rohini East,Barakhamba Road,6.7,,,,1.0,Customer related issue,,,,,,,
2024-08-12,20:41:48,"""CNR6955422""",Completed,"""CID5734502""",Premier Sedan,Sushant Lok,Rohini West,6.6,38.4,,,,,,,519.0,26.11,4.6,4.6,UPI
2024-04-26,10:15:07,"""CNR6509752""",Completed,"""CID9507429""",Premier Sedan,Mundka,Samaypur Badli,5.2,25.7,,,,,,,684.0,27.63,3.7,4.3,Cash
2024-11-20,21:06:13,"""CNR2643643""",Completed,"""CID7339560""",Go Mini,Jor Bagh,Rohini West,13.9,41.3,,,,,,,369.0,21.37,4.2,4.3,UPI
2024-09-04,17:59:18,"""CNR8926635""",Incomplete,"""CID9301718""",Go Sedan,Anand Vihar ISBT,Panchsheel Park,2.3,24.8,,,,,1.0,Other Issue,841.0,7.66,,,Cash
2024-04-24,12:42:26,"""CNR3785675""",Completed,"""CID6089535""",Go Mini,Preet Vihar,Green Park,10.8,23.1,,,,,,,267.0,17.15,4.6,4.9,Cash
2024-06-16,07:06:00,"""CNR2361393""",Completed,"""CID2887588""",Uber XL,Vasant Kunj,Moolchand,13.1,25.7,,,,,,,134.0,5.94,4.2,4.9,UPI
2024-11-26,21:04:25,"""CNR4121991""",Cancelled by Customer,"""CID9726677""",Go Mini,Kherki Daula Toll,Preet Vihar,13.4,,1.0,AC is not working,,,,,,,,,
2024-07-05,21:53:30,"""CNR1557834""",Completed,"""CID7014667""",Go Mini,Aya Nagar,Keshav Puram,3.9,39.2,,,,,,,491.0,36.46,4.2,4.2,Credit Card
2024-08-25,15:47:43,"""CNR9587578""",Completed,"""CID1888796""",Auto,Hero Honda Chowk,Tis Hazari,10.3,42.8,,,,,,,1226.0,45.38,4.3,4.9,Credit Card
2024-08-02,17:33:44,"""CNR6466798""",Cancelled by Customer,"""CID9847589""",Bike,Dwarka Sector 21,Rohini,17.8,,1.0,Wrong Address,,,,,,,,,
2024-01-20,09:16:45,"""CNR2986601""",Incomplete,"""CID4452905""",Auto,Moolchand,Connaught Place,7.6,19.2,,,,,1.0,Vehicle Breakdown,978.0,2.42,,,UPI
2024-04-19,16:21:15,"""CNR2669890""",Incomplete,"""CID4827328""",Auto,Botanical Garden,Maidan Garhi,9.9,26.1,,,,,1.0,Other Issue,399.0,10.6,,,Debit Card
2024-12-04,09:23:27,"""CNR6582071""",Completed,"""CID2985998""",Bike,Peeragarhi,Sushant Lok,6.1,42.7,,,,,,,467.0,35.93,4.2,4.6,UPI
2024-08-08,10:36:59,"""CNR7721918""",Cancelled by Customer,"""CID9589307""",eBike,Hauz Rani,Bhiwadi,19.1,,1.0,Driver is not moving towards pickup location,,,,,,,,,
2024-02-10,22:03:37,"""CNR8736668""",Incomplete,"""CID6506432""",Go Mini,New Colony,Hauz Rani,8.5,23.3,,,,,1.0,Customer Demand,2023.0,19.09,,,UPI
2024-08-31,10:59:24,"""CNR6737110""",Cancelled by Driver,"""CID6752811""",Go Sedan,Vishwavidyalaya,Saket A Block,4.8,,,,1.0,The customer was coughing/sick,,,,,,,
2024-05-19,14:42:58,"""CNR3574785""",Completed,"""CID1828699""",Auto,Green Park,Gwal Pahari,6.4,30.5,,,,,,,918.0,37.73,4.6,4.6,UPI
2024-06-25,07:36:16,"""CNR1877239""",Cancelled by Customer,"""CID9320397""",Auto,Central Secretariat,Sonipat,9.6,,1.0,Wrong Address,,,,,,,,,
2024-10-13,18:05:55,"""CNR9678525""",Incomplete,"""CID9484762""",Go Mini,Khan Market,Madipur,7.3,28.9,,,,,1.0,Customer Demand,126.0,18.61,,,UPI
2024-11-12,19:55:16,"""CNR7850791""",Completed,"""CID4259284""",Premier Sedan,Shastri Nagar,Paschim Vihar,12.4,23.4,,,,,,,572.0,6.71,4.6,4.6,Uber Wallet
2024-01-14,19:28:41,"""CNR9628220""",Cancelled by Customer,"""CID1290036""",Uber XL,Sonipat,Jama Masjid,15.3,,1.0,AC is not working,,,,,,,,,
2024-07-11,10:35:20,"""CNR5983149""",Cancelled by Driver,"""CID2011163""",Auto,Central Secretariat,Khandsa,3.6,,,,1.0,Personal & Car related issues,,,,,,,
2024-09-03,19:29:01,"""CNR1022259""",Completed,"""CID6281803""",Auto,Dwarka Sector 21,India Gate,7.4,42.6,,,,,,,317.0,11.8,4.3,4.2,UPI
2024-12-11,17:34:18,"""CNR1271768""",Completed,"""CID3748331""",Go Mini,IIT Delhi,Moolchand,2.6,21.8,,,,,,,840.0,8.1,4.0,3.6,Cash
2024-03-10,18:15:16,"""CNR5744010""",No Driver Found,"""CID9967005""",Go Mini,Bahadurgarh,Kherki Daula Toll,,,,,,,,,,,,,
2024-12-14,19:05:34,"""CNR4334139""",Cancelled by Customer,"""CID2363274""",Premier Sedan,Greater Kailash,Indraprastha,5.4,,1.0,Change of plans,,,,,,,,,
2024-04-28,19:56:12,"""CNR5905657""",Completed,"""CID6146362""",Go Sedan,Shivaji Park,RK Puram,7.9,39.6,,,,,,,639.0,17.59,4.4,4.8,Uber Wallet
2024-03-14,23:32:02,"""CNR6244212""",No Driver Found,"""CID1787180""",Auto,Rohini West,Palam Vihar,,,,,,,,,,,,,
2024-01-01,17:02:16,"""CNR4037359""",Completed,"""CID7045701""",Uber XL,Saket,Noida Extension,2.2,27.1,,,,,,,464.0,14.22,4.7,4.2,UPI
2024-05-21,18:43:58,"""CNR4641548""",Cancelled by Driver,"""CID5553039""",Bike,Ghaziabad,Manesar,5.5,,,,1.0,The customer was coughing/sick,,,,,,,
2024-05-17,12:05:26,"""CNR9983351""",Completed,"""CID2509858""",Bike,New Delhi Railway Station,Vidhan Sabha,6.0,44.7,,,,,,,498.0,43.54,3.7,4.7,Cash
2024-02-17,18:54:29,"""CNR3061401""",Cancelled by Driver,"""CID2390477""",Go Sedan,Basai Dhankot,Anand Vihar ISBT,11.8,,,,1.0,The customer was coughing/sick,,,,,,,
2024-08-19,06:16:51,"""CNR6964802""",Completed,"""CID3956577""",Go Mini,Chanakyapuri,ITO,13.6,22.9,,,,,,,758.0,40.7,4.1,4.8,Cash
2024-11-16,10:54:23,"""CNR4273493""",Completed,"""CID6558907""",Bike,Hero Honda Chowk,Shastri Nagar,14.3,41.7,,,,,,,701.0,43.3,4.2,4.6,Cash
2024-03-24,16:34:13,"""CNR1679836""",Incomplete,"""CID8533413""",Go Mini,Rohini East,Ardee City,2.8,11.5,,,,,1.0,Other Issue,932.0,3.36,,,UPI
2024-08-28,19:27:51,"""CNR5570816""",Cancelled by Driver,"""CID4300304""",Go Sedan,Aya Nagar,Arjangarh,3.5,,,,1.0,Personal & Car related issues,,,,,,,
2024-04-19,18:27:36,"""CNR8513518""",Completed,"""CID2996530""",Auto,Kadarpur,Vishwavidyalaya,14.9,35.2,,,,,,,800.0,6.46,4.3,4.3,Uber Wallet
2024-07-11,12:19:22,"""CNR6150945""",Cancelled by Driver,"""CID6189876""",Bike,Rithala,Hauz Rani,3.9,,,,1.0,More than permitted people in there,,,,,,,
2024-01-20,11:36:47,"""CNR8502228""",Cancelled by Driver,"""CID7528001""",Auto,Patel Chowk,Tagore Garden,6.3,,,,1.0,The customer was coughing/sick,,,,,,,
2024-10-31,09:39:16,"""CNR4789750""",Completed,"""CID2162296""",Premier Sedan,Gurgaon Sector 56,Samaypur Badli,5.1,34.0,,,,,,,309.0,3.0,4.3,4.2,Debit Card
2024-03-14,09:11:00,"""CNR5925340""",Incomplete,"""CID4002814""",Premier Sedan,Dilshad Garden,IGNOU Road,7.3,18.0,,,,,1.0,Other Issue,884.0,7.56,,,UPI
2024-01-15,11:07:00,"""CNR3746795""",Completed,"""CID4697827""",Go Mini,Vatika Chowk,Azadpur,12.6,21.8,,,,,,,585.0,22.88,4.6,4.4,UPI
2024-07-16,20:23:03,"""CNR5531919""",Cancelled by Driver,"""CID5686756""",Auto,Nehru Place,Kanhaiya Nagar,7.8,,,,1.0,Customer related issue,,,,,,,
2024-09-02,13:34:30,"""CNR8304646""",Cancelled by Driver,"""CID8510184""",Go Mini,IMT Manesar,DLF City Court,7.9,,,,1.0,Customer related issue,,,,,,,
2024-01-25,20:37:56,"""CNR8401587""",Completed,"""CID8267439""",Go Sedan,Tagore Garden,Noida Sector 18,10.8,42.4,,,,,,,329.0,49.8,4.3,4.8,Uber Wallet
2024-05-05,03:28:21,"""CNR2956058""",Completed,"""CID7255823""",Premier Sedan,Badarpur,Welcome,14.1,24.6,,,,,,,841.0,39.82,4.3,4.6,UPI
2024-01-07,07:54:52,"""CNR5237846""",Incomplete,"""CID7551628""",Go Mini,Dwarka Mor,Indraprastha,4.5,13.5,,,,,1.0,Customer Demand,556.0,6.67,,,UPI
2024-11-07,20:24:18,"""CNR7153730""",Completed,"""CID5768039""",Auto,Tis Hazari,Khandsa,10.9,24.0,,,,,,,554.0,8.88,3.8,4.3,Credit Card
2024-02-10,12:03:56,"""CNR7177887""",Completed,"""CID2799900""",Go Mini,Dwarka Mor,Botanical Garden,14.1,29.6,,,,,,,122.0,27.25,4.2,3.3,UPI
2024-05-02,18:46:16,"""CNR4746226""",Completed,"""CID1621422""",Go Sedan,Samaypur Badli,Madipur,3.7,30.7,,,,,,,289.0,9.36,4.3,4.9,UPI
2024-02-03,07:08:37,"""CNR6752234""",Completed,"""CID8034907""",Bike,New Colony,Badarpur,12.5,36.0,,,,,,,459.0,33.95,3.8,4.6,Cash
2024-07-26,18:59:36,"""CNR7460686""",Completed,"""CID1400907""",Premier Sedan,DLF Phase 3,Kalkaji,5.9,44.8,,,,,,,640.0,31.85,4.6,4.6,Credit Card
2024-06-18,22:38:02,"""CNR1646586""",No Driver Found,"""CID9390069""",Auto,Ashok Park Main,Punjabi Bagh,,,,,,,,,,,,,
2024-10-31,14:04:50,"""CNR6370302""",Completed,"""CID5214970""",Bike,Kanhaiya Nagar,Moolchand,5.1,32.5,,,,,,,478.0,29.32,4.4,5.0,UPI
2024-06-08,20:01:45,"""CNR7044270""",Cancelled by Driver,"""CID4029011""",eBike,Shivaji Park,Kadarpur,11.9,,,,1.0,Customer related issue,,,,,,,
2024-06-22,06:01:03,"""CNR2405936""",Completed,"""CID3033237""",Auto,Ghitorni Village,Palam Vihar,9.1,18.7,,,,,,,3655.0,16.8,4.7,4.5,UPI
2024-12-08,09:15:11,"""CNR3852438""",Completed,"""CID1882338""",Bike,Sikanderpur,Paschim Vihar,11.2,25.6,,,,,,,780.0,47.43,4.4,4.3,UPI
2024-07-29,08:29:51,"""CNR5357818""",Completed,"""CID2042612""",Auto,Badarpur,Noida Extension,4.2,25.4,,,,,,,2166.0,13.94,3.6,4.9,Cash
2024-05-06,21:12:56,"""CNR3378724""",Completed,"""CID3071219""",Uber XL,Azadpur,Dwarka Mor,4.9,44.8,,,,,,,238.0,24.15,4.1,3.2,UPI
2024-08-17,04:36:10,"""CNR8022324""",Completed,"""CID2533719""",Go Sedan,Karol Bagh,Adarsh Nagar,13.5,22.1,,,,,,,1039.0,44.23,4.3,4.2,Uber Wallet
2024-06-19,13:48:30,"""CNR6568804""",Completed,"""CID5017781""",Premier Sedan,Delhi Gate,Nirman Vihar,12.2,16.2,,,,,,,172.0,15.01,4.2,3.3,Credit Card
2024-06-05,15:42:47,"""CNR8529232""",Cancelled by Driver,"""CID9292836""",eBike,Badshahpur,Bhiwadi,10.4,,,,1.0,The customer was coughing/sick,,,,,,,
2024-09-20,09:05:58,"""CNR5446957""",Completed,"""CID3492466""",Auto,Ashok Vihar,Satguru Ram Singh Marg,11.7,30.2,,,,,,,140.0,34.14,4.5,4.1,Cash
2024-05-09,06:44:58,"""CNR9489298""",Cancelled by Driver,"""CID5821450""",Uber XL,Kadarpur,Nawada,8.7,,,,1.0,More than permitted people in there,,,,,,,
2024-11-02,10:08:24,"""CNR2365688""",Incomplete,"""CID1370449""",Go Mini,Rajiv Chowk,Udyog Vihar,2.9,15.7,,,,,1.0,Other Issue,584.0,17.56,,,UPI
2024-10-17,19:36:16,"""CNR8026028""",Completed,"""CID3822277""",Premier Sedan,Khan Market,Kashmere Gate ISBT,10.1,26.9,,,,,,,86.0,7.97,3.6,4.9,UPI
2024-09-18,16:56:42,"""CNR1032048""",Completed,"""CID5820021""",Go Sedan,Vishwavidyalaya,Ashram,8.2,21.6,,,,,,,409.0,26.17,4.1,4.4,UPI
2024-12-13,14:50:03,"""CNR6067576""",Completed,"""CID4989432""",Auto,Badarpur,IFFCO Chowk,9.0,30.7,,,,,,,644.0,27.9,4.6,4.7,Uber Wallet
2024-01-27,19:39:20,"""CNR7230275""",Completed,"""CID1975306""",eBike,Rohini West,IGNOU Road,13.5,17.1,,,,,,,601.0,2.11,4.1,4.9,UPI
2024-12-02,23:22:37,"""CNR7782677""",Completed,"""CID3067895""",Auto,New Delhi Railway Station,Noida Sector 18,12.9,41.0,,,,,,,263.0,21.68,4.3,4.2,Cash
2024-10-06,16:42:23,"""CNR3086384""",Completed,"""CID4398783""",Go Sedan,Tagore Garden,Lok Kalyan Marg,14.1,20.4,,,,,,,716.0,43.75,5.0,5.0,UPI
2024-03-09,10:28:09,"""CNR8865400""",No Driver Found,"""CID6146558""",Go Sedan,Rohini East,Seelampur,,,,,,,,,,,,,
2024-04-10,18:07:05,"""CNR3631820""",Completed,"""CID2065095""",eBike,Shastri Nagar,Welcome,13.2,20.2,,,,,,,125.0,30.0,4.6,4.2,Cash
2024-04-28,09:19:22,"""CNR3159015""",Completed,"""CID8562479""",Auto,Udyog Bhawan,Faridabad Sector 15,8.1,23.1,,,,,,,492.0,49.69,4.2,3.9,Debit Card
2024-02-28,09:51:37,"""CNR6059095""",Completed,"""CID9828895""",Auto,Jasola,Jhilmil,4.7,32.4,,,,,,,255.0,24.25,4.2,3.6,Uber Wallet
2024-06-19,18:51:15,"""CNR3807910""",Completed,"""CID4454822""",Uber XL,Preet Vihar,Greater Kailash,7.4,20.9,,,,,,,601.0,16.17,3.8,3.7,Uber Wallet
2024-08-07,20:53:48,"""CNR5314020""",Completed,"""CID1008079""",Auto,Shastri Park,Mansarovar Park,3.8,39.5,,,,,,,177.0,47.58,3.2,4.2,Cash
2024-11-15,20:52:51,"""CNR6181937""",Cancelled by Driver,"""CID6055502""",Auto,Kanhaiya Nagar,Rajouri Garden,4.2,,,,1.0,The customer was coughing/sick,,,,,,,
2024-12-26,14:16:49,"""CNR1111152""",Completed,"""CID2894671""",Bike,Samaypur Badli,Gwal Pahari,5.4,31.3,,,,,,,1884.0,21.43,4.3,4.3,UPI
2024-06-25,10:54:18,"""CNR9324854""",Cancelled by Customer,"""CID3800315""",Premier Sedan,Kanhaiya Nagar,Rajiv Chowk,19.8,,1.0,Change of plans,,,,,,,,,
2024-10-24,09:16:17,"""CNR5156798""",Completed,"""CID9487154""",Go Mini,Azadpur,Civil Lines Gurgaon,9.7,35.8,,,,,,,134.0,25.09,3.7,4.6,UPI
2024-08-10,11:28:18,"""CNR2285116""",Cancelled by Driver,"""CID7007113""",Bike,Lal Quila,Anand Vihar,10.8,,,,1.0,Customer related issue,,,,,,,
2024-06-29,21:18:59,"""CNR3973926""",Completed,"""CID3408698""",Bike,Kaushambi,RK Puram,9.6,29.1,,,,,,,1466.0,33.91,4.8,4.9,UPI
2024-07-15,18:32:27,"""CNR4683618""",Completed,"""CID3821505""",Go Sedan,IGI Airport,Sarai Kale Khan,6.7,25.0,,,,,,,244.0,30.29,4.2,4.6,UPI
2024-02-04,11:08:56,"""CNR6961624""",Cancelled by Driver,"""CID9428688""",eBike,Jahangirpuri,Bahadurgarh,6.4,,,,1.0,More than permitted people in there,,,,,,,
2024-08-15,19:55:45,"""CNR4901918""",Completed,"""CID9150859""",Go Mini,Hauz Rani,Welcome,14.9,20.8,,,,,,,89.0,26.04,4.3,4.1,Cash
2024-08-20,09:31:25,"""CNR3362278""",Cancelled by Driver,"""CID9703994""",Auto,Yamuna Bank,Udyog Bhawan,4.4,,,,1.0,Personal & Car related issues,,,,,,,
2024-05-08,15:33:17,"""CNR1874612""",Completed,"""CID8421649""",Uber XL,Moti Nagar,Dwarka Sector 21,9.3,21.7,,,,,,,428.0,39.77,4.8,3.3,UPI
2024-07-31,11:28:18,"""CNR1769283""",Cancelled by Driver,"""CID3676682""",Go Sedan,Greater Noida,Mundka,9.0,,,,1.0,The customer was coughing/sick,,,,,,,
2024-11-23,10:17:24,"""CNR9048696""",Completed,"""CID9066245""",Auto,Chanakyapuri,Saket,4.5,30.9,,,,,,,462.0,7.15,4.9,4.3,Cash
2024-08-25,17:30:27,"""CNR5607967""",Completed,"""CID3903724""",Go Sedan,Govindpuri,Old Gurgaon,2.2,39.9,,,,,,,1004.0,4.31,4.5,4.3,UPI
2024-02-09,19:54:39,"""CNR9697471""",Completed,"""CID3974241""",Premier Sedan,Kherki Daula Toll,Anand Vihar,4.6,26.5,,,,,,,500.0,26.4,4.3,4.4,UPI
2024-10-04,14:14:23,"""CNR4748070""",Completed,"""CID6316829""",Auto,Seelampur,Kashmere Gate ISBT,8.0,36.4,,,,,,,396.0,22.96,3.4,4.5,UPI
2024-08-18,14:02:21,"""CNR7404598""",Incomplete,"""CID5959360""",Go Sedan,Bahadurgarh,Indirapuram,10.0,11.3,,,,,1.0,Other Issue,361.0,13.42,,,Cash
2024-11-24,14:04:19,"""CNR1793868""",Completed,"""CID3661385""",Premier Sedan,Kirti Nagar,Sonipat,2.3,22.9,,,,,,,909.0,35.23,4.6,4.8,UPI
2024-12-11,08:24:32,"""CNR9088142""",Cancelled by Customer,"""CID7125508""",Premier Sedan,Indraprastha,Greater Noida,15.9,,1.0,AC is not working,,,,,,,,,
2024-10-23,10:07:12,"""CNR9614937""",Cancelled by Customer,"""CID9243579""",Auto,Chandni Chowk,Gurgaon Railway Station,5.6,,1.0,Driver is not moving towards pickup location,,,,,,,,,
2024-08-21,21:57:11,"""CNR8197071""",Completed,"""CID2002058""",Go Mini,Lal Quila,Seelampur,14.1,31.3,,,,,,,532.0,33.48,5.0,4.2,Cash
2024-04-23,15:16:17,"""CNR2376834""",Completed,"""CID7784431""",Go Sedan,Kadarpur,DLF Phase 3,4.3,19.4,,,,,,,157.0,25.45,3.1,4.4,Cash
2024-08-07,17:06:26,"""CNR3989144""",Cancelled by Driver,"""CID9260464""",Go Mini,Greater Kailash,Shahdara,12.0,,,,1.0,Customer related issue,,,,,,,
2024-12-16,16:47:12,"""CNR8513377""",Completed,"""CID5979256""",Go Sedan,Gurgaon Sector 56,Chanakyapuri,10.6,34.1,,,,,,,425.0,47.04,3.9,4.4,Cash
2024-02-11,19:45:46,"""CNR8213611""",Cancelled by Customer,"""CID1400137""",Auto,Huda City Centre,Khandsa,15.1,,1.0,Wrong Address,,,,,,,,,
2024-09-27,17:49:39,"""CNR6495659""",Cancelled by Driver,"""CID9248765""",eBike,Azadpur,Nehru Place,8.1,,,,1.0,Personal & Car related issues,,,,,,,
2024-12-21,18:11:59,"""CNR3468711""",Completed,"""CID1822385""",Auto,New Delhi Railway Station,Greater Noida,13.2,30.2,,,,,,,136.0,9.35,4.3,3.5,Cash
2024-03-06,10:29:00,"""CNR7159923""",Cancelled by Driver,"""CID7562688""",Go Sedan,Subhash Nagar,Sultanpur,8.6,,,,1.0,More than permitted people in there,,,,,,,
2024-10-28,14:10:24,"""CNR8455186""",Completed,"""CID9266505""",Premier Sedan,Moolchand,Kanhaiya Nagar,12.3,18.8,,,,,,,478.0,49.6,4.6,4.3,UPI
2024-05-04,20:25:54,"""CNR3014957""",Completed,"""CID3268884""",Premier Sedan,Ashok Park Main,Sadar Bazar Gurgaon,5.8,21.5,,,,,,,188.0,6.45,4.6,4.6,UPI
2024-11-10,05:20:59,"""CNR9945071""",Completed,"""CID7690135""",eBike,Hero Honda Chowk,Govindpuri,4.3,29.6,,,,,,,1101.0,4.52,4.6,4.3,Cash
2024-01-02,06:43:01,"""CNR9346271""",Completed,"""CID7836757""",Go Sedan,Sohna Road,Pulbangash,14.8,17.5,,,,,,,410.0,47.17,4.6,4.9,Cash
2024-08-20,18:29:54,"""CNR1741163""",Completed,"""CID3193531""",Go Mini,Manesar,Anand Vihar ISBT,3.2,27.2,,,,,,,401.0,40.04,4.2,4.7,UPI
2024-02-12,10:54:55,"""CNR1908199""",Completed,"""CID3275978""",Go Sedan,Old Gurgaon,IIT Delhi,6.9,36.8,,,,,,,338.0,2.68,4.2,4.3,UPI
2024-03-14,06:09:14,"""CNR1584969""",Cancelled by Driver,"""CID6578646""",Auto,Badarpur,Jahangirpuri,9.5,,,,1.0,Customer related issue,,,,,,,
2024-01-17,10:03:07,"""CNR4219588""",Completed,"""CID2037317""",Bike,Jor Bagh,DLF City Court,2.7,40.6,,,,,,,453.0,38.05,4.4,5.0,UPI
